Variant_ID,Age,Sex,Ethnicity,BMI,Smoking_Status,Alcohol_Use,Family_History_Cancer,Cancer_Type,Gene,Variant_Type,Exon_Number,In_Functional_Domain,CADD_Phred,REVEL_Score,SIFT_Score,PolyPhen2_Score,SpliceAI_Score,GERP_RS,PhyloP_100way,gnomAD_AF,Variant_Allele_Freq,Read_Depth,Tumor_Mutational_Burden,Ki67_Index,PD_L1_TPS,CEA_ng_mL,CA125_U_mL,HRD_Score,Classification
VAR00001,77.0,Female,White,,Former,,No,Lung,TP53,Missense,21.0,Yes,9.14,,0.126,0.0,0.419,,4.04,0.5,,241.0,21.77,17.9,37.1,4.58,5.5,,Benign
VAR00002,,Male,White,36.1,Never,Heavy,,Prostate,CHEK2,,26.0,Yes,28.27,0.228,0.209,0.495,,-0.38,-6.44,5.731e-05,0.494,206.0,4.17,30.3,52.1,176.77,7.0,50.6,Benign
VAR00003,48.0,Male,White,17.3,Current,Moderate,No,Prostate,MLH1,Splice_site,,Yes,,1.0,0.0,0.475,0.793,6.2,0.89,1.61e-06,,248.0,3.8,71.5,15.2,8.21,4.5,9.4,Benign
VAR00004,57.0,Male,Asian,,Never,None,Yes,Breast,CHEK2,Synonymous,7.0,Yes,0.0,0.388,0.604,0.339,0.466,-1.32,-3.68,3.06e-05,0.208,390.0,5.39,67.5,21.2,0.43,,41.1,Benign
VAR00005,38.0,Male,Hispanic,18.5,Never,Moderate,No,Pancreatic,BRCA1,Splice_site,,Yes,1.37,0.787,0.465,0.56,,6.2,10.0,1e-07,0.638,394.0,33.43,,0.0,13.82,1.9,73.2,Pathogenic
VAR00006,60.0,Male,Other,30.7,Current,Moderate,Yes,Colorectal,PTEN,Synonymous,7.0,,,,0.345,0.0,0.0,-1.84,0.24,0.00048077,0.02,178.0,,,12.0,1.73,1.1,15.2,Benign
VAR00007,74.0,Male,Asian,24.0,Current,Moderate,Yes,Pancreatic,,,20.0,Yes,45.04,0.901,,1.0,0.0,3.22,-8.76,5.87e-06,0.02,227.0,0.0,22.3,21.9,0.29,3.4,39.7,VUS
VAR00008,50.0,Female,White,25.1,Former,Heavy,No,,MLH1,Missense,25.0,No,,0.275,0.492,,0.0,-3.69,-6.78,0.00032074,0.336,352.0,0.0,,23.4,1.72,,0.0,Benign
VAR00009,57.0,Male,Black,26.4,Former,,Yes,Prostate,CHEK2,Frameshift,,No,37.41,,0.174,0.879,0.031,0.62,10.0,,,457.0,0.32,34.5,15.2,0.45,3.8,,Pathogenic
VAR00010,18.0,Female,White,29.4,Former,None,Yes,,,Synonymous,5.0,,18.09,0.281,0.141,0.923,0.027,6.2,3.93,1.244e-05,1.0,243.0,12.4,17.4,,0.16,,37.1,Pathogenic
VAR00011,51.0,Female,Asian,20.1,Never,Moderate,,Breast,APC,Frameshift,27.0,Yes,35.64,0.835,0.0,0.791,0.142,6.2,-1.23,1e-07,0.441,163.0,0.0,,26.4,,,94.8,Pathogenic
VAR00012,48.0,Female,White,21.2,Never,Moderate,No,Pancreatic,BRCA1,Missense,22.0,Yes,4.06,0.57,0.0,0.358,0.0,6.2,,3.7e-07,0.404,430.0,10.12,27.2,16.6,0.1,1.3,,Benign
VAR00013,,,White,27.5,Former,None,No,Ovarian,PTEN,Missense,13.0,Yes,22.73,0.349,0.984,0.886,0.451,,6.98,3.4e-07,0.02,128.0,0.0,46.9,45.6,46.22,15.5,0.0,Benign
VAR00014,66.0,Male,,33.5,Former,,Yes,Breast,PTEN,Frameshift,27.0,Yes,9.8,0.0,0.212,0.847,0.542,5.51,10.0,,0.966,379.0,13.11,88.8,26.5,16.35,94.5,1.1,Benign
VAR00015,48.0,Male,Hispanic,27.4,,None,,Prostate,CHEK2,Synonymous,4.0,Yes,0.0,0.513,0.0,0.987,0.877,3.97,5.3,0.00722959,0.673,,15.02,31.1,,,17.2,39.8,VUS
VAR00016,50.0,Female,Other,,Never,Moderate,Yes,,PTEN,Missense,15.0,No,50.0,1.0,0.0,0.638,,0.37,9.58,7.081e-05,0.441,307.0,36.86,83.4,41.5,,59.1,,Pathogenic
VAR00017,47.0,Male,,,Former,None,Yes,Colorectal,APC,,5.0,,30.12,1.0,0.149,1.0,0.66,6.2,5.87,1.7e-07,0.02,281.0,11.15,38.3,3.9,52.48,62.7,25.5,Pathogenic
VAR00018,27.0,Female,White,32.3,Never,None,No,Pancreatic,APC,Missense,5.0,Yes,29.69,0.766,0.0,1.0,0.784,4.03,7.88,1e-07,0.02,,8.03,0.0,15.0,2.02,15.1,20.5,Pathogenic
VAR00019,41.0,Female,White,23.8,Former,,No,Colorectal,,Missense,10.0,No,0.0,0.0,0.738,,0.103,-6.03,-5.03,0.00060043,0.404,,24.67,0.0,,0.67,3.2,92.2,Benign
VAR00020,68.0,Female,White,,Former,Moderate,No,Breast,PTEN,Synonymous,16.0,No,17.81,0.472,0.627,,0.588,5.54,9.9,0.00184354,0.02,311.0,15.14,,17.4,3.12,24.9,62.1,Benign
VAR00021,29.0,Female,,18.9,Never,None,No,Lung,,Synonymous,5.0,No,,,1.0,0.661,0.0,-2.11,-2.09,0.03823369,0.576,,6.6,,46.7,19.83,1.1,0.0,Benign
VAR00022,46.0,,White,20.3,,None,No,Lung,,Missense,15.0,No,4.86,0.0,0.512,0.571,0.032,2.0,,,,292.0,1.74,0.0,25.4,131.05,,0.0,Benign
VAR00023,51.0,Female,Hispanic,22.7,Never,Moderate,No,Breast,,Synonymous,22.0,No,,,1.0,0.748,,2.17,-4.05,1e-07,0.02,236.0,29.81,0.0,0.0,0.3,,0.0,Benign
VAR00024,79.0,Female,White,26.3,Never,None,Yes,Colorectal,ATM,Synonymous,4.0,No,26.44,0.547,,,0.887,1.46,4.99,0.10525796,0.37,521.0,0.0,9.2,15.1,13.52,4.0,0.0,Benign
VAR00025,66.0,Female,Black,21.5,Former,None,No,Ovarian,ATM,Synonymous,1.0,No,,0.626,0.166,0.446,0.0,-3.59,-2.97,0.0102577,0.02,279.0,0.0,30.2,26.8,2.89,,49.1,VUS
VAR00026,49.0,Male,Asian,28.4,Former,Moderate,No,Breast,PTEN,Synonymous,,Yes,0.0,0.679,0.033,0.326,0.581,,10.0,,0.745,524.0,3.32,0.0,27.2,2.69,20.8,20.3,Benign
VAR00027,69.0,Female,Black,26.3,Current,None,Yes,,ATM,,11.0,Yes,,1.0,0.0,1.0,0.0,1.48,10.0,1e-07,1.0,,,69.7,18.9,19.41,7.4,29.8,Pathogenic
VAR00028,46.0,Female,White,38.6,Never,None,No,Prostate,ATM,Missense,6.0,No,34.57,0.0,0.76,0.0,0.082,-10.68,6.23,0.00355622,0.3,322.0,22.88,18.4,35.8,,19.8,14.7,Benign
VAR00029,69.0,Female,White,,Former,,,Ovarian,MSH2,Missense,24.0,No,9.3,0.0,0.613,0.479,,4.36,,,,267.0,8.18,0.0,32.5,2.61,146.4,,Benign
VAR00030,38.0,Female,White,28.3,Never,None,,Breast,MLH1,Missense,12.0,Yes,9.37,,0.0,,0.0,4.21,-3.12,,0.782,,18.81,19.6,19.3,0.18,10.2,,Benign
VAR00031,69.0,Female,Hispanic,28.4,Former,Moderate,Yes,Pancreatic,,Missense,4.0,No,0.19,,,0.574,0.0,-3.8,2.51,0.00056188,0.362,,,,26.3,,2.0,89.8,VUS
VAR00032,47.0,Female,White,22.3,Never,Heavy,Yes,Ovarian,PTEN,Missense,9.0,,17.96,0.946,0.764,0.271,,4.77,-0.98,7.11e-06,0.743,503.0,8.32,5.6,19.5,9.56,13.2,25.5,Pathogenic
VAR00033,,Male,White,28.0,Former,Moderate,,Pancreatic,APC,Missense,16.0,No,46.78,0.721,0.0,0.748,0.309,6.2,9.48,0.00031785,0.02,462.0,33.66,0.0,23.0,,204.3,55.8,Pathogenic
VAR00034,53.0,Female,Other,,Never,Moderate,No,Prostate,MSH2,Missense,,No,31.6,,1.0,,0.0,,6.58,0.00134276,0.408,323.0,0.0,17.2,25.4,56.81,1.0,,Benign
VAR00035,,Male,Black,28.0,Never,Heavy,Yes,Colorectal,PTEN,Missense,26.0,No,24.62,0.192,1.0,0.0,0.5,4.16,-2.4,1e-07,0.259,170.0,3.51,11.4,40.3,0.8,94.4,0.0,VUS
VAR00036,50.0,Female,Hispanic,34.4,Current,Moderate,No,,BRCA1,Missense,17.0,,16.69,0.0,0.0,0.0,0.031,4.26,5.15,0.01041101,,355.0,17.75,7.0,30.5,4.39,4.1,49.9,Benign
VAR00037,63.0,Female,White,16.6,,Moderate,No,,CHEK2,Missense,2.0,No,17.87,0.0,0.321,0.0,,3.76,2.4,1.8e-07,0.087,262.0,0.0,12.6,22.1,72.75,227.2,,Benign
VAR00038,46.0,Female,Other,23.3,Never,Moderate,No,,BRCA1,Missense,10.0,Yes,,0.582,0.0,0.595,0.794,2.97,10.0,1.4e-07,0.03,214.0,22.0,42.2,14.7,11.16,54.6,35.4,VUS
VAR00039,64.0,Female,,34.9,Former,Moderate,No,Breast,MSH2,Splice_site,10.0,No,0.0,0.158,1.0,1.0,0.689,-4.45,10.0,1.23e-06,0.02,390.0,0.0,9.5,33.9,11.26,67.9,,Benign
VAR00040,62.0,Female,White,32.1,,Heavy,No,Colorectal,,,4.0,No,0.0,0.438,0.347,0.0,0.0,-0.69,5.73,0.04073569,0.709,179.0,,0.0,,79.27,145.1,70.9,Benign
VAR00041,55.0,Female,Asian,30.2,Never,None,No,Ovarian,CHEK2,Splice_site,2.0,No,28.71,0.05,0.327,0.66,0.0,5.62,0.45,5.48e-06,,331.0,,15.9,20.3,56.87,223.6,0.0,Benign
VAR00042,46.0,Female,Asian,33.7,Never,Heavy,,Prostate,MSH2,Frameshift,4.0,,27.48,1.0,0.246,0.753,0.0,6.2,10.0,,0.02,369.0,0.0,0.0,16.5,7.91,272.2,3.0,Pathogenic
VAR00043,,Male,White,17.9,Never,Moderate,No,Breast,MLH1,Synonymous,19.0,,15.51,,,0.0,1.0,1.43,1.1,3.66e-06,0.776,,,65.1,23.2,25.04,1.5,11.8,Benign
VAR00044,63.0,Female,White,31.5,Current,Moderate,No,Colorectal,BRCA1,,7.0,No,11.32,0.0,0.52,0.471,0.103,-1.02,-0.87,1e-07,0.02,179.0,,35.9,10.0,,96.2,11.9,Benign
VAR00045,83.0,Female,White,32.8,Former,Moderate,No,,ATM,Missense,12.0,No,12.12,0.27,0.319,0.0,0.449,6.2,,0.00035286,0.12,504.0,0.0,59.4,0.0,,1.0,,Benign
VAR00046,64.0,Male,,24.2,Never,None,,Breast,,Missense,4.0,Yes,33.43,1.0,0.0,1.0,0.187,,,1e-07,,349.0,14.77,14.9,50.3,6.75,,30.9,Benign
VAR00047,65.0,Female,Hispanic,40.6,,None,Yes,Prostate,PTEN,Frameshift,,,38.98,0.488,,1.0,0.301,6.2,10.0,0.004223,,317.0,26.63,75.4,,,27.9,68.3,Pathogenic
VAR00048,90.0,Male,White,28.5,Current,Heavy,,Lung,,,27.0,No,0.0,0.0,0.0,0.752,0.502,-4.99,-5.7,5.434e-05,0.02,171.0,7.29,0.0,24.7,1.18,327.6,0.0,Benign
VAR00049,62.0,,White,16.5,Current,Moderate,No,,APC,Synonymous,,Yes,30.18,0.878,0.451,0.189,0.329,1.01,-6.0,0.49539791,0.722,226.0,,20.6,31.7,8.42,13.6,65.9,VUS
VAR00050,,Male,Black,29.4,Never,Moderate,Yes,Colorectal,PALB2,,9.0,No,1.11,,0.0,0.626,0.842,6.2,,8.734e-05,0.664,,29.35,,,,2.7,60.0,VUS
VAR00051,65.0,Female,Hispanic,23.9,Former,None,No,Colorectal,,Synonymous,17.0,No,11.77,0.669,0.0,0.69,0.0,-5.73,7.24,0.0187347,0.373,314.0,38.21,42.9,,12.09,70.9,39.3,Benign
VAR00052,,,White,33.3,Never,None,No,Prostate,BRCA2,Missense,11.0,No,,0.324,0.0,0.152,0.0,0.32,3.31,0.00012679,0.503,,7.91,90.2,24.2,5.49,5.0,50.1,Benign
VAR00053,50.0,,Black,30.2,Never,None,,Ovarian,PALB2,Synonymous,25.0,,5.38,0.064,,0.0,0.256,2.36,10.0,,0.02,278.0,0.06,32.6,25.8,2.7,47.7,,Benign
VAR00054,45.0,Male,Other,24.5,Current,None,Yes,Lung,TP53,Nonsense,17.0,Yes,17.61,0.169,0.569,,0.73,6.2,3.23,1e-07,0.739,476.0,24.67,0.0,4.6,,48.0,56.4,Pathogenic
VAR00055,60.0,,White,35.0,Current,Moderate,Yes,Breast,ATM,Missense,4.0,Yes,28.38,0.842,0.0,,0.626,6.2,-1.2,1e-07,0.694,,2.12,9.5,54.5,17.11,3.3,7.8,Benign
VAR00056,54.0,Female,Black,32.2,Never,Heavy,No,Colorectal,APC,Missense,3.0,No,19.58,0.741,0.816,0.319,0.0,6.2,10.0,0.01090143,,338.0,24.38,100.0,2.4,3.61,,0.0,Benign
VAR00057,58.0,Female,,23.4,Current,Moderate,No,Colorectal,APC,Missense,22.0,No,9.2,0.746,0.232,0.115,0.0,4.28,,,0.534,442.0,0.0,,37.5,11.83,1.0,50.5,Benign
VAR00058,,Female,White,,Former,Moderate,No,Breast,APC,Missense,20.0,,38.88,0.667,0.029,0.0,0.183,4.55,5.06,0.00795309,0.768,256.0,0.07,0.0,8.0,0.12,1.8,49.0,Benign
VAR00059,63.0,Female,Asian,30.1,Former,None,Yes,Colorectal,PTEN,Splice_site,20.0,Yes,40.54,1.0,0.208,1.0,0.0,0.45,-1.91,1.7e-06,,166.0,0.0,76.6,0.0,13.96,169.3,86.2,Pathogenic
VAR00060,54.0,Female,Black,25.7,Former,Moderate,No,Colorectal,BRCA1,Missense,9.0,No,4.4,1.0,1.0,0.0,0.0,-3.98,1.94,0.00012675,0.376,271.0,0.0,23.2,39.4,0.1,2000.0,,Benign
VAR00061,47.0,Male,White,25.8,Never,Moderate,,Breast,PTEN,Missense,19.0,,6.64,0.0,1.0,0.0,0.056,6.2,-0.23,0.00025292,0.02,417.0,22.53,,25.5,0.44,1.0,82.6,Benign
VAR00062,71.0,Female,White,27.7,Current,Moderate,No,Pancreatic,APC,,8.0,,13.95,0.285,0.689,0.693,0.0,-1.56,-8.17,0.02527314,0.638,324.0,10.79,,0.0,5.62,11.7,11.4,Benign
VAR00063,,Male,Hispanic,,Never,Moderate,No,Breast,MSH2,Missense,18.0,No,19.09,0.0,0.516,0.489,0.136,,10.0,0.00032726,0.069,391.0,5.26,7.3,34.5,2.51,,35.7,Benign
VAR00064,,Male,White,16.3,,None,No,Prostate,BRCA1,Missense,9.0,No,,0.886,0.742,0.0,0.002,-10.0,-4.8,0.00106106,0.099,172.0,34.7,,16.1,,11.1,100.0,Benign
VAR00065,48.0,Female,White,28.7,Never,None,,Colorectal,MSH2,,,Yes,38.03,0.529,1.0,0.201,0.119,,0.61,1.5e-07,0.348,139.0,14.66,21.7,55.4,0.11,7.1,32.2,Pathogenic
VAR00066,,Female,White,17.6,Former,,No,Breast,MLH1,Splice_site,23.0,Yes,8.97,,0.0,0.318,0.129,-0.29,2.38,0.02452105,0.07,381.0,,7.9,0.0,2.69,,79.7,Pathogenic
VAR00067,62.0,Male,Black,22.5,Never,Moderate,,Breast,BRCA1,,22.0,Yes,36.5,0.576,,0.884,0.987,1.07,-7.23,0.00405996,0.475,355.0,0.0,0.0,11.2,0.12,1129.4,0.0,Pathogenic
VAR00068,64.0,Female,Other,18.6,Never,Heavy,Yes,Lung,TP53,Splice_site,22.0,Yes,45.33,0.971,0.0,1.0,0.611,6.2,,1e-07,0.866,216.0,,,37.4,0.3,295.1,,Pathogenic
VAR00069,60.0,Female,Hispanic,19.3,Former,None,No,Lung,MSH2,,18.0,Yes,12.72,0.131,0.143,0.96,0.144,-9.55,-3.32,0.00254817,0.02,191.0,,50.3,14.9,0.76,6.7,,Benign
VAR00070,,Male,Hispanic,29.6,Never,Moderate,No,Lung,,Frameshift,18.0,No,,0.174,1.0,0.594,0.063,6.2,7.05,2.537e-05,0.343,,,7.2,7.9,16.24,90.7,0.0,Benign
VAR00071,57.0,Male,White,26.4,Never,,No,Ovarian,PALB2,Frameshift,21.0,No,0.0,0.332,,1.0,0.0,,2.79,2.23e-06,0.63,312.0,0.0,,26.7,0.22,19.5,19.5,Benign
VAR00072,47.0,,,26.2,Never,Heavy,Yes,Breast,MLH1,Missense,16.0,,16.86,0.598,,0.306,0.0,-0.17,,1e-07,,183.0,2.01,0.0,42.4,0.1,,26.7,Benign
VAR00073,49.0,Male,Other,,Former,None,No,Prostate,APC,Frameshift,24.0,Yes,0.0,0.73,0.308,1.0,0.0,,2.38,4e-07,1.0,309.0,22.79,67.6,21.7,84.63,31.8,58.2,Pathogenic
VAR00074,52.0,Female,White,,,,,Prostate,,,21.0,Yes,37.61,,0.0,0.6,0.183,-1.25,,6.2e-07,,157.0,12.65,100.0,18.8,30.04,116.3,0.0,Pathogenic
VAR00075,54.0,Male,Hispanic,29.4,Never,None,No,Ovarian,BRCA1,Missense,15.0,Yes,31.46,,0.133,0.0,0.0,-1.24,-2.68,,0.025,247.0,33.82,0.0,9.0,6.98,2000.0,,VUS
VAR00076,31.0,Male,White,27.2,Never,None,Yes,,APC,Synonymous,16.0,No,25.88,0.0,0.235,0.038,0.27,-3.26,5.99,0.5,0.384,172.0,14.82,0.0,14.5,2.29,419.4,,Benign
VAR00077,,Male,,31.6,Current,None,,Lung,PTEN,,26.0,Yes,4.2,,,0.134,0.0,-5.1,-3.48,,0.067,,0.0,0.0,2.5,199.3,97.4,0.0,Benign
VAR00078,57.0,Male,Black,32.3,,Moderate,,Colorectal,APC,Missense,14.0,No,14.91,0.519,0.73,1.0,0.37,6.2,-5.52,0.16138239,0.32,247.0,12.33,52.4,,4.84,,0.0,Benign
VAR00079,52.0,Male,White,26.2,Never,,No,Lung,ATM,Splice_site,3.0,Yes,,0.0,0.256,0.2,,-3.91,-2.61,0.30668918,0.035,465.0,8.12,61.8,35.3,,27.1,0.0,Benign
VAR00080,,Male,White,18.2,Current,Heavy,No,Breast,MSH2,,23.0,Yes,4.8,1.0,1.0,0.366,0.512,-3.79,10.0,3.932e-05,,351.0,32.55,44.4,0.0,3.42,1269.1,49.3,Pathogenic
VAR00081,,Female,White,,Former,Moderate,No,Breast,BRCA2,Missense,,No,19.73,0.652,0.537,0.706,0.027,-8.89,-8.44,0.5,1.0,173.0,17.5,0.0,12.3,6.15,66.3,55.9,Benign
VAR00082,42.0,,White,27.0,Former,Moderate,Yes,Lung,,,7.0,No,,0.448,,0.0,,,4.94,,0.654,417.0,6.95,34.4,36.0,0.53,292.0,0.0,Benign
VAR00083,35.0,Female,White,23.6,Never,Moderate,No,Pancreatic,MLH1,Nonsense,9.0,No,18.86,0.272,1.0,0.275,0.547,,8.48,0.00016063,0.434,295.0,30.48,27.8,34.3,25.54,61.2,21.9,Benign
VAR00084,47.0,Male,Asian,22.2,Never,None,Yes,Colorectal,,,1.0,Yes,20.08,0.0,0.0,1.0,0.035,3.99,3.02,1e-07,0.288,400.0,20.8,52.0,20.8,76.54,486.2,63.0,Pathogenic
VAR00085,66.0,Male,White,27.8,Former,Moderate,Yes,Breast,MLH1,Missense,,No,,0.0,0.295,0.0,0.779,,7.08,,,175.0,14.42,0.0,18.0,35.73,1.0,,Benign
VAR00086,74.0,,Hispanic,39.7,,Moderate,Yes,Breast,APC,,5.0,No,48.44,1.0,0.18,1.0,0.09,5.63,10.0,1.07e-06,0.197,383.0,34.04,0.0,22.5,,,0.0,Pathogenic
VAR00087,62.0,Female,,25.1,Never,Moderate,Yes,Colorectal,MSH2,Frameshift,15.0,Yes,,0.331,0.0,1.0,0.373,6.2,1.42,,0.654,542.0,25.0,0.0,14.5,10.93,289.7,13.3,Benign
VAR00088,36.0,Female,White,27.5,,None,No,,,,24.0,Yes,27.15,,0.358,0.49,0.0,-1.27,-4.34,0.14029991,0.157,381.0,10.07,69.4,41.9,,,72.6,VUS
VAR00089,53.0,Female,White,20.9,Never,None,Yes,Breast,MSH2,Missense,8.0,No,0.0,0.583,1.0,,0.673,0.44,-0.17,0.5,0.02,252.0,4.91,67.7,35.1,,25.0,0.0,Benign
VAR00090,59.0,Female,Asian,33.7,Former,,No,Breast,MSH2,,11.0,No,,0.129,1.0,0.0,0.0,-0.48,1.48,0.00161836,0.261,443.0,,0.0,27.7,12.41,67.1,,Benign
VAR00091,54.0,Female,,,Never,Heavy,,Lung,,Missense,19.0,,38.17,0.0,0.48,1.0,0.751,6.2,,1.25e-06,0.106,242.0,,4.5,2.9,33.87,242.1,62.8,Benign
VAR00092,63.0,Male,Asian,31.5,Former,,,,MLH1,Missense,19.0,,24.36,0.0,1.0,0.346,0.0,6.2,4.36,0.06561576,0.97,370.0,4.36,,11.5,0.1,11.8,40.0,Benign
VAR00093,43.0,Female,White,34.3,Former,Moderate,No,,BRCA1,Missense,26.0,No,19.25,0.585,0.712,0.0,0.446,-0.77,,0.00975506,0.06,564.0,0.0,59.3,11.2,0.19,2.9,0.0,VUS
VAR00094,57.0,Male,Hispanic,25.4,Never,Moderate,No,Lung,TP53,Missense,15.0,Yes,32.44,0.752,0.339,,0.0,-3.08,,0.02864449,0.295,253.0,,21.6,15.9,0.35,1.2,43.6,Benign
VAR00095,61.0,,Hispanic,26.0,,Moderate,No,,APC,Missense,21.0,No,,0.0,,1.0,0.0,0.16,0.82,,,373.0,20.24,82.8,25.7,5.09,13.2,,Benign
VAR00096,67.0,Male,Other,36.0,Never,None,No,,BRCA1,Frameshift,23.0,No,16.79,0.217,,0.756,0.0,4.87,,0.06844537,0.02,,0.0,5.8,,1.0,2.2,0.0,Benign
VAR00097,46.0,,White,30.7,Never,None,Yes,Breast,PTEN,Synonymous,12.0,No,,0.0,1.0,0.667,0.012,-1.04,9.07,2.962e-05,,425.0,0.0,0.0,25.6,0.21,3.1,0.0,Benign
VAR00098,52.0,Male,Other,16.4,Former,Moderate,No,Ovarian,TP53,Synonymous,23.0,No,,0.221,0.3,0.0,0.0,1.71,3.66,4.736e-05,,396.0,0.0,0.0,0.0,1.27,665.2,45.6,Benign
VAR00099,,Male,White,29.8,,None,Yes,Prostate,MSH2,Splice_site,27.0,No,,0.709,0.0,1.0,0.0,,10.0,0.0002901,1.0,101.0,0.0,0.0,34.7,2.48,,62.4,Pathogenic
VAR00100,48.0,,Hispanic,24.6,Current,None,No,Lung,TP53,Missense,4.0,Yes,0.0,1.0,,0.007,,6.2,-1.37,,0.79,211.0,0.0,62.2,0.0,16.57,7.6,,Benign
VAR00101,45.0,Male,White,,Current,Moderate,Yes,Breast,BRCA1,Nonsense,21.0,Yes,50.0,0.535,1.0,1.0,0.785,6.2,4.37,0.0006279,0.549,413.0,13.6,100.0,30.6,2.83,,0.0,Pathogenic
VAR00102,43.0,Female,Black,,Never,None,No,Breast,MLH1,Missense,17.0,No,20.83,0.657,1.0,0.837,0.0,-3.47,-3.2,0.04744222,0.504,283.0,27.55,38.6,14.6,52.94,11.4,100.0,Benign
VAR00103,54.0,Female,White,18.8,Former,Heavy,Yes,Breast,MSH2,Splice_site,22.0,Yes,25.05,1.0,0.206,1.0,0.118,-5.17,7.65,1e-07,0.482,,21.61,8.7,32.8,0.1,16.0,9.7,Pathogenic
VAR00104,55.0,Female,Hispanic,28.8,Never,Moderate,No,Prostate,BRCA1,Missense,15.0,,0.0,0.091,0.581,0.629,0.06,1.18,,0.5,0.02,447.0,15.64,28.8,,6.42,44.8,0.0,Benign
VAR00105,27.0,Male,,28.6,Never,Heavy,,Lung,TP53,Missense,,No,11.09,,0.933,0.154,0.245,-2.71,1.41,,,390.0,9.07,0.0,25.5,200.0,2.9,52.1,Benign
VAR00106,59.0,Female,White,29.3,Never,Heavy,No,Lung,PALB2,Synonymous,12.0,No,12.5,,1.0,0.456,0.313,-1.71,,0.00028526,0.02,227.0,0.0,9.6,3.7,1.85,,18.5,Benign
VAR00107,40.0,,Black,30.4,Never,None,Yes,,PTEN,,19.0,Yes,33.37,0.442,0.0,,0.592,0.27,6.23,1.986e-05,1.0,401.0,44.37,0.0,11.2,2.76,,56.4,Pathogenic
VAR00108,62.0,Male,Hispanic,35.0,Former,None,No,Pancreatic,PALB2,Synonymous,,No,0.0,0.0,0.488,0.445,0.548,-1.8,10.0,0.0071651,,211.0,,38.2,31.6,0.61,40.9,0.0,Benign
VAR00109,,Female,,29.6,Former,,No,Prostate,BRCA1,Missense,2.0,Yes,20.51,0.081,,0.0,0.12,-1.26,3.36,0.00011277,0.6,142.0,17.88,13.9,25.6,0.13,51.8,0.0,VUS
VAR00110,,Male,Black,27.6,Never,None,No,Breast,PTEN,Missense,6.0,Yes,21.61,0.262,0.0,1.0,0.351,4.27,,1e-07,0.851,352.0,0.0,72.4,55.2,45.72,23.1,63.9,Benign
VAR00111,51.0,Male,White,33.2,Never,Heavy,No,Ovarian,BRCA1,Synonymous,7.0,,34.92,0.185,,,0.566,-0.89,5.97,0.00439434,0.332,180.0,7.47,56.9,24.9,0.61,11.4,12.6,VUS
VAR00112,60.0,Male,Black,38.7,,None,Yes,Colorectal,,,16.0,No,34.94,0.091,0.0,0.184,0.0,-2.76,-0.3,5.6e-07,0.096,178.0,3.59,0.0,36.4,16.5,,88.4,Benign
VAR00113,58.0,Male,Black,32.1,Former,Moderate,,Colorectal,BRCA2,,1.0,No,0.0,0.254,0.0,0.0,0.0,2.91,4.18,,1.0,204.0,2.26,,15.2,5.6,121.6,0.0,Benign
VAR00114,52.0,Male,Hispanic,28.5,Former,Moderate,No,Ovarian,TP53,Nonsense,26.0,No,,0.51,0.17,0.0,0.0,,2.15,0.5,0.609,,0.0,0.0,6.9,11.36,49.9,7.2,VUS
VAR00115,,Male,Hispanic,29.7,Never,Heavy,No,Breast,MSH2,Frameshift,20.0,Yes,23.31,0.091,0.837,0.292,0.802,,-7.08,0.02630524,0.02,,8.78,100.0,43.0,,80.5,23.0,Benign
VAR00116,37.0,Male,White,28.8,Never,Moderate,No,,BRCA2,Missense,25.0,No,12.35,0.0,0.151,1.0,,0.28,-2.86,0.02181397,0.02,284.0,23.08,0.0,9.4,5.05,1.0,0.0,Benign
VAR00117,48.0,Female,White,27.6,Former,Moderate,Yes,,MLH1,,1.0,No,0.0,0.374,0.126,0.368,0.0,-3.57,10.0,0.00047687,0.665,183.0,35.4,49.3,0.0,,,0.0,Pathogenic
VAR00118,56.0,,Black,38.3,Former,None,,Colorectal,CHEK2,Missense,8.0,No,21.62,0.54,0.744,1.0,0.361,6.2,8.15,3.8e-07,0.02,192.0,29.08,70.2,0.0,3.67,4.0,18.7,Benign
VAR00119,44.0,,White,23.8,Never,Moderate,Yes,Colorectal,,Missense,13.0,No,18.46,0.559,0.181,,0.744,6.2,4.62,2.6e-05,0.465,145.0,30.7,45.6,28.7,0.1,117.3,100.0,Pathogenic
VAR00120,60.0,Female,White,33.3,Never,Moderate,,Breast,BRCA2,Nonsense,21.0,Yes,31.16,0.333,,1.0,0.53,6.2,10.0,4.191e-05,0.02,,36.92,0.0,10.0,14.93,98.7,25.1,Pathogenic
VAR00121,52.0,Female,Hispanic,26.9,Never,Moderate,No,Colorectal,PALB2,Missense,18.0,No,0.0,0.0,1.0,0.145,,-7.53,2.18,0.22168214,0.155,216.0,31.56,0.0,,200.0,89.1,0.0,Benign
VAR00122,43.0,Female,White,20.1,Former,Moderate,No,Prostate,BRCA1,Synonymous,,No,20.51,,0.047,0.232,0.0,-2.51,10.0,,0.733,340.0,0.0,,56.6,0.17,7.8,37.3,Benign
VAR00123,52.0,,White,26.6,Never,None,No,Colorectal,,Missense,9.0,,1.37,0.701,0.221,0.394,0.0,,-0.02,0.00025046,0.125,,9.52,17.8,0.0,17.95,23.6,2.2,Benign
VAR00124,59.0,Male,Other,24.8,Former,None,No,Pancreatic,,,9.0,No,22.18,0.496,0.916,0.993,0.0,-2.91,2.21,0.06191829,0.02,455.0,0.0,51.3,14.6,1.5,1394.3,0.0,Benign
VAR00125,56.0,,White,30.4,Current,Heavy,No,Lung,ATM,Missense,10.0,No,24.62,0.779,0.0,,0.025,1.61,1.48,1e-07,0.417,314.0,20.54,58.3,51.2,,43.9,74.2,Benign
VAR00126,76.0,Female,White,28.0,,None,Yes,Lung,CHEK2,Nonsense,19.0,,20.42,1.0,0.0,0.905,0.0,-1.44,5.65,0.00024662,,142.0,9.55,40.3,23.1,1.13,1.0,68.5,Benign
VAR00127,47.0,Female,White,22.4,Never,Moderate,No,Colorectal,,Missense,24.0,No,14.49,0.164,0.0,0.523,0.0,,-16.47,0.00101712,0.202,248.0,3.84,0.0,66.3,52.64,59.6,0.0,Benign
VAR00128,55.0,Female,White,34.9,Never,Moderate,,Breast,APC,Synonymous,13.0,,0.0,0.823,0.0,0.872,,,2.44,0.01312014,0.02,335.0,2.17,89.4,36.1,4.52,329.9,0.0,Benign
VAR00129,62.0,Female,Hispanic,33.0,Never,Heavy,No,Prostate,MSH2,Missense,25.0,No,36.32,0.736,1.0,,0.193,-10.38,,0.5,0.515,218.0,0.0,10.6,0.8,1.89,298.0,51.9,Benign
VAR00130,52.0,Female,Hispanic,35.4,Current,None,Yes,Lung,BRCA2,,9.0,,30.92,1.0,0.122,0.166,0.171,6.2,10.0,5.4e-07,0.279,355.0,0.0,22.0,35.5,0.18,18.1,24.2,Pathogenic
VAR00131,49.0,Female,Black,28.7,Current,None,No,Prostate,CHEK2,Missense,24.0,No,0.0,0.326,0.242,0.221,0.0,2.4,,0.00551204,0.423,456.0,,27.7,11.8,7.81,,,Benign
VAR00132,36.0,Female,,27.3,Never,Moderate,No,,,Synonymous,1.0,No,1.71,0.233,,0.788,0.0,-5.58,-1.5,0.00297446,0.02,,0.0,0.0,,23.74,116.0,11.5,Benign
VAR00133,45.0,Male,White,31.0,Current,Moderate,No,Colorectal,,,21.0,Yes,,0.782,0.88,,,6.2,1.32,1e-07,1.0,312.0,27.32,,3.9,9.34,57.2,70.3,Benign
VAR00134,42.0,,White,24.6,Never,Moderate,No,Breast,MLH1,Synonymous,,No,23.68,0.567,0.228,0.551,0.0,1.08,-2.19,0.07908438,0.649,472.0,3.74,9.2,10.2,0.22,69.5,25.9,Benign
VAR00135,,Male,Black,28.2,Former,None,No,Ovarian,,Missense,8.0,,0.0,0.0,0.782,1.0,0.0,5.77,-9.27,1e-07,0.199,336.0,0.0,10.8,35.0,,4.5,67.5,Benign
VAR00136,46.0,Female,Black,26.6,Former,,No,Colorectal,,Missense,19.0,No,2.19,,0.977,0.205,0.432,3.84,-0.79,,0.478,301.0,0.0,69.3,,122.26,44.4,,Benign
VAR00137,42.0,Female,White,20.2,Never,Heavy,No,Pancreatic,MSH2,Frameshift,3.0,No,7.22,0.938,1.0,0.08,0.0,-3.03,-6.92,5.076e-05,1.0,,0.0,0.0,0.0,1.76,4.9,0.0,Benign
VAR00138,64.0,Male,Hispanic,28.1,Never,Moderate,Yes,Prostate,BRCA2,Missense,23.0,No,32.29,0.464,0.133,0.448,,3.54,-2.96,,0.844,324.0,0.0,16.4,29.4,21.65,10.8,3.5,Benign
VAR00139,64.0,Female,,25.3,Former,Heavy,No,Colorectal,BRCA1,Missense,14.0,No,23.74,0.614,0.0,0.295,0.351,3.74,-0.49,0.00202214,0.984,362.0,4.76,0.0,17.6,1.54,1.3,22.8,Benign
VAR00140,44.0,Female,White,,Never,Heavy,Yes,Colorectal,ATM,Synonymous,,No,33.05,0.0,0.009,0.334,0.0,5.3,2.88,,0.604,,9.53,8.9,,1.69,2.5,1.9,Benign
VAR00141,53.0,Male,Black,29.3,Current,,No,Breast,ATM,Missense,25.0,No,8.49,0.0,,0.105,0.556,5.04,-9.6,0.00133518,,439.0,10.76,52.9,8.2,,1.0,63.1,Benign
VAR00142,32.0,Female,Black,33.9,Never,Moderate,Yes,Ovarian,TP53,Missense,25.0,,30.57,0.332,1.0,0.065,0.0,6.2,-1.36,,0.597,457.0,9.19,12.6,40.4,,1.0,,Benign
VAR00143,,Male,,23.3,Never,Moderate,Yes,Pancreatic,ATM,,7.0,No,27.96,0.161,0.925,,,4.83,5.12,1.74e-06,1.0,586.0,,6.5,34.9,0.94,1.8,0.0,Benign
VAR00144,,Male,,25.8,Current,Moderate,No,,BRCA2,Missense,26.0,Yes,38.97,0.222,0.0,1.0,0.032,1.23,10.0,7.3e-07,0.774,126.0,27.04,0.0,,5.15,,37.5,Pathogenic
VAR00145,67.0,Male,Black,23.7,,Moderate,Yes,Colorectal,MSH2,Synonymous,6.0,Yes,20.24,0.526,1.0,0.0,0.045,1.31,0.33,,0.02,318.0,0.0,51.0,,18.7,32.4,18.7,Benign
VAR00146,43.0,Male,Asian,,Never,None,Yes,Prostate,MSH2,Frameshift,22.0,Yes,18.64,1.0,0.0,0.471,0.231,0.03,10.0,0.00014774,0.548,226.0,0.0,0.0,20.9,5.9,311.7,21.0,Pathogenic
VAR00147,70.0,Female,Black,24.5,Never,Heavy,No,Breast,TP53,Missense,22.0,No,36.8,,0.142,0.0,0.0,,5.21,0.00011688,0.669,386.0,0.0,,38.3,2.28,5.9,44.0,Benign
VAR00148,35.0,Male,Black,26.5,Never,Moderate,No,Pancreatic,MLH1,Missense,14.0,,,0.691,0.261,0.202,0.0,-2.33,2.6,0.00017991,0.464,449.0,8.9,0.0,12.0,4.43,1.0,47.6,VUS
VAR00149,40.0,Female,Black,30.4,Never,,Yes,Lung,TP53,Synonymous,16.0,No,16.82,1.0,0.265,0.214,0.0,6.2,8.63,0.0001174,0.671,319.0,0.0,0.0,0.0,68.76,42.9,32.8,Benign
VAR00150,61.0,Male,White,29.1,Never,Moderate,Yes,Breast,PALB2,Missense,11.0,Yes,38.66,1.0,0.0,0.323,,,3.31,1e-07,0.26,281.0,21.86,43.8,9.8,0.63,38.4,80.0,Benign
VAR00151,78.0,Male,White,,Never,Moderate,No,Lung,PALB2,Synonymous,11.0,Yes,0.0,0.071,1.0,,0.323,0.3,-5.8,6.83e-06,0.26,262.0,0.0,0.3,,,12.9,69.4,Benign
VAR00152,62.0,Female,White,34.0,Never,Moderate,No,Breast,PTEN,Missense,14.0,No,,0.0,0.186,0.437,,-0.68,7.89,0.00248402,0.53,294.0,29.65,43.9,11.1,16.79,1.5,57.2,VUS
VAR00153,,Female,Asian,32.2,Current,Moderate,No,,ATM,Missense,24.0,Yes,11.2,0.285,0.0,0.0,0.0,-2.76,4.14,4.081e-05,0.513,357.0,,40.9,,1.74,7.3,49.0,Benign
VAR00154,27.0,Female,Hispanic,23.0,,None,No,Ovarian,MLH1,Frameshift,14.0,No,6.21,,0.837,0.0,0.0,-1.91,7.38,,0.084,356.0,0.61,43.8,35.9,32.51,94.6,17.3,Benign
VAR00155,26.0,Female,Asian,33.6,Never,Moderate,,Breast,TP53,Nonsense,,Yes,,1.0,0.0,1.0,0.451,5.85,10.0,1e-07,0.02,,2.31,59.3,32.9,35.61,2.1,29.7,Pathogenic
VAR00156,58.0,Female,White,29.1,,,Yes,Lung,PTEN,Missense,20.0,No,31.51,0.177,0.098,0.0,0.039,0.58,10.0,,0.02,299.0,3.87,38.7,5.7,14.26,1.0,96.8,Benign
VAR00157,51.0,Male,White,26.7,Current,,No,Colorectal,MLH1,Frameshift,25.0,Yes,0.0,,,0.572,0.0,-1.44,-8.34,0.09237345,0.33,417.0,,58.1,14.2,0.17,25.8,33.9,Benign
VAR00158,42.0,Female,Black,29.3,Current,,No,Breast,BRCA2,Missense,24.0,No,0.0,0.712,0.195,0.0,0.0,1.89,-1.43,,0.427,219.0,0.41,33.1,6.3,0.8,2.5,0.0,Benign
VAR00159,57.0,Male,,27.4,,None,No,Prostate,PALB2,Missense,10.0,No,0.0,0.0,0.328,0.305,0.0,-1.97,-1.01,0.5,0.263,178.0,0.0,27.0,30.8,0.61,110.9,15.0,Benign
VAR00160,,Male,White,30.2,Never,Moderate,Yes,Breast,CHEK2,Synonymous,24.0,No,19.72,0.663,0.571,,,,8.15,1.387e-05,0.365,428.0,5.93,11.0,4.0,11.25,7.9,4.5,Benign
VAR00161,68.0,Male,Hispanic,28.4,,None,No,Lung,ATM,,12.0,No,21.26,0.234,,0.0,0.0,6.2,3.15,1.964e-05,1.0,363.0,0.0,28.8,6.6,16.35,1.4,49.9,Benign
VAR00162,,Female,Black,25.8,,None,,Lung,,Splice_site,3.0,No,17.54,0.0,0.34,,0.368,,8.17,0.01823264,0.141,261.0,21.06,39.8,23.8,1.45,25.6,5.9,Benign
VAR00163,68.0,Male,Black,,,Moderate,No,Breast,CHEK2,Frameshift,3.0,,42.36,0.822,0.0,1.0,1.0,3.42,8.28,1e-07,0.673,,21.7,58.6,6.7,2.93,36.7,0.0,Pathogenic
VAR00164,53.0,Male,White,30.1,Current,Moderate,Yes,Pancreatic,,Frameshift,6.0,Yes,25.52,,0.121,1.0,0.811,-1.85,4.53,8.974e-05,1.0,267.0,23.4,23.9,52.2,200.0,28.4,63.5,VUS
VAR00165,55.0,Male,White,25.6,,Moderate,Yes,,PALB2,Missense,10.0,,0.0,0.0,,0.275,0.078,-1.04,5.09,0.00035626,0.02,343.0,,100.0,,3.75,1.3,0.0,Benign
VAR00166,,Male,White,31.4,Never,None,No,Breast,APC,Synonymous,11.0,Yes,,0.125,0.859,0.0,0.0,,2.45,0.44234458,1.0,336.0,0.0,82.3,35.2,,346.5,0.0,Benign
VAR00167,,Male,White,29.9,Never,Heavy,Yes,Colorectal,MSH2,Nonsense,,No,8.12,0.629,,1.0,0.22,2.39,8.96,0.00051987,0.928,160.0,13.22,,37.9,3.03,9.3,86.9,Pathogenic
VAR00168,90.0,Female,White,25.8,Current,Moderate,No,Lung,MSH2,Synonymous,,No,4.42,0.542,0.78,0.0,0.0,-4.66,4.91,0.000446,,179.0,4.68,17.6,0.0,,607.3,0.0,Benign
VAR00169,61.0,Male,White,32.6,Never,Moderate,No,Breast,MLH1,Synonymous,1.0,Yes,,0.043,,0.0,0.0,2.14,3.53,1e-07,,334.0,28.18,85.7,17.3,,1.0,0.0,Benign
VAR00170,58.0,Female,,28.5,Former,None,No,Ovarian,MLH1,Frameshift,25.0,Yes,26.36,0.0,0.0,0.197,0.0,5.77,10.0,0.00480661,1.0,384.0,5.32,0.0,6.3,6.03,269.6,45.9,VUS
VAR00171,63.0,,White,28.3,Current,Moderate,No,Colorectal,MSH2,,7.0,No,8.36,0.0,1.0,0.0,,3.29,1.13,7.995e-05,1.0,,0.0,0.0,38.3,3.95,61.5,,Benign
VAR00172,76.0,Female,White,26.8,Never,Moderate,Yes,Lung,TP53,Missense,18.0,,,,0.12,0.745,0.0,-0.84,7.57,2.2e-06,0.228,163.0,6.56,100.0,20.6,2.09,19.3,31.1,Pathogenic
VAR00173,65.0,Female,White,35.9,Never,,,Ovarian,CHEK2,Missense,14.0,No,50.0,0.0,0.169,,0.615,6.2,-2.96,5.31e-05,1.0,,21.53,6.5,38.0,0.46,1.0,47.2,VUS
VAR00174,,Female,Hispanic,23.9,Never,Moderate,Yes,,BRCA2,Frameshift,10.0,Yes,15.0,,0.819,0.19,0.706,2.58,10.0,2.193e-05,0.02,77.0,20.46,0.0,51.4,5.04,46.0,84.3,Pathogenic
VAR00175,74.0,Female,White,25.9,Former,Moderate,No,Breast,PALB2,Missense,7.0,No,9.9,,0.0,0.0,0.019,,10.0,7.502e-05,0.473,277.0,,0.0,53.1,64.47,1.0,0.0,Benign
VAR00176,52.0,Male,White,21.3,,Moderate,No,Breast,TP53,Missense,2.0,No,23.8,0.0,0.0,0.0,,5.16,-10.55,4.56e-06,0.275,385.0,,0.0,,1.35,5.9,20.8,Benign
VAR00177,57.0,Female,White,31.1,Never,Moderate,No,Lung,,Missense,3.0,No,8.67,0.0,0.864,0.424,0.168,6.2,4.84,0.00590606,0.02,293.0,10.77,52.0,0.8,22.6,,,Benign
VAR00178,39.0,Male,White,24.6,Never,None,No,Ovarian,CHEK2,Missense,19.0,Yes,0.0,0.133,0.88,,0.0,-0.93,-0.12,0.26602049,0.245,148.0,13.93,19.4,0.7,1.08,11.0,,Benign
VAR00179,61.0,Female,Black,25.1,Never,Moderate,Yes,Breast,ATM,Missense,13.0,,27.96,,1.0,0.0,0.944,-1.74,,0.00010329,0.398,486.0,11.57,0.0,42.4,0.1,14.6,38.4,VUS
VAR00180,44.0,Male,White,24.9,Never,,Yes,Breast,ATM,Nonsense,,Yes,6.9,0.67,0.0,1.0,0.127,6.2,,,,321.0,8.11,0.0,35.5,1.66,1164.0,0.0,Pathogenic
VAR00181,,Female,White,27.8,Never,None,,Lung,APC,Missense,4.0,Yes,50.0,0.812,0.461,0.873,0.0,-1.26,6.31,1e-07,0.804,343.0,12.57,58.5,34.2,0.16,54.9,,Benign
VAR00182,52.0,,Hispanic,21.2,Former,,No,Colorectal,PALB2,Missense,26.0,No,12.45,0.319,0.0,0.616,0.108,,,,0.064,,,20.5,31.9,11.87,1189.4,22.1,Benign
VAR00183,81.0,Female,White,16.3,Never,None,No,Ovarian,BRCA2,,3.0,No,,0.335,0.755,0.0,0.277,-4.2,-1.47,0.0686422,0.199,300.0,20.47,68.6,14.6,0.1,7.9,27.6,Benign
VAR00184,81.0,,Black,,Former,Heavy,Yes,Lung,MSH2,Nonsense,20.0,No,0.0,0.0,0.425,0.637,0.0,2.9,10.0,0.00039078,0.989,290.0,5.43,0.0,23.6,3.33,,19.8,VUS
VAR00185,53.0,Male,White,16.9,Current,,Yes,Lung,TP53,Splice_site,26.0,No,9.86,,0.456,1.0,0.973,4.07,5.03,1e-07,0.245,455.0,0.0,26.5,,,27.4,62.2,Benign
VAR00186,57.0,Male,Black,31.8,Former,None,No,Breast,,Missense,5.0,No,,0.763,0.435,0.236,0.116,-3.68,-4.0,0.00398558,0.02,230.0,37.63,0.0,24.0,0.67,41.5,34.0,Benign
VAR00187,47.0,Female,White,35.3,Former,Moderate,,Ovarian,MLH1,Frameshift,13.0,,50.0,0.0,0.535,1.0,0.105,0.54,8.69,6.4e-06,0.414,,2.8,12.0,10.3,30.68,5.2,81.4,Benign
VAR00188,70.0,Female,,26.7,Never,Moderate,,Breast,TP53,Missense,25.0,No,,0.328,0.144,0.458,0.0,5.63,-4.46,0.00199344,0.396,196.0,0.0,33.9,51.0,1.92,32.9,11.7,Benign
VAR00189,48.0,Female,White,34.0,Former,Moderate,Yes,Prostate,CHEK2,Frameshift,22.0,No,33.47,0.244,0.0,,0.512,6.2,,1e-07,0.419,240.0,0.0,18.6,0.4,4.66,85.9,0.0,Pathogenic
VAR00190,51.0,Female,Other,27.4,Never,Heavy,No,Breast,PTEN,,6.0,Yes,14.08,0.819,0.644,1.0,0.074,-2.67,10.0,0.01050685,0.711,352.0,,0.0,14.5,2.03,24.2,,Benign
VAR00191,69.0,Male,,35.5,Never,None,Yes,Ovarian,PTEN,Synonymous,5.0,No,45.23,,,0.0,0.55,-2.05,0.52,0.00628831,,477.0,,72.9,48.3,1.08,1.0,9.3,Benign
VAR00192,49.0,Female,Asian,25.2,Former,Moderate,No,Colorectal,PALB2,,10.0,No,1.05,0.537,0.958,0.805,0.391,-3.2,-7.73,0.0266664,0.098,336.0,0.0,27.0,38.7,0.46,221.0,0.0,Benign
VAR00193,52.0,,,16.0,Never,Moderate,Yes,Colorectal,BRCA1,Frameshift,13.0,Yes,48.69,0.273,0.241,1.0,0.0,,2.76,4.58e-06,,166.0,13.87,61.4,0.0,0.13,72.1,2.9,VUS
VAR00194,31.0,Male,White,27.1,Never,None,Yes,Prostate,BRCA1,Missense,8.0,Yes,21.72,0.9,0.354,1.0,0.379,,10.0,0.00350517,0.715,398.0,4.84,,0.0,11.09,117.0,32.9,Benign
VAR00195,65.0,Female,White,36.0,Former,Heavy,No,Ovarian,APC,Synonymous,3.0,No,0.0,,1.0,0.0,0.0,2.9,1.47,0.00248516,,233.0,0.0,9.0,3.5,4.63,726.2,50.3,Benign
VAR00196,81.0,Female,White,30.2,Never,Moderate,,Breast,MLH1,Missense,14.0,Yes,6.75,0.0,0.734,0.0,0.653,1.65,5.22,0.5,0.283,390.0,0.0,9.2,24.1,27.25,,,Benign
VAR00197,,,Other,24.9,,,No,Lung,MSH2,Missense,12.0,No,6.67,0.247,0.048,0.0,,3.35,-3.19,0.00883118,0.47,352.0,,0.0,23.1,5.75,94.5,0.0,Benign
VAR00198,,Female,Black,29.1,Never,None,No,Lung,MSH2,Synonymous,9.0,Yes,16.85,0.459,0.858,1.0,0.125,-7.0,-1.8,3.65e-06,0.396,155.0,0.0,53.8,21.4,,118.3,0.0,Benign
VAR00199,45.0,Female,White,32.4,Never,None,No,,,Nonsense,23.0,No,0.0,0.0,0.536,0.456,0.0,1.75,4.79,0.28037725,0.224,360.0,2.07,0.0,32.4,1.76,9.1,0.0,Benign
VAR00200,55.0,Male,White,27.1,Never,,Yes,Lung,CHEK2,Frameshift,8.0,Yes,30.33,1.0,0.0,0.186,0.0,6.2,10.0,3.2e-07,0.721,184.0,,46.2,22.5,16.53,40.5,60.6,Pathogenic
VAR00201,40.0,Female,Hispanic,40.6,Never,None,Yes,Colorectal,PALB2,Frameshift,25.0,,18.57,0.825,0.0,0.347,,5.85,4.06,2.1e-07,0.754,469.0,0.0,59.7,39.2,50.14,5.8,0.0,Pathogenic
VAR00202,53.0,Male,White,,Never,Heavy,Yes,Breast,TP53,Synonymous,1.0,No,0.0,,,,0.0,0.74,1.04,0.5,0.584,,15.71,0.0,,1.06,1.0,13.8,Benign
VAR00203,66.0,Male,White,32.5,Former,None,No,Pancreatic,PALB2,Missense,15.0,No,0.0,0.0,0.801,0.825,,,7.73,2.18e-06,0.609,302.0,0.0,,0.0,25.24,2.9,42.2,Benign
VAR00204,57.0,Male,,31.3,Current,,Yes,Lung,,Missense,26.0,No,2.25,0.261,0.082,0.224,0.263,-2.09,1.63,,0.02,216.0,,0.0,23.6,2.11,1.0,32.3,Benign
VAR00205,,Male,White,24.0,Former,Moderate,,Breast,BRCA1,Nonsense,8.0,Yes,19.86,0.935,0.0,1.0,0.0,,10.0,7.3e-07,,475.0,10.28,0.0,18.1,1.24,1.0,37.7,Pathogenic
VAR00206,39.0,Female,,25.4,Never,None,No,Colorectal,BRCA2,,18.0,,1.28,0.0,1.0,0.201,0.172,1.51,-3.86,0.01375806,0.02,150.0,0.0,,26.9,0.65,3.2,76.9,Pathogenic
VAR00207,38.0,Female,Hispanic,32.6,Former,None,No,Colorectal,,Splice_site,20.0,No,0.0,0.019,0.972,0.698,0.439,-1.71,0.82,0.33536073,0.82,576.0,8.87,47.9,17.7,1.36,2000.0,0.0,Benign
VAR00208,62.0,Female,White,28.2,,Moderate,No,Breast,MLH1,Missense,10.0,No,,0.329,0.499,0.12,0.331,-7.01,-2.07,0.00160117,0.02,280.0,0.0,0.0,0.0,2.74,1.2,28.4,VUS
VAR00209,80.0,Male,White,29.2,Current,,No,Lung,,Frameshift,18.0,No,7.69,0.0,,0.781,0.137,6.2,-6.35,1e-07,1.0,258.0,0.0,60.5,30.2,42.23,102.2,22.8,VUS
VAR00210,70.0,,Hispanic,,Never,None,,Lung,BRCA1,Missense,18.0,Yes,2.25,1.0,0.0,1.0,0.47,6.2,0.93,1e-07,0.02,405.0,28.94,72.3,34.5,200.0,1.0,43.3,Pathogenic
VAR00211,31.0,Female,White,,Never,Moderate,No,Breast,TP53,Missense,13.0,No,0.0,,0.466,0.0,0.104,,,2.06e-06,0.486,316.0,1.14,1.4,0.0,1.58,37.0,48.5,Benign
VAR00212,70.0,Female,,28.9,Never,Heavy,No,Pancreatic,BRCA2,Splice_site,11.0,No,15.81,0.817,,0.52,1.0,0.54,9.98,1e-07,0.366,226.0,,43.5,53.1,0.27,209.1,,Pathogenic
VAR00213,64.0,Female,White,27.2,Former,Moderate,Yes,Pancreatic,,Missense,13.0,,,1.0,,0.741,1.0,2.56,10.0,9.6e-07,0.715,,10.69,87.0,38.9,1.44,2.6,0.0,Benign
VAR00214,36.0,Female,Black,29.3,Never,Heavy,Yes,Breast,APC,Missense,5.0,No,0.0,0.0,,0.369,0.311,2.86,4.01,0.04484635,1.0,265.0,0.0,82.1,5.8,1.31,3.6,0.0,Pathogenic
VAR00215,52.0,Male,Other,,Current,Moderate,No,Colorectal,APC,Synonymous,14.0,,,0.2,0.05,0.929,,0.62,-0.6,0.5,0.449,244.0,0.0,0.0,2.2,4.44,1.8,48.7,Benign
VAR00216,66.0,Female,Black,24.5,Never,,Yes,Prostate,TP53,Missense,,Yes,14.01,1.0,0.0,,0.437,1.62,-5.05,4.133e-05,0.915,409.0,23.21,3.0,25.6,0.11,135.1,0.4,Pathogenic
VAR00217,63.0,Female,White,26.3,Former,None,No,Ovarian,TP53,Missense,10.0,No,0.0,0.205,0.968,0.154,0.071,6.2,,,0.995,329.0,13.17,11.3,24.3,22.71,36.2,0.0,Benign
VAR00218,35.0,Female,Hispanic,25.2,Never,Moderate,Yes,Pancreatic,APC,Frameshift,7.0,Yes,45.91,0.0,,1.0,0.536,0.95,10.0,0.00112663,0.26,371.0,12.39,,33.2,0.75,281.5,64.1,Pathogenic
VAR00219,,Female,White,38.4,Never,Moderate,No,Breast,ATM,Missense,,,28.44,,0.101,0.118,0.0,,-4.51,0.00076661,0.502,274.0,20.3,70.5,30.8,4.7,12.2,54.3,Benign
VAR00220,,Female,Asian,32.1,Never,Moderate,,Lung,TP53,Synonymous,1.0,No,30.35,0.209,0.441,0.188,0.867,0.9,0.33,0.00353289,0.925,,4.96,38.5,32.6,1.91,1.0,49.4,Pathogenic
VAR00221,53.0,Male,,,Former,,No,,,Synonymous,2.0,No,0.0,0.59,0.24,,0.0,1.09,1.2,5.99e-05,0.498,244.0,21.65,,2.0,0.61,1.2,0.0,Benign
VAR00222,71.0,Female,White,37.7,,Moderate,No,Ovarian,ATM,Missense,6.0,Yes,28.43,0.024,0.0,0.083,0.584,0.76,-7.93,0.00063045,0.104,219.0,26.66,65.0,19.5,41.28,,6.4,Benign
VAR00223,56.0,Male,White,25.3,Never,Moderate,,Lung,,Synonymous,16.0,Yes,14.41,0.0,1.0,0.338,0.0,2.33,2.89,0.0002334,,,,50.5,28.2,0.96,2.2,2.2,Benign
VAR00224,48.0,Female,White,27.6,Former,,No,Breast,APC,Missense,,No,1.68,0.0,0.308,0.093,0.06,-0.61,,1e-07,0.455,477.0,14.07,,17.7,0.42,5.5,5.0,VUS
VAR00225,68.0,Female,White,32.0,Current,None,No,,MSH2,,14.0,Yes,0.0,,,0.862,0.0,5.17,0.68,0.09135484,0.564,257.0,0.0,41.3,33.6,7.56,5.6,0.0,Benign
VAR00226,69.0,Female,Black,17.7,,None,No,Breast,PTEN,Splice_site,4.0,No,,0.312,0.0,0.0,0.136,-5.72,-0.9,0.00646863,0.128,,,77.4,41.4,15.67,12.3,69.5,Benign
VAR00227,,Female,Hispanic,26.3,,Heavy,Yes,Breast,,Missense,,No,,0.813,0.797,0.162,0.0,0.4,-6.5,0.2225767,0.452,344.0,0.0,0.0,7.1,1.63,,,Benign
VAR00228,67.0,,,24.6,Never,None,Yes,Breast,CHEK2,Missense,13.0,,,0.879,0.0,0.716,0.622,-2.35,-0.93,4.734e-05,0.291,306.0,,39.9,21.4,3.63,130.0,0.0,Benign
VAR00229,,,White,28.5,Current,Moderate,No,,BRCA1,Nonsense,9.0,Yes,27.97,0.442,1.0,0.445,0.348,6.2,9.91,0.0001344,0.312,200.0,35.61,100.0,,37.49,78.4,64.6,Benign
VAR00230,62.0,Male,White,29.4,Never,,Yes,Breast,BRCA2,Missense,2.0,Yes,22.51,0.407,0.0,1.0,,1.19,6.46,1e-07,1.0,190.0,11.74,24.7,14.4,3.2,15.5,44.3,Benign
VAR00231,,Male,White,27.1,Current,Heavy,Yes,Breast,BRCA2,Missense,17.0,Yes,,0.722,0.92,0.0,0.044,5.12,3.73,5.327e-05,0.304,402.0,0.0,14.0,0.0,2.97,10.2,,Benign
VAR00232,57.0,,,26.9,Former,Moderate,Yes,Breast,PTEN,Missense,6.0,,6.21,0.46,0.54,,0.0,0.89,7.14,,0.033,,15.82,2.5,29.4,12.89,4.9,0.0,Benign
VAR00233,53.0,Female,White,32.8,Never,None,Yes,Prostate,TP53,Synonymous,14.0,No,5.31,0.0,0.46,0.151,0.344,1.39,-0.85,7.17e-06,0.02,417.0,5.88,18.1,73.6,1.81,7.2,0.1,Benign
VAR00234,,Male,Asian,29.0,,None,No,Breast,MLH1,Synonymous,20.0,Yes,11.43,0.593,0.664,1.0,0.561,-1.35,0.06,,,269.0,29.91,70.3,,0.62,69.0,29.5,VUS
VAR00235,44.0,Male,Other,27.7,Former,Moderate,No,Lung,,Missense,3.0,No,6.22,0.364,0.09,0.276,0.0,2.16,,0.5,0.286,64.0,,18.2,63.2,2.45,12.0,43.5,Benign
VAR00236,48.0,Female,,28.2,Former,None,No,Breast,MSH2,Nonsense,19.0,Yes,6.54,0.268,0.425,0.988,,4.93,10.0,1e-07,0.823,391.0,12.02,85.6,45.2,0.66,78.3,13.2,Pathogenic
VAR00237,59.0,Female,Hispanic,36.7,,Moderate,No,,PALB2,Missense,,No,0.0,0.0,0.971,0.803,0.0,2.06,-0.17,0.5,0.02,408.0,7.34,38.3,8.5,2.14,21.5,0.0,Benign
VAR00238,,Female,,28.4,Current,None,No,,,Missense,14.0,No,46.52,,0.556,0.0,0.0,6.2,-4.78,1.7e-07,0.02,384.0,10.31,57.4,29.6,18.85,4.1,,Benign
VAR00239,55.0,Male,White,24.9,,None,No,Ovarian,CHEK2,Nonsense,3.0,No,,,0.673,0.0,0.444,1.03,4.24,0.00116452,0.02,269.0,0.0,20.0,36.1,0.19,1.0,27.9,Benign
VAR00240,69.0,Female,Black,18.0,Never,Heavy,No,Colorectal,TP53,Synonymous,14.0,No,,,1.0,1.0,0.112,-4.03,-1.29,1e-07,0.542,281.0,0.0,7.8,35.2,2.25,512.8,19.1,Benign
VAR00241,70.0,Female,White,20.3,Former,Heavy,No,Lung,ATM,,11.0,No,13.39,0.33,0.869,0.517,0.271,6.2,,,0.785,,21.5,0.0,9.0,8.64,,20.3,Benign
VAR00242,53.0,Male,White,25.2,Never,,No,,PALB2,Synonymous,5.0,,23.95,0.0,0.167,0.0,0.354,4.95,-12.11,4.5e-07,0.75,241.0,0.0,0.0,25.8,2.18,413.3,18.3,Benign
VAR00243,64.0,Female,Other,27.0,Former,None,No,,,Synonymous,15.0,No,13.78,0.288,0.918,0.23,0.0,3.48,1.03,1e-07,0.139,351.0,5.59,1.5,52.1,46.04,5.2,69.1,Benign
VAR00244,53.0,Male,Black,24.7,Current,Heavy,Yes,Prostate,PALB2,Missense,18.0,No,37.78,0.0,0.286,0.752,0.0,-0.33,-0.77,0.01103344,0.405,297.0,2.79,,0.0,2.78,40.7,25.2,Benign
VAR00245,73.0,Male,White,29.3,Never,,No,Breast,,Synonymous,11.0,No,11.77,0.062,0.192,,0.0,,,0.5,0.02,269.0,0.0,14.0,40.6,5.61,,9.7,Benign
VAR00246,60.0,Male,White,24.7,Former,Heavy,Yes,,,Missense,18.0,Yes,49.23,1.0,0.291,0.976,0.795,,-1.14,2.6e-07,1.0,242.0,,65.8,43.3,91.18,199.9,11.3,Pathogenic
VAR00247,37.0,,,22.9,Former,None,Yes,Colorectal,PTEN,Splice_site,10.0,No,44.38,0.829,0.0,1.0,0.703,6.2,4.74,5.42e-06,,336.0,0.0,39.0,0.0,14.73,1875.3,36.4,Pathogenic
VAR00248,58.0,,White,30.6,Never,None,No,Breast,TP53,Nonsense,23.0,Yes,,0.0,0.573,0.0,,4.58,-5.94,0.5,,459.0,0.0,0.0,10.7,,742.4,,Benign
VAR00249,,Male,Asian,34.3,Former,Moderate,Yes,Ovarian,,Nonsense,8.0,Yes,28.39,1.0,,1.0,0.849,3.99,-12.18,1e-07,,333.0,15.88,,17.0,2.01,43.9,79.8,Pathogenic
VAR00250,54.0,Male,Asian,22.0,Former,Heavy,No,Ovarian,BRCA1,Missense,22.0,No,14.27,0.694,1.0,,0.101,4.46,-6.6,9.9e-06,0.197,171.0,28.56,39.9,,1.8,109.9,0.0,Benign
VAR00251,62.0,Male,White,28.7,Never,None,No,Colorectal,PALB2,Missense,,,2.19,0.487,0.863,1.0,0.0,3.32,-6.88,0.5,0.27,317.0,,70.5,22.1,5.09,64.2,51.4,Benign
VAR00252,,,Black,18.0,Never,,No,,BRCA1,Synonymous,16.0,Yes,10.52,0.1,,0.354,0.0,-4.09,0.98,0.00890447,,373.0,16.75,39.1,12.1,0.49,25.4,12.6,Pathogenic
VAR00253,43.0,Female,Black,20.1,Never,Moderate,,Ovarian,PALB2,,2.0,No,11.39,0.0,,0.0,0.574,1.31,-6.69,0.5,0.77,398.0,20.76,16.9,23.4,39.27,51.9,100.0,Benign
VAR00254,61.0,Female,Hispanic,24.6,Former,Heavy,No,Pancreatic,MLH1,Missense,3.0,,,0.0,1.0,0.0,0.136,3.64,2.7,1.7e-07,0.328,377.0,11.21,43.5,29.8,200.0,3.6,75.5,VUS
VAR00255,37.0,Female,White,33.2,Never,Moderate,Yes,Breast,PTEN,Synonymous,27.0,,9.99,0.221,,0.165,0.0,0.8,-3.99,,0.632,335.0,,98.8,19.1,2.93,,17.4,VUS
VAR00256,44.0,Female,White,23.6,Never,Heavy,Yes,Breast,,Nonsense,1.0,Yes,42.02,,0.0,0.997,0.407,3.8,10.0,,0.137,618.0,0.97,38.2,51.3,0.14,116.3,6.1,Benign
VAR00257,66.0,,White,23.4,Current,Moderate,Yes,Colorectal,PTEN,Nonsense,,Yes,6.73,0.526,0.0,1.0,1.0,6.2,8.86,0.00013535,0.02,189.0,,0.0,22.6,25.46,2.8,11.3,Pathogenic
VAR00258,61.0,Male,Black,27.7,Former,Moderate,No,Pancreatic,MLH1,,13.0,Yes,0.0,0.733,0.939,0.0,0.457,1.3,-1.09,,0.321,484.0,9.88,0.0,35.3,3.1,2.3,0.0,Benign
VAR00259,52.0,Male,Hispanic,27.7,Former,Moderate,Yes,Colorectal,PALB2,Synonymous,18.0,No,26.2,0.599,0.605,0.0,0.0,6.2,,0.5,0.02,,0.0,,3.0,10.06,6.2,86.0,Benign
VAR00260,62.0,Female,Hispanic,23.6,,,No,Prostate,PTEN,Nonsense,,No,,0.756,0.867,0.0,0.237,-2.47,4.42,,0.02,572.0,1.59,0.0,28.5,2.31,723.2,4.9,Benign
VAR00261,,,Black,37.4,Never,Moderate,No,Colorectal,BRCA1,Missense,5.0,No,0.0,0.0,,0.0,0.555,2.36,,0.5,0.364,161.0,0.0,0.0,12.9,18.22,15.4,25.1,Benign
VAR00262,52.0,Female,White,26.2,Never,Moderate,Yes,,APC,Frameshift,10.0,Yes,30.74,0.361,0.0,0.63,0.596,0.61,7.39,1e-07,0.409,489.0,20.35,100.0,12.9,1.11,4.7,45.1,Pathogenic
VAR00263,65.0,Female,White,28.1,,Moderate,No,Prostate,PTEN,Synonymous,25.0,No,,0.215,,0.0,0.091,,-12.48,1e-07,0.02,500.0,27.63,0.0,,5.97,1.0,9.1,Benign
VAR00264,44.0,Female,Hispanic,25.5,Never,None,Yes,,BRCA1,Missense,10.0,Yes,41.27,0.811,0.0,0.935,0.0,-1.4,1.73,1e-07,0.307,303.0,0.0,10.5,10.1,8.13,21.2,25.5,VUS
VAR00265,57.0,,White,29.7,Never,Moderate,No,Lung,MLH1,Missense,16.0,Yes,0.0,0.213,,,0.563,1.81,-4.11,6.9e-07,,226.0,20.63,100.0,12.8,,10.7,72.8,Benign
VAR00266,52.0,Female,Hispanic,33.7,Former,Moderate,No,Colorectal,APC,Missense,16.0,No,2.04,0.338,0.0,,0.0,5.87,,1e-07,0.255,554.0,22.93,40.8,0.0,12.89,1.0,49.8,Benign
VAR00267,35.0,,White,35.8,Never,,No,Pancreatic,MLH1,Missense,12.0,No,29.12,0.901,1.0,0.36,0.0,0.74,-1.66,1.17e-06,0.409,229.0,0.0,31.1,6.1,17.19,25.2,0.0,Benign
VAR00268,44.0,Female,White,23.7,Never,Heavy,,Colorectal,PTEN,Missense,23.0,,0.0,0.081,0.06,0.0,0.0,-4.01,-3.45,1.357e-05,0.279,435.0,0.0,,0.0,,1.0,0.0,Benign
VAR00269,75.0,Female,Asian,33.0,Former,None,No,,,Splice_site,20.0,Yes,6.36,0.733,0.0,0.729,0.0,6.13,6.23,0.0090503,1.0,484.0,9.05,30.7,43.2,16.47,1.7,58.4,VUS
VAR00270,61.0,Female,White,30.2,Former,None,Yes,Prostate,MLH1,Missense,,No,,0.416,0.55,0.31,0.244,,-8.77,0.01321377,0.908,302.0,3.57,0.0,,3.66,511.2,,Pathogenic
VAR00271,,Male,White,32.4,Never,None,No,,APC,Synonymous,9.0,No,32.0,0.223,0.923,0.311,0.527,0.11,0.26,0.5,0.399,,2.92,29.9,,1.65,1.0,0.0,Benign
VAR00272,,Female,Black,27.0,Never,Moderate,Yes,Colorectal,,Synonymous,8.0,,0.0,0.526,1.0,,0.183,-3.9,-11.65,2.31e-06,0.02,514.0,21.77,39.5,30.4,4.5,13.0,,Benign
VAR00273,55.0,Female,Black,26.6,Current,None,,Lung,CHEK2,Missense,26.0,No,0.0,0.0,0.0,0.058,0.769,,-3.74,,0.115,286.0,1.07,0.0,4.7,4.1,,59.0,Benign
VAR00274,72.0,Female,Other,32.2,Current,Moderate,,Ovarian,PTEN,Nonsense,4.0,Yes,37.33,0.339,0.738,0.928,0.281,6.2,,,0.02,,,17.2,36.7,6.12,2000.0,,Pathogenic
VAR00275,54.0,Male,Asian,32.3,,Moderate,No,,ATM,Missense,5.0,No,19.76,0.377,0.641,0.25,0.0,-2.11,9.98,,0.02,23.0,0.0,,18.5,0.1,,16.9,Benign
VAR00276,73.0,,Hispanic,35.3,Never,Moderate,No,Breast,APC,Splice_site,8.0,Yes,11.33,0.0,0.246,0.0,0.0,-4.02,-0.14,0.00020381,0.631,443.0,0.0,0.0,32.4,3.31,88.9,38.9,Benign
VAR00277,61.0,Male,White,28.5,Former,Heavy,No,Prostate,MSH2,Missense,23.0,No,6.16,0.413,0.884,1.0,,1.93,-4.81,0.5,0.101,279.0,,38.2,0.0,1.63,1.3,,Benign
VAR00278,62.0,Female,White,27.0,Never,Heavy,No,,TP53,Missense,19.0,No,10.04,0.0,,0.0,0.0,-4.13,-0.04,0.00033734,,406.0,3.38,0.0,0.5,5.1,1.7,1.4,Benign
VAR00279,39.0,Male,Asian,16.0,Never,Moderate,,Prostate,PALB2,Synonymous,27.0,Yes,0.0,0.871,0.0,,0.0,2.77,9.88,0.5,0.846,304.0,25.89,6.2,9.3,2.21,5.6,58.1,Benign
VAR00280,68.0,Male,White,,Never,,No,Ovarian,ATM,Synonymous,20.0,No,9.6,0.0,0.339,0.812,0.305,6.2,-12.14,5.9e-07,0.582,,0.0,,27.5,200.0,,0.0,Benign
VAR00281,51.0,Female,Other,25.5,,None,No,Pancreatic,ATM,Missense,14.0,Yes,36.97,1.0,0.14,0.217,0.0,-3.1,7.27,0.5,,471.0,0.0,0.0,0.0,1.98,,8.6,VUS
VAR00282,67.0,Male,Black,22.0,Never,Moderate,No,Ovarian,,Synonymous,2.0,No,,0.084,0.857,,0.0,-0.86,3.19,0.5,0.302,211.0,0.0,,62.9,0.1,15.7,82.5,Benign
VAR00283,41.0,Female,White,31.6,,Moderate,,,MLH1,Splice_site,24.0,Yes,,0.665,0.755,0.0,0.0,6.2,5.77,1e-07,0.437,269.0,11.74,0.0,44.7,4.04,63.5,18.0,Pathogenic
VAR00284,58.0,Male,White,20.9,,Moderate,,,ATM,Nonsense,19.0,Yes,1.75,0.574,0.586,0.0,0.366,-5.04,-1.16,0.00044142,0.741,,8.26,24.3,45.4,0.97,,,Benign
VAR00285,57.0,Female,Black,25.0,Never,Moderate,Yes,Lung,MLH1,Missense,2.0,No,,0.913,,0.887,1.0,0.66,10.0,1e-07,0.645,475.0,,39.8,47.9,7.67,9.0,,Pathogenic
VAR00286,50.0,Female,White,25.2,Never,Moderate,No,Pancreatic,MLH1,Frameshift,27.0,Yes,50.0,0.75,0.258,,0.419,4.27,10.0,,0.412,332.0,0.0,71.6,31.8,1.93,48.0,51.3,Pathogenic
VAR00287,,Male,White,,Never,None,No,,PTEN,,17.0,Yes,0.0,0.0,0.435,0.781,0.436,6.2,-5.74,,0.02,344.0,4.64,71.3,,9.32,10.3,,Benign
VAR00288,53.0,Male,Hispanic,24.5,Current,None,Yes,Breast,APC,,17.0,Yes,0.0,,,0.621,0.0,-3.38,,1.1e-07,0.553,358.0,26.07,75.6,,2.39,3.0,49.5,Benign
VAR00289,47.0,Female,White,29.8,Never,None,No,Ovarian,CHEK2,,,,24.51,,0.692,,0.646,0.15,9.89,4.7e-07,0.531,224.0,20.35,37.2,13.1,,11.6,77.1,VUS
VAR00290,77.0,Male,White,28.5,Never,Moderate,No,Prostate,BRCA2,Missense,9.0,No,0.0,0.0,,0.866,0.0,6.2,4.19,0.5,0.02,270.0,,26.0,17.8,54.24,42.4,8.5,Benign
VAR00291,66.0,Female,Black,32.0,Former,Moderate,Yes,Colorectal,,Nonsense,10.0,Yes,40.41,0.233,,,0.73,6.2,8.15,1e-07,,300.0,,49.8,37.4,5.71,81.8,,Benign
VAR00292,42.0,Female,Hispanic,31.8,Former,Moderate,,Lung,PALB2,Frameshift,,Yes,24.9,1.0,0.0,1.0,,-2.91,-1.71,0.00579805,,430.0,,0.0,11.9,0.3,1220.1,34.0,Pathogenic
VAR00293,,Male,White,27.3,,Moderate,No,Breast,TP53,Synonymous,13.0,Yes,15.23,0.681,0.848,0.0,0.0,-0.56,,0.43715183,0.24,517.0,18.39,29.4,10.9,0.9,3.9,0.0,Benign
VAR00294,42.0,Female,Other,19.0,Never,,,Ovarian,PTEN,Missense,,Yes,3.31,0.36,,1.0,0.078,6.2,10.0,0.0042428,1.0,220.0,34.48,16.4,39.3,,71.0,55.8,Pathogenic
VAR00295,,Female,Asian,26.3,Never,,No,Prostate,CHEK2,Missense,,,15.18,0.0,1.0,0.0,0.112,6.2,10.0,0.01756173,,399.0,9.76,,7.3,0.71,1.0,45.5,Benign
VAR00296,,,White,27.4,,None,Yes,Pancreatic,,Nonsense,6.0,Yes,31.43,1.0,0.275,0.861,0.0,6.2,8.4,0.02756809,0.02,344.0,0.0,,16.4,0.1,33.1,15.7,Pathogenic
VAR00297,34.0,Female,White,28.9,Former,None,No,Ovarian,BRCA2,Missense,17.0,Yes,3.98,0.0,1.0,,0.165,3.05,0.69,7.7e-07,0.246,265.0,0.0,0.0,20.5,14.32,1.0,0.0,Benign
VAR00298,68.0,Female,Hispanic,23.8,Never,None,No,Breast,MSH2,Synonymous,11.0,Yes,0.0,0.0,0.064,0.073,0.0,3.76,-3.26,0.5,0.757,214.0,14.44,7.2,32.5,0.11,57.4,0.0,Benign
VAR00299,53.0,Female,White,33.2,Never,None,No,Breast,,Missense,8.0,No,11.42,0.224,0.0,0.0,0.267,,6.94,0.5,0.315,345.0,,0.0,35.2,11.19,1525.1,0.0,Benign
VAR00300,53.0,Male,Hispanic,27.6,Never,Moderate,,Breast,MSH2,Synonymous,,No,19.4,0.0,1.0,1.0,,-2.65,10.0,0.00056806,0.659,,17.42,0.0,10.0,,224.4,66.7,Benign
VAR00301,61.0,Female,Black,22.9,Current,None,Yes,,PALB2,Missense,11.0,Yes,2.04,0.673,0.0,0.0,0.276,-4.88,8.05,0.00079976,0.098,361.0,0.0,0.0,0.0,,7.6,0.0,VUS
VAR00302,64.0,Female,White,,Never,None,No,Colorectal,CHEK2,Splice_site,2.0,No,0.0,0.19,,0.0,0.383,5.19,,1.388e-05,,,0.0,,45.0,74.89,195.0,36.2,Benign
VAR00303,,Male,Black,,Never,None,Yes,Breast,PALB2,Nonsense,7.0,Yes,40.5,0.379,0.741,0.843,,6.2,7.33,3.65e-06,0.811,,20.19,0.0,,2.57,1.0,94.8,Pathogenic
VAR00304,65.0,,White,30.8,Current,None,No,,,Synonymous,13.0,No,34.94,0.0,,0.301,0.006,,-3.11,,0.21,438.0,0.0,21.9,29.3,0.32,52.4,0.0,Benign
VAR00305,57.0,Female,,32.7,Former,None,,Prostate,BRCA2,,18.0,No,22.8,0.77,,0.0,0.664,,2.42,1e-07,,341.0,12.61,,21.2,0.86,2000.0,69.5,Benign
VAR00306,36.0,,White,22.3,Former,None,Yes,Ovarian,MLH1,,,Yes,31.61,0.653,0.016,1.0,0.121,6.2,10.0,7.934e-05,0.915,,15.56,17.5,,0.36,114.0,73.3,Pathogenic
VAR00307,50.0,Male,Asian,24.1,,None,No,Prostate,ATM,Frameshift,3.0,No,,1.0,0.0,0.98,0.226,6.2,4.84,0.00131377,0.075,264.0,0.0,83.7,27.6,29.5,20.7,13.8,Pathogenic
VAR00308,74.0,Female,White,24.1,Never,Heavy,No,Colorectal,MSH2,Missense,20.0,Yes,7.57,0.175,1.0,0.211,0.309,3.94,0.53,1.742e-05,,403.0,25.83,0.0,,7.82,7.9,1.9,Benign
VAR00309,74.0,Male,Hispanic,28.4,Former,None,Yes,Breast,,Missense,,Yes,7.12,,,1.0,0.627,6.2,7.85,2.3e-07,0.49,300.0,31.11,0.0,20.5,2.64,78.1,20.6,Pathogenic
VAR00310,65.0,,Asian,26.6,Never,None,No,Prostate,BRCA2,Synonymous,17.0,No,5.57,,0.965,0.0,0.0,-4.24,3.91,0.30067637,0.571,406.0,19.32,75.2,,12.34,15.9,7.1,Benign
VAR00311,39.0,Female,White,25.1,,Moderate,No,,,Splice_site,27.0,,30.82,0.824,0.431,0.074,,,3.13,2.22e-06,0.09,270.0,21.43,,26.8,10.35,6.8,41.1,VUS
VAR00312,58.0,,White,25.7,Never,None,Yes,Pancreatic,PALB2,Missense,2.0,Yes,28.62,1.0,0.0,0.888,0.859,6.2,7.83,0.00016634,,203.0,2.8,,0.0,,26.9,25.9,Pathogenic
VAR00313,67.0,Male,Hispanic,23.5,Former,Moderate,Yes,Lung,TP53,Synonymous,27.0,Yes,0.0,0.0,1.0,0.688,0.0,-1.36,4.81,0.01261456,0.795,240.0,22.23,,20.8,4.1,1.0,31.2,Benign
VAR00314,,Male,Hispanic,26.6,Never,Moderate,Yes,Prostate,PTEN,Missense,,Yes,16.69,0.0,0.0,,,6.2,10.0,0.5,0.865,367.0,23.61,90.0,36.4,3.0,,57.8,Pathogenic
VAR00315,62.0,Female,,33.1,Never,Heavy,Yes,,PTEN,Nonsense,,Yes,27.5,1.0,0.079,0.734,0.0,6.2,3.38,1.22e-06,0.98,,0.0,31.2,9.0,1.24,543.3,10.1,Pathogenic
VAR00316,57.0,Male,White,19.9,Never,Heavy,Yes,Ovarian,BRCA1,Missense,1.0,,5.28,0.409,0.425,,0.0,3.65,-6.0,3.8e-07,1.0,519.0,0.0,10.6,30.3,0.1,187.0,59.8,VUS
VAR00317,,Male,Hispanic,29.2,Former,Moderate,No,,CHEK2,Missense,7.0,Yes,13.69,0.129,0.143,0.536,0.594,1.39,-0.04,1.013e-05,0.324,170.0,2.39,100.0,40.4,2.7,16.5,92.4,Benign
VAR00318,45.0,Female,White,34.4,Never,None,Yes,Prostate,MLH1,Missense,7.0,No,,0.621,0.976,0.0,0.539,,7.43,5.258e-05,1.0,304.0,31.27,69.7,,3.76,71.2,30.0,VUS
VAR00319,28.0,Male,Black,26.6,Current,Moderate,Yes,Prostate,MSH2,Nonsense,16.0,No,7.7,0.456,0.0,,0.0,-2.4,0.76,0.09884909,0.61,,0.0,79.2,24.2,0.23,90.4,72.6,VUS
VAR00320,,Male,White,24.9,,None,Yes,Breast,TP53,Missense,19.0,No,15.38,0.199,0.073,1.0,1.0,4.03,8.17,,,351.0,4.79,57.9,,28.3,18.6,11.6,Benign
VAR00321,,Male,,32.1,Former,Moderate,No,,APC,Missense,14.0,Yes,12.59,0.142,1.0,,,3.19,0.44,4.098e-05,,281.0,0.0,43.4,20.3,1.49,292.7,76.3,Benign
VAR00322,63.0,Male,Hispanic,,Former,None,,,MLH1,Missense,10.0,Yes,1.04,0.438,0.99,0.302,0.0,6.2,1.22,0.0008493,0.729,447.0,0.0,28.8,31.0,5.77,136.2,40.4,Benign
VAR00323,39.0,Female,White,27.4,Never,Moderate,No,Ovarian,APC,Missense,2.0,No,9.4,0.26,0.453,0.375,0.202,-3.17,3.9,4.991e-05,0.195,218.0,20.48,12.5,14.1,4.23,203.5,44.2,Benign
VAR00324,64.0,,,22.3,,,No,Colorectal,MLH1,Missense,26.0,No,,0.263,0.941,0.0,0.548,2.13,,1.838e-05,0.02,,0.0,0.0,15.1,1.88,39.0,,Benign
VAR00325,,Male,Black,18.1,Former,Moderate,Yes,Lung,,Missense,27.0,,3.63,0.982,,0.35,1.0,4.9,6.4,1e-07,0.873,,19.61,0.0,31.3,1.42,,78.3,Benign
VAR00326,57.0,Female,,26.7,Former,None,No,Colorectal,,Missense,1.0,Yes,19.88,,1.0,1.0,0.121,0.46,-5.77,,0.446,417.0,0.0,46.4,28.4,0.53,,33.1,Benign
VAR00327,55.0,,White,21.2,Former,None,,Breast,TP53,Missense,9.0,No,0.0,0.157,0.952,0.0,0.0,-6.46,2.76,5.724e-05,0.132,382.0,32.37,,30.4,0.1,5.2,45.7,Benign
VAR00328,60.0,Male,White,27.4,Former,Moderate,No,Prostate,CHEK2,Missense,27.0,No,3.49,0.289,,0.0,0.0,-4.1,5.29,0.00020278,0.02,382.0,7.61,25.5,,50.71,,67.2,Benign
VAR00329,82.0,Male,,,Never,Moderate,No,Pancreatic,PALB2,Synonymous,,No,38.27,0.008,,0.329,0.0,6.2,-13.4,0.5,0.521,334.0,4.82,,29.6,4.64,14.9,0.0,Benign
VAR00330,42.0,,,36.8,Never,None,Yes,Ovarian,BRCA2,Frameshift,17.0,No,0.0,0.0,0.614,,0.0,6.2,-2.17,1.005e-05,0.939,329.0,0.0,,0.0,0.37,1.3,76.6,VUS
VAR00331,59.0,Male,Hispanic,,Never,None,No,Prostate,MSH2,,14.0,Yes,17.3,,0.779,0.513,,1.79,0.98,0.00089427,0.02,332.0,9.01,33.8,17.2,7.65,1.0,46.6,Benign
VAR00332,44.0,Female,White,32.6,Former,Moderate,,Prostate,PTEN,Missense,18.0,Yes,31.97,,,1.0,,3.93,-0.46,0.00133193,0.521,354.0,0.0,,56.9,0.25,1.0,0.0,VUS
VAR00333,48.0,Female,White,29.5,Current,Moderate,Yes,Breast,CHEK2,Missense,24.0,No,3.63,0.788,0.664,0.618,0.644,5.26,3.47,0.00185798,1.0,334.0,9.6,87.4,32.2,10.33,1.0,91.8,VUS
VAR00334,51.0,Female,White,25.6,,Moderate,Yes,Lung,MLH1,Frameshift,11.0,Yes,17.48,1.0,0.245,1.0,0.0,2.76,,1e-07,0.918,218.0,4.79,74.2,27.9,11.63,12.9,31.1,Pathogenic
VAR00335,,Female,Hispanic,17.9,Never,Moderate,,Pancreatic,MLH1,,,Yes,16.08,1.0,0.0,1.0,0.32,1.63,10.0,0.01171434,0.47,72.0,2.04,0.0,6.9,0.97,7.1,49.1,VUS
VAR00336,79.0,Female,White,35.6,Never,Moderate,No,Lung,ATM,Missense,13.0,No,0.0,0.0,0.326,1.0,0.234,-2.3,1.12,0.00621506,0.31,550.0,34.84,14.4,49.8,,221.0,,Benign
VAR00337,62.0,Male,White,22.3,Former,Moderate,No,Breast,MLH1,Frameshift,6.0,Yes,9.05,0.0,,1.0,0.0,1.27,,0.00473383,0.154,249.0,25.66,4.0,27.6,0.81,7.8,0.0,Benign
VAR00338,47.0,,White,34.4,Former,None,Yes,,APC,Nonsense,3.0,,42.06,1.0,0.087,0.734,0.64,-0.44,10.0,1e-07,0.555,301.0,33.44,92.1,0.0,,,85.1,Pathogenic
VAR00339,,Female,,30.2,Former,,No,Lung,BRCA2,Synonymous,20.0,No,2.28,0.772,0.427,0.699,1.0,-2.52,5.81,,0.18,442.0,17.9,0.0,9.8,0.1,8.6,0.9,Benign
VAR00340,50.0,Female,Black,22.6,Former,Moderate,No,Lung,TP53,Missense,17.0,No,22.62,0.0,1.0,1.0,0.365,2.8,0.56,0.5,,357.0,,0.0,26.9,0.54,55.4,0.0,Benign
VAR00341,,Female,Black,,Former,None,No,Breast,BRCA2,Missense,24.0,No,,0.263,0.08,0.564,0.169,-1.11,-10.79,0.5,0.306,163.0,26.55,13.0,17.9,35.94,1.0,0.0,Benign
VAR00342,33.0,Male,Other,38.2,Never,Moderate,No,Breast,MSH2,Missense,7.0,No,14.79,0.0,0.0,0.165,0.0,-7.47,6.48,0.0002232,0.02,192.0,10.59,0.0,41.5,1.99,340.7,0.0,Benign
VAR00343,74.0,Male,,35.2,Never,None,No,Prostate,MLH1,Synonymous,,No,16.28,0.306,1.0,,0.138,-1.23,-5.64,3.189e-05,0.296,,14.66,58.4,1.7,200.0,48.9,0.0,Benign
VAR00344,69.0,,Black,24.9,Never,None,No,Colorectal,MLH1,,1.0,No,0.0,,0.149,0.252,0.686,2.98,-1.48,0.35676926,1.0,386.0,25.42,13.9,25.1,5.81,535.0,56.0,Benign
VAR00345,,Female,White,23.9,Current,Moderate,,,MLH1,Synonymous,,No,0.0,,1.0,0.0,,1.03,-2.82,0.01374758,0.02,263.0,17.43,0.0,,1.55,55.7,0.0,Benign
VAR00346,38.0,Female,Hispanic,,,,Yes,Ovarian,CHEK2,Synonymous,,No,,0.0,0.848,0.67,0.541,-7.19,-8.27,,1.0,315.0,12.21,0.0,24.8,,6.1,31.1,Benign
VAR00347,71.0,Male,Black,26.7,Never,None,,,APC,Nonsense,15.0,Yes,,,0.0,1.0,0.645,6.2,6.54,1e-07,0.981,324.0,24.14,18.1,12.1,0.42,,29.4,Pathogenic
VAR00348,53.0,Female,White,,,Moderate,Yes,Breast,BRCA2,Missense,,Yes,31.82,1.0,0.0,0.692,1.0,3.68,7.78,2.23e-06,0.813,347.0,,,23.1,6.42,11.8,93.5,Benign
VAR00349,66.0,Female,Hispanic,,Never,None,No,Prostate,MLH1,Synonymous,23.0,Yes,22.33,0.212,0.412,0.0,0.497,2.04,,,0.15,,13.11,0.0,49.2,0.85,132.5,17.0,Benign
VAR00350,35.0,,White,19.0,Current,Moderate,,Prostate,APC,Missense,23.0,No,0.0,1.0,0.725,0.0,0.12,5.25,-0.52,4.522e-05,,277.0,14.46,0.0,0.0,1.18,2.6,0.0,Benign
VAR00351,75.0,Female,White,29.8,Never,Moderate,No,Ovarian,TP53,Missense,6.0,,16.17,0.867,0.174,0.445,0.093,-0.06,-3.89,0.5,1.0,,0.0,28.6,,3.44,39.9,40.4,Benign
VAR00352,64.0,Female,White,26.6,Former,Moderate,Yes,Ovarian,MSH2,Missense,6.0,Yes,43.6,0.0,0.147,0.629,0.163,,,0.34051028,0.944,,0.04,83.4,84.6,,476.2,24.2,VUS
VAR00353,55.0,,White,27.7,Never,None,No,Prostate,BRCA1,Missense,15.0,,18.48,0.345,0.532,0.0,,6.2,1.97,0.00079537,0.491,416.0,16.19,0.0,13.0,,30.5,43.6,Benign
VAR00354,64.0,,Asian,28.7,Former,None,No,Lung,BRCA2,Missense,26.0,Yes,29.15,0.0,1.0,1.0,0.0,-9.54,-5.09,0.00082801,0.395,405.0,7.85,21.1,47.2,4.19,21.2,30.3,Benign
VAR00355,46.0,Female,Hispanic,33.5,Former,Moderate,Yes,Colorectal,PALB2,Frameshift,19.0,No,,0.045,0.349,,0.088,-1.01,3.57,0.01537708,0.12,402.0,,100.0,38.1,0.68,49.0,0.0,Benign
VAR00356,48.0,Female,,32.4,Never,None,No,Colorectal,PTEN,Missense,4.0,Yes,,0.0,0.072,,0.0,,3.1,0.00655306,,270.0,10.11,27.3,35.9,3.83,3.3,12.8,Benign
VAR00357,,Female,Asian,,Former,None,No,Prostate,PALB2,Missense,18.0,Yes,19.33,,0.283,0.693,0.0,-2.67,,0.5,0.619,306.0,0.0,,8.3,0.1,1.0,0.0,Benign
VAR00358,28.0,Female,Hispanic,,Never,Moderate,Yes,,ATM,Missense,10.0,Yes,18.05,0.391,0.22,1.0,0.543,1.9,6.3,1e-07,0.579,226.0,10.63,,5.0,10.76,3.5,41.8,Pathogenic
VAR00359,67.0,Male,White,25.3,,Moderate,Yes,Ovarian,,Synonymous,3.0,,0.0,0.0,,0.0,0.0,-0.49,-3.12,1.853e-05,0.36,,3.75,26.2,13.4,,2.6,12.5,Benign
VAR00360,71.0,,White,19.1,,None,No,,MSH2,Synonymous,20.0,No,3.5,0.198,1.0,0.0,,-0.32,-7.83,0.01158557,0.365,232.0,8.52,0.0,14.3,,40.5,0.0,Benign
VAR00361,47.0,Female,,27.0,Former,,,Breast,MLH1,Synonymous,8.0,Yes,35.63,,0.56,0.44,,-3.41,-2.54,,1.0,372.0,17.97,,0.0,0.1,1.9,29.2,Benign
VAR00362,58.0,Male,Asian,36.7,Never,None,Yes,Prostate,BRCA1,Missense,,Yes,13.58,0.672,0.402,0.894,0.401,0.65,-5.6,1.549e-05,0.588,452.0,5.84,65.8,7.8,2.04,,29.1,VUS
VAR00363,53.0,Male,Asian,18.9,Former,Moderate,,Prostate,APC,Synonymous,15.0,,,0.697,0.657,0.0,,5.39,2.7,0.39264064,0.483,320.0,24.82,0.0,,0.63,,0.0,Benign
VAR00364,60.0,,Hispanic,27.4,Never,,No,Ovarian,TP53,Synonymous,13.0,No,,0.305,0.223,0.722,0.0,-1.92,-9.32,,0.02,260.0,0.0,0.0,,2.13,,0.0,Benign
VAR00365,48.0,Female,White,27.2,,Moderate,Yes,Ovarian,,Missense,6.0,No,15.53,0.149,0.02,0.5,0.481,2.79,-1.44,0.17002001,0.799,374.0,15.71,2.2,,2.7,340.6,0.0,Benign
VAR00366,45.0,,White,28.9,Never,Moderate,,Breast,,Splice_site,8.0,No,,0.335,0.207,0.902,,-3.65,5.39,,,434.0,0.0,0.0,65.9,60.01,13.9,92.8,Benign
VAR00367,,Female,Asian,22.7,,Moderate,,Breast,TP53,Missense,,No,0.0,0.0,0.0,,0.337,6.2,-0.73,,,238.0,22.35,12.6,,1.13,1.0,16.4,Benign
VAR00368,54.0,,White,20.4,,None,No,Pancreatic,MLH1,Frameshift,19.0,Yes,0.0,0.806,0.557,0.85,,6.15,2.26,0.00041726,0.703,333.0,11.34,0.0,0.7,10.82,2000.0,,VUS
VAR00369,78.0,,,20.6,Never,Moderate,No,Lung,CHEK2,Frameshift,12.0,Yes,,0.235,0.0,0.78,0.0,4.39,9.29,1e-07,0.165,354.0,0.0,60.5,0.0,1.81,177.4,,Pathogenic
VAR00370,,Female,White,34.2,,Heavy,Yes,Colorectal,BRCA2,Missense,1.0,No,,0.886,0.0,0.484,0.0,3.42,4.03,3.06e-06,0.271,289.0,7.45,100.0,0.0,,,100.0,Benign
VAR00371,44.0,Female,White,22.6,Former,Moderate,No,Breast,,Missense,1.0,No,,,0.248,0.388,0.0,,7.34,0.5,1.0,376.0,11.61,0.0,42.5,1.01,149.7,0.0,Benign
VAR00372,72.0,Female,,25.0,Never,,No,Breast,,Missense,8.0,Yes,18.22,0.433,,0.645,,,,0.5,0.02,,9.16,34.7,13.3,,29.1,0.0,Benign
VAR00373,64.0,Female,Other,,Current,Moderate,Yes,,,Synonymous,,Yes,22.41,0.453,1.0,0.473,0.0,-4.3,3.05,,0.02,358.0,10.6,24.1,21.2,0.66,358.1,,Benign
VAR00374,61.0,Male,,,Never,Moderate,Yes,Breast,PALB2,Frameshift,9.0,Yes,15.66,0.779,0.0,0.0,0.0,6.2,-5.86,5.482e-05,0.02,517.0,9.85,46.2,15.4,,70.9,45.9,Pathogenic
VAR00375,,Female,White,29.2,Current,None,Yes,Ovarian,ATM,Nonsense,27.0,Yes,26.09,0.422,,0.571,0.427,-1.08,8.02,1e-07,0.486,382.0,5.17,18.1,0.0,0.42,14.3,0.0,Benign
VAR00376,44.0,Male,White,32.8,,Heavy,,Pancreatic,PALB2,Synonymous,7.0,Yes,18.54,0.351,0.0,0.944,0.214,-2.26,10.0,0.02738585,1.0,,0.0,38.1,0.0,5.72,78.9,100.0,Pathogenic
VAR00377,54.0,Male,Asian,32.6,Never,Moderate,,Colorectal,,Missense,12.0,No,16.49,0.977,0.0,0.445,0.0,-6.79,4.88,0.0022863,0.51,186.0,14.16,26.7,0.0,4.72,194.7,37.0,Benign
VAR00378,,Male,Black,20.8,Never,None,No,,PTEN,Missense,11.0,No,0.0,0.227,1.0,0.633,0.415,1.18,6.91,0.5,0.85,282.0,13.11,51.5,15.3,,,,Benign
VAR00379,,Male,White,23.9,,Moderate,No,Breast,BRCA1,Missense,8.0,No,,0.0,0.0,0.633,0.0,-7.87,-2.27,1.661e-05,,354.0,34.19,52.7,27.7,13.16,24.3,0.0,VUS
VAR00380,53.0,Female,,29.0,,Moderate,No,Ovarian,PTEN,Synonymous,,No,8.83,0.415,1.0,0.0,0.0,-1.34,0.37,0.00014162,0.04,330.0,5.42,71.8,2.7,172.02,1.0,,Benign
VAR00381,73.0,Male,White,37.1,Never,,No,Prostate,MSH2,Synonymous,7.0,No,25.49,0.336,0.224,0.682,0.0,-12.0,,0.02393254,0.107,184.0,9.89,0.0,0.0,0.17,58.9,,Benign
VAR00382,59.0,Male,White,23.7,Never,Moderate,,Prostate,PTEN,Synonymous,1.0,No,16.04,0.03,0.406,0.0,,2.49,,0.41122476,,347.0,8.11,25.6,36.1,1.08,20.6,84.7,Benign
VAR00383,39.0,Female,Asian,25.0,Never,,No,,MLH1,Synonymous,14.0,No,23.86,0.0,0.0,0.863,0.0,2.8,5.78,0.24407909,0.453,226.0,18.13,11.4,38.5,2.13,85.4,6.3,Benign
VAR00384,36.0,Female,Black,29.6,Former,Moderate,Yes,Colorectal,PTEN,Missense,,,,0.515,1.0,0.898,0.0,-0.47,-6.35,0.5,0.373,257.0,0.0,53.8,,0.83,213.1,20.7,Benign
VAR00385,78.0,Female,White,30.6,Former,Moderate,No,Breast,,Missense,13.0,,8.66,0.61,1.0,0.195,0.205,5.88,-4.2,,0.475,,8.11,0.0,,28.0,3.6,0.0,Benign
VAR00386,55.0,Female,White,30.9,,Moderate,No,Colorectal,,Missense,,No,0.0,0.327,0.226,0.0,1.0,4.12,-7.35,0.5,,294.0,6.38,63.9,33.1,,,64.4,Benign
VAR00387,48.0,Female,Other,23.3,Never,None,,Breast,MSH2,Missense,24.0,No,0.0,,0.513,0.0,0.0,-3.1,2.43,,1.0,249.0,16.41,31.3,0.0,200.0,31.8,0.0,Benign
VAR00388,52.0,Female,Black,,,None,,Breast,PTEN,Missense,11.0,No,0.0,0.0,,0.0,0.0,-3.49,-0.38,,1.0,,37.1,,0.0,1.79,3.7,47.8,Benign
VAR00389,37.0,Male,Black,28.6,Current,Heavy,No,Colorectal,,Missense,18.0,No,26.74,0.398,0.319,0.0,0.0,,-0.43,2.488e-05,,,10.63,19.9,45.4,0.22,1.6,71.1,Pathogenic
VAR00390,71.0,Female,White,33.8,,,No,Breast,,Nonsense,23.0,No,22.79,0.491,0.708,0.805,0.843,6.2,2.21,2.793e-05,0.987,261.0,0.0,,9.6,3.0,1707.2,0.0,Pathogenic
VAR00391,51.0,Female,Other,26.3,,Heavy,No,Breast,CHEK2,Missense,11.0,Yes,0.0,0.0,,0.0,0.0,-0.72,-4.51,1e-07,,414.0,0.0,0.0,19.9,0.32,6.5,53.8,Benign
VAR00392,74.0,,Asian,27.4,,None,Yes,Breast,BRCA1,Missense,15.0,No,,0.692,0.295,0.0,,-7.51,0.81,0.13206377,,316.0,20.77,0.9,,13.8,,73.4,Benign
VAR00393,57.0,Female,,22.4,Former,None,No,Ovarian,MLH1,,11.0,No,9.48,0.0,,0.0,0.0,4.73,7.78,2.1e-07,,452.0,0.0,0.0,39.8,11.77,9.7,34.6,Benign
VAR00394,75.0,Male,White,36.8,,Heavy,Yes,Prostate,ATM,Missense,17.0,No,23.24,,0.0,0.249,0.121,0.8,,0.14447788,0.213,191.0,10.43,11.1,17.6,,62.7,,Benign
VAR00395,59.0,Female,Black,28.3,Never,None,Yes,Pancreatic,ATM,Synonymous,15.0,No,,0.776,0.838,0.022,,0.24,,0.00200072,,462.0,0.0,0.0,37.4,,5.7,,Benign
VAR00396,67.0,Female,,32.9,Former,Moderate,No,Breast,MLH1,Missense,24.0,No,0.0,0.0,,0.0,0.36,,,0.5,,304.0,43.77,,9.5,2.5,2.7,20.6,Benign
VAR00397,65.0,Female,Hispanic,,Never,None,No,Breast,,Synonymous,7.0,Yes,15.02,0.003,0.95,0.0,0.331,2.92,-6.65,0.00330272,0.351,295.0,0.0,0.0,,0.63,,,Benign
VAR00398,64.0,Female,Other,27.9,,Moderate,No,Prostate,MLH1,Missense,5.0,No,16.33,0.0,0.274,,0.152,0.22,6.37,0.5,0.716,294.0,0.0,32.6,16.8,2.21,,15.9,Pathogenic
VAR00399,61.0,Male,Black,20.0,Never,Moderate,Yes,Breast,PALB2,Missense,12.0,No,3.59,0.0,0.0,0.179,0.525,-1.96,,0.06347718,0.669,,16.94,12.2,3.7,0.32,55.7,,Benign
VAR00400,53.0,Male,White,16.7,Never,,No,Lung,PTEN,,,,28.69,1.0,0.307,0.368,,,,0.5,0.866,268.0,2.75,,9.5,0.57,3.9,90.3,Benign
VAR00401,81.0,Female,White,33.8,Never,,No,Breast,TP53,,8.0,No,22.89,0.134,1.0,0.295,0.0,1.0,0.66,0.00028772,0.072,,0.0,19.8,,2.5,1.3,15.4,Benign
VAR00402,44.0,Male,Hispanic,27.9,Never,None,Yes,Lung,PALB2,Synonymous,27.0,No,16.9,0.344,0.077,0.461,0.0,2.63,-3.15,0.00021379,0.02,415.0,0.0,,0.0,6.86,1.7,16.8,Benign
VAR00403,52.0,Female,White,,Never,,No,Breast,ATM,Missense,,Yes,,1.0,,1.0,1.0,3.06,10.0,1e-07,1.0,198.0,3.8,75.5,32.8,0.85,90.6,59.3,Pathogenic
VAR00404,56.0,,White,21.3,Never,Moderate,Yes,Lung,PALB2,Missense,22.0,No,0.0,0.0,0.0,0.252,0.236,3.04,4.43,,0.166,214.0,0.0,0.0,27.4,0.15,66.5,35.4,Benign
VAR00405,57.0,Female,Hispanic,23.0,Current,Moderate,Yes,Colorectal,PALB2,Frameshift,15.0,Yes,46.88,1.0,0.0,,,-0.44,8.28,,0.545,341.0,12.82,0.0,0.7,21.9,12.4,22.2,Benign
VAR00406,46.0,Female,White,32.8,Current,Moderate,Yes,Breast,,Frameshift,11.0,Yes,,0.951,0.0,1.0,0.375,1.83,-0.47,3.64e-06,1.0,331.0,39.95,83.6,50.9,0.78,10.6,88.6,Pathogenic
VAR00407,59.0,Male,Hispanic,36.2,Never,None,Yes,Ovarian,BRCA2,Missense,23.0,No,10.46,0.64,0.613,1.0,,4.46,-4.35,0.00633244,0.304,276.0,36.24,,5.5,3.81,1.1,21.5,VUS
VAR00408,53.0,Male,White,24.4,Former,None,No,,CHEK2,Missense,,No,12.4,0.0,0.341,,0.0,-0.89,0.8,2.506e-05,0.02,261.0,35.36,0.0,34.0,28.89,16.7,,VUS
VAR00409,32.0,Female,,30.9,Never,Heavy,Yes,Pancreatic,ATM,,,Yes,18.09,0.916,0.0,,0.233,6.2,10.0,1.401e-05,1.0,490.0,10.41,0.6,0.0,24.87,198.6,13.5,VUS
VAR00410,,Male,White,,Former,Moderate,Yes,,BRCA1,Missense,,No,7.44,0.176,0.225,0.0,0.0,1.76,6.53,0.5,0.164,337.0,16.02,19.1,13.5,8.45,3.5,12.8,Benign
VAR00411,42.0,Male,Black,26.9,Current,Moderate,,Breast,TP53,Missense,,No,14.62,0.694,0.45,0.0,0.0,-4.81,-1.71,0.02903003,1.0,,7.78,53.9,0.0,23.94,236.9,75.3,Benign
VAR00412,29.0,,Hispanic,,Former,None,Yes,Colorectal,,,8.0,Yes,18.75,0.534,,0.797,0.315,-2.34,-5.01,3.15e-06,0.72,333.0,1.51,23.7,3.2,8.09,3.1,100.0,Pathogenic
VAR00413,57.0,,White,,,,No,Breast,,Synonymous,15.0,No,28.2,1.0,0.0,0.81,0.399,5.43,10.0,0.00142157,0.872,325.0,0.0,0.0,26.2,0.3,3.3,54.6,VUS
VAR00414,,Male,White,33.7,Never,Moderate,No,,ATM,Missense,14.0,Yes,17.17,0.334,1.0,0.138,0.14,-2.26,8.62,0.5,,557.0,0.0,0.0,24.1,200.0,12.4,0.0,Benign
VAR00415,63.0,Female,White,29.4,Never,None,No,Prostate,CHEK2,Missense,20.0,No,5.17,0.123,0.244,0.553,0.541,4.67,1.58,0.00670634,0.224,383.0,8.17,,5.0,,26.6,0.0,Benign
VAR00416,,Female,Hispanic,27.4,Never,Moderate,No,Breast,,Synonymous,14.0,No,,0.257,,0.237,0.0,-0.62,-0.13,,,609.0,0.0,0.0,19.6,8.22,12.6,54.4,VUS
VAR00417,,,Other,34.4,Never,Moderate,Yes,Colorectal,MSH2,Synonymous,17.0,No,6.57,0.177,0.463,0.0,0.665,1.6,-1.14,0.00014192,1.0,406.0,0.0,0.0,24.3,3.52,34.6,94.3,Benign
VAR00418,38.0,Male,Hispanic,29.0,Former,Moderate,Yes,,,Synonymous,19.0,No,41.24,,0.0,0.0,0.0,-1.03,6.67,0.00011665,,248.0,,,7.3,0.1,,3.1,Benign
VAR00419,78.0,Female,White,27.0,Never,Heavy,Yes,Breast,APC,Frameshift,,No,16.07,1.0,0.0,1.0,,,9.88,1e-07,1.0,,0.0,0.0,,0.79,738.7,,Pathogenic
VAR00420,,Female,Black,34.4,Never,Moderate,Yes,Lung,PTEN,Splice_site,4.0,Yes,50.0,0.775,0.183,0.701,,6.2,3.8,0.00021615,0.857,,33.55,6.7,21.3,153.6,48.1,,Pathogenic
VAR00421,64.0,Female,White,33.7,Former,Moderate,Yes,,MLH1,Missense,18.0,No,0.0,1.0,1.0,0.0,0.195,0.59,10.0,0.5,0.357,488.0,6.74,100.0,9.1,0.1,8.0,100.0,Benign
VAR00422,47.0,Male,,33.5,Former,,No,Colorectal,BRCA2,Synonymous,5.0,No,,,0.172,,0.0,3.51,,0.00025059,0.04,246.0,0.73,0.0,51.7,1.91,48.5,25.4,Benign
VAR00423,53.0,Male,White,16.0,Former,None,,Colorectal,,Frameshift,1.0,Yes,19.45,0.725,0.0,,0.0,-2.93,,1e-07,1.0,146.0,4.06,37.2,11.7,8.66,1.0,60.1,Pathogenic
VAR00424,,Female,White,29.7,Never,Moderate,No,Colorectal,APC,,,No,22.95,0.0,0.995,0.301,0.284,2.39,-2.85,1.94e-06,0.16,331.0,,77.2,0.0,1.17,1.0,3.8,Benign
VAR00425,59.0,Male,White,28.6,Former,Moderate,Yes,Lung,CHEK2,Splice_site,,Yes,28.87,1.0,0.658,0.307,,4.9,7.17,,0.365,481.0,0.0,32.9,36.6,,363.9,56.4,Pathogenic
VAR00426,58.0,Male,Hispanic,27.3,Never,None,Yes,Colorectal,,Splice_site,20.0,No,28.63,0.0,0.232,0.208,0.0,,7.93,0.5,0.407,251.0,24.49,34.1,,0.1,4.8,61.8,Benign
VAR00427,50.0,Female,,30.5,Former,Moderate,,Lung,MSH2,Splice_site,26.0,Yes,2.76,0.223,0.474,0.0,0.362,-10.38,6.02,5.389e-05,0.02,384.0,,0.0,0.0,0.53,,0.0,Benign
VAR00428,38.0,Female,Hispanic,28.8,Never,None,Yes,Colorectal,MLH1,Splice_site,4.0,Yes,27.15,0.922,0.585,0.882,0.276,-2.79,7.3,5.54e-06,0.413,246.0,2.86,1.4,0.0,9.68,118.1,89.2,Benign
VAR00429,59.0,,Asian,30.9,Never,None,No,Lung,MSH2,Splice_site,13.0,No,,0.0,0.801,0.0,0.0,1.53,-7.56,0.5,0.083,424.0,3.25,0.0,27.4,,13.2,,Benign
VAR00430,,Female,,26.2,Current,Heavy,Yes,Breast,MLH1,Missense,3.0,Yes,39.92,1.0,1.0,0.0,0.68,2.11,6.82,0.00175373,0.02,280.0,22.98,8.9,6.1,3.02,187.3,0.0,Benign
VAR00431,62.0,Female,White,35.0,,None,Yes,,,,,Yes,,0.0,1.0,0.601,0.827,2.36,-6.35,0.32617944,0.02,350.0,11.68,33.8,24.3,4.32,6.5,49.1,Benign
VAR00432,86.0,Male,Hispanic,31.4,Never,Moderate,Yes,Colorectal,PTEN,Nonsense,27.0,,20.0,0.795,,0.838,0.45,4.77,3.97,1.04e-06,0.555,283.0,9.83,100.0,11.7,1.29,908.4,100.0,Pathogenic
VAR00433,74.0,Male,White,30.2,Never,None,No,Ovarian,MSH2,,24.0,,0.0,0.946,0.62,0.072,0.575,-4.95,0.32,0.00047442,0.826,237.0,0.0,0.0,28.4,1.2,7.7,0.0,Benign
VAR00434,65.0,Female,White,30.0,,Moderate,Yes,Breast,PALB2,Splice_site,27.0,No,,0.009,0.221,0.0,0.677,-4.18,,1e-07,0.358,109.0,4.43,68.1,32.4,,176.2,,Benign
VAR00435,55.0,Male,,33.3,Current,Heavy,No,Colorectal,PTEN,Synonymous,9.0,No,0.0,,0.43,0.67,,-9.1,-4.41,0.00025632,0.02,177.0,0.21,57.2,0.0,5.65,22.4,28.3,Benign
VAR00436,31.0,Male,Hispanic,32.6,Never,Moderate,Yes,Breast,APC,Missense,8.0,No,36.7,0.023,0.463,,0.0,1.07,6.39,0.00012204,0.119,289.0,10.33,0.0,0.7,0.1,2.4,33.2,Benign
VAR00437,39.0,Female,Hispanic,26.9,Former,Moderate,No,Ovarian,,Synonymous,24.0,Yes,9.27,0.156,1.0,0.981,0.077,6.2,,0.04731649,0.539,369.0,1.61,19.2,47.6,0.14,15.1,0.0,Benign
VAR00438,73.0,Female,Hispanic,32.5,Never,None,,Ovarian,BRCA1,,18.0,Yes,14.49,0.672,0.636,0.846,,0.08,0.33,,0.877,524.0,,19.7,,,23.7,0.0,Benign
VAR00439,46.0,Male,,28.4,Former,None,No,Lung,PTEN,Synonymous,11.0,No,,0.0,0.641,0.948,0.279,-2.96,-10.41,0.00766557,0.798,263.0,21.36,0.0,31.4,0.71,14.3,0.0,Benign
VAR00440,47.0,Male,White,37.1,Never,Moderate,No,,CHEK2,,6.0,No,7.68,0.0,0.063,0.708,,0.62,2.57,0.5,0.497,250.0,13.61,7.4,60.7,200.0,,22.1,Benign
VAR00441,54.0,Female,Hispanic,33.0,Never,Moderate,,Prostate,ATM,,1.0,No,9.92,,1.0,0.0,0.064,-0.12,-3.59,,1.0,174.0,0.0,0.0,40.2,0.92,607.8,0.2,Benign
VAR00442,42.0,Male,Asian,,,,,Pancreatic,MLH1,Frameshift,2.0,No,9.33,,0.174,0.228,0.058,-7.4,3.07,0.00189983,,414.0,0.0,8.3,21.0,0.93,,51.7,Benign
VAR00443,40.0,,White,39.2,Current,Moderate,No,Pancreatic,BRCA1,Synonymous,19.0,No,16.18,0.269,0.41,0.093,0.0,1.66,,3.42e-06,0.02,,15.94,11.1,0.0,38.96,1.0,64.8,Benign
VAR00444,51.0,Male,Other,17.0,,None,,Breast,APC,Splice_site,8.0,Yes,,0.697,0.682,1.0,0.435,4.31,-5.35,,0.446,369.0,1.26,35.8,43.6,38.57,66.7,19.2,Pathogenic
VAR00445,40.0,,,30.7,Never,None,No,,BRCA2,Splice_site,23.0,Yes,12.37,0.388,0.474,,0.0,4.02,4.04,4.9e-07,1.0,358.0,10.62,12.6,44.1,3.28,140.1,65.1,Pathogenic
VAR00446,42.0,Female,White,24.0,Current,Heavy,Yes,Breast,TP53,,23.0,Yes,40.93,0.668,0.0,0.772,0.247,6.2,10.0,2.84e-06,0.86,279.0,8.93,,24.4,4.07,1.0,,Pathogenic
VAR00447,42.0,Female,White,,Never,Moderate,Yes,Breast,CHEK2,Nonsense,13.0,Yes,27.97,1.0,0.0,1.0,0.0,4.34,5.91,4.273e-05,1.0,,2.87,0.0,55.4,40.79,7.1,100.0,Pathogenic
VAR00448,61.0,Female,White,28.8,Never,Moderate,No,Prostate,,Frameshift,9.0,,0.0,0.357,0.283,0.257,0.0,6.2,-4.24,0.00306156,0.415,235.0,0.0,63.6,27.1,4.72,227.5,13.1,VUS
VAR00449,49.0,Male,Hispanic,23.5,Never,Moderate,No,Prostate,BRCA1,Missense,5.0,No,20.52,1.0,0.0,0.572,,1.04,,1e-07,0.628,268.0,12.23,38.8,23.2,2.45,59.9,68.0,Pathogenic
VAR00450,,Male,White,26.2,Never,,No,Lung,CHEK2,Synonymous,7.0,No,32.1,,0.0,0.0,0.0,-6.37,,0.00082659,0.308,,0.0,60.8,43.6,,27.0,95.0,Benign
VAR00451,64.0,Male,White,23.9,Never,Moderate,No,Prostate,BRCA2,Synonymous,,,5.47,0.047,0.181,0.762,0.244,,2.27,0.5,0.036,306.0,0.0,11.3,30.9,154.65,,0.0,Benign
VAR00452,54.0,Female,Black,26.0,Never,None,No,Lung,PTEN,Synonymous,21.0,No,0.0,0.0,0.0,0.299,,5.84,-2.6,0.5,0.413,235.0,17.89,,35.7,1.28,2.2,,Benign
VAR00453,48.0,,Asian,25.9,Never,Heavy,,Colorectal,PALB2,Splice_site,20.0,Yes,4.46,1.0,0.483,1.0,,,9.23,4.4e-07,0.475,251.0,,,0.0,2.55,,28.5,Pathogenic
VAR00454,62.0,Female,,23.7,Never,None,No,Breast,ATM,Missense,26.0,No,0.0,0.0,0.962,0.324,0.0,-5.99,-0.64,0.00424116,0.196,,12.4,2.4,28.5,2.26,,0.0,Benign
VAR00455,65.0,Female,,28.9,Former,Moderate,Yes,Pancreatic,MLH1,Missense,18.0,No,0.0,0.349,,0.0,0.0,2.05,3.86,1.6e-05,,215.0,19.4,27.8,13.0,2.79,1.0,30.3,Benign
VAR00456,50.0,Female,White,29.5,Never,Moderate,Yes,Lung,,Frameshift,14.0,Yes,34.76,0.935,0.213,0.339,0.835,3.06,10.0,0.00082575,0.624,143.0,11.5,25.0,11.8,1.04,2000.0,60.1,Benign
VAR00457,53.0,Male,,22.5,Former,None,No,Ovarian,BRCA2,Splice_site,10.0,Yes,28.78,0.906,0.0,0.754,0.414,,10.0,0.5,,359.0,20.14,78.2,17.7,141.61,6.8,,Pathogenic
VAR00458,46.0,Female,Black,19.2,Never,None,No,Breast,PTEN,Synonymous,10.0,No,,0.0,,0.365,0.118,,5.06,0.0001227,0.036,,,76.1,9.5,1.14,36.4,47.3,Benign
VAR00459,45.0,Male,White,29.1,Never,Moderate,,Prostate,CHEK2,Missense,10.0,No,0.0,0.0,0.206,0.0,0.928,-3.7,4.47,0.5,0.229,497.0,16.38,72.5,,7.07,286.8,14.2,Benign
VAR00460,66.0,Male,Black,,Never,Heavy,Yes,Prostate,TP53,Frameshift,24.0,,32.04,0.233,0.0,0.0,0.0,6.2,-10.02,0.16021717,0.02,424.0,15.03,82.7,0.2,77.94,26.2,86.0,Benign
VAR00461,62.0,Male,Other,31.2,Never,None,No,Colorectal,MLH1,Missense,15.0,No,0.0,0.0,,,0.0,-3.29,1.31,0.00097474,0.02,328.0,26.37,0.0,0.0,1.23,14.3,72.0,Benign
VAR00462,,Female,Black,30.3,Former,Moderate,Yes,Pancreatic,APC,Missense,,No,0.0,0.0,,0.896,0.0,-3.3,2.5,4.95e-05,0.664,383.0,22.41,68.4,19.2,5.78,43.7,35.7,Benign
VAR00463,56.0,,Black,35.4,,Moderate,Yes,Ovarian,MSH2,,6.0,Yes,,0.587,0.0,0.0,0.329,6.2,9.98,0.5,0.912,414.0,16.7,41.6,45.9,0.38,2000.0,66.2,Pathogenic
VAR00464,57.0,Male,Black,,Former,,No,Pancreatic,ATM,Missense,1.0,Yes,6.38,0.0,,0.0,0.469,-12.0,0.27,0.18926028,0.691,266.0,44.64,22.2,12.4,0.49,20.8,,Benign
VAR00465,62.0,Female,Hispanic,40.9,Current,Moderate,Yes,Lung,MLH1,,23.0,Yes,31.51,0.1,0.0,1.0,,6.2,9.85,0.00229183,1.0,298.0,23.95,,17.1,5.92,1.0,47.2,VUS
VAR00466,68.0,Male,,43.0,Never,Moderate,Yes,Lung,APC,Missense,6.0,No,22.65,0.18,0.752,0.0,0.642,6.2,-5.24,0.00076147,0.629,439.0,23.82,2.1,16.7,1.1,1.2,0.0,Benign
VAR00467,,Male,White,18.7,Current,Moderate,No,Prostate,TP53,Synonymous,,No,21.48,0.0,,0.0,0.192,4.44,,0.00354369,0.428,,,0.0,67.2,12.39,1.8,14.5,Benign
VAR00468,55.0,Female,White,16.5,Never,,Yes,Prostate,MSH2,Missense,8.0,No,46.27,0.0,1.0,,0.0,-4.24,4.32,2.62e-06,0.682,235.0,0.84,41.4,38.9,0.87,11.1,5.5,Benign
VAR00469,,,Black,27.5,Never,Heavy,No,Breast,PTEN,,14.0,No,0.0,0.0,0.483,0.041,0.304,-2.79,-5.0,0.18371943,0.083,573.0,7.01,9.4,,1.48,1.0,23.9,Benign
VAR00470,55.0,Female,White,30.0,Never,Moderate,Yes,Prostate,PALB2,Nonsense,26.0,Yes,31.64,,,0.829,0.494,5.09,10.0,,0.02,171.0,0.0,16.2,18.2,1.39,9.3,7.1,Benign
VAR00471,60.0,Female,White,27.1,Former,None,Yes,Colorectal,APC,,24.0,No,19.8,1.0,0.0,,0.451,6.2,-0.53,,0.408,69.0,13.53,94.1,7.8,53.17,,12.1,Pathogenic
VAR00472,60.0,Male,Hispanic,31.0,Former,Moderate,No,Breast,,Missense,,No,39.65,0.0,,0.578,0.552,,0.86,2.02e-05,0.288,509.0,5.45,18.4,55.5,1.69,200.7,63.0,Benign
VAR00473,59.0,Female,White,26.1,Current,Moderate,No,Lung,PALB2,Synonymous,15.0,,10.77,,,0.0,,6.2,1.53,0.5,0.451,400.0,21.32,0.0,0.0,0.66,2.0,21.5,Benign
VAR00474,42.0,Female,Black,,Former,None,,Colorectal,TP53,Splice_site,23.0,Yes,0.0,,,0.0,0.693,,3.92,4.7e-07,0.239,340.0,29.34,37.3,4.3,,168.9,41.9,Pathogenic
VAR00475,64.0,Female,White,24.8,Never,Moderate,No,Colorectal,BRCA1,Missense,,Yes,19.45,0.573,1.0,0.624,0.0,-0.93,1.34,,0.191,409.0,9.31,94.5,37.9,,38.6,10.2,VUS
VAR00476,90.0,Female,White,,Current,Moderate,,Ovarian,MLH1,Missense,13.0,No,12.2,0.083,0.368,0.0,0.0,-3.06,1.2,2.97e-06,,245.0,0.78,12.5,52.6,10.85,96.5,12.9,Benign
VAR00477,47.0,Female,White,31.7,Current,None,No,Breast,CHEK2,Nonsense,7.0,No,39.93,1.0,,0.52,0.199,6.2,-0.26,8.6e-07,0.063,129.0,,71.9,21.6,4.33,1.0,,Benign
VAR00478,57.0,,White,25.1,Former,Moderate,No,Breast,PALB2,Missense,22.0,,0.0,0.492,0.0,0.822,0.0,5.41,,1.1e-06,,271.0,0.0,0.0,17.0,200.0,1.0,0.0,Benign
VAR00479,50.0,Female,Other,,Former,,No,Lung,APC,,13.0,Yes,13.16,,0.635,0.0,0.27,0.81,0.82,0.02046442,,,0.0,38.8,,0.81,1.0,3.6,Benign
VAR00480,46.0,Female,Other,,Former,Moderate,No,Breast,TP53,,7.0,Yes,23.74,0.137,0.098,0.708,0.0,4.79,10.0,1e-07,0.02,211.0,19.73,46.7,23.3,0.2,,60.6,Benign
VAR00481,76.0,Male,Hispanic,26.5,Never,Moderate,No,Lung,APC,Missense,20.0,No,0.0,0.224,,0.531,0.673,6.2,,0.22669769,0.235,254.0,5.03,18.1,59.8,1.62,2.6,13.3,Benign
VAR00482,43.0,Male,Black,,Current,None,,Colorectal,MLH1,Missense,24.0,Yes,33.4,,0.0,0.28,0.044,6.2,,1e-07,0.2,,8.7,17.5,29.9,200.0,2.2,0.0,Benign
VAR00483,46.0,,,22.9,Current,Moderate,,Breast,APC,Missense,24.0,No,,0.388,1.0,1.0,,-4.54,5.61,1e-07,0.4,268.0,0.0,26.1,15.3,10.63,,54.0,Benign
VAR00484,31.0,Female,Asian,21.8,Former,Moderate,No,Breast,BRCA1,Missense,26.0,Yes,44.54,0.495,0.758,0.369,0.455,4.64,2.13,0.00191864,0.611,362.0,0.7,0.0,29.2,4.28,2000.0,51.7,Pathogenic
VAR00485,,Female,White,29.0,Never,Moderate,No,Ovarian,PTEN,Missense,18.0,No,8.43,0.155,0.614,,0.166,,-0.81,,,381.0,,0.0,38.8,,3.3,0.0,Benign
VAR00486,,Female,White,29.5,Never,Moderate,No,,BRCA1,Missense,21.0,No,22.25,0.53,0.0,0.002,0.326,0.29,7.57,0.00050577,0.881,353.0,25.96,0.0,4.9,1.5,4.2,0.0,VUS
VAR00487,64.0,Female,Hispanic,23.2,,None,No,Pancreatic,MSH2,Synonymous,7.0,Yes,0.0,,,,0.99,6.2,,,1.0,40.0,17.07,,26.6,30.96,185.6,26.8,Benign
VAR00488,90.0,,Other,34.2,Current,None,No,Ovarian,MSH2,Missense,9.0,No,,0.605,1.0,0.0,,-1.0,-2.34,0.00484623,0.02,208.0,0.0,6.0,22.4,0.43,32.0,23.3,Benign
VAR00489,51.0,,White,37.1,Former,Moderate,,,BRCA2,Missense,4.0,No,0.0,0.313,0.6,0.616,0.171,-3.98,,0.5,0.16,210.0,1.34,0.0,1.3,2.65,17.6,37.0,Pathogenic
VAR00490,34.0,Female,White,24.4,Current,None,Yes,Lung,BRCA1,Synonymous,3.0,,,0.205,1.0,0.0,0.005,,-11.4,,0.062,452.0,,,14.4,3.38,5.6,99.3,Benign
VAR00491,64.0,Male,White,34.9,Never,Moderate,,Ovarian,BRCA1,Frameshift,23.0,Yes,32.14,,,0.57,0.863,6.2,4.07,2.56e-06,0.122,227.0,3.52,88.3,13.3,5.1,80.2,75.3,Pathogenic
VAR00492,,Female,White,16.0,Current,Moderate,Yes,Colorectal,BRCA2,Synonymous,13.0,No,10.15,0.067,0.079,0.0,0.229,-5.66,9.43,6.61e-06,1.0,111.0,0.0,6.5,13.0,1.29,1.0,0.0,Benign
VAR00493,73.0,,Hispanic,32.9,Never,None,,,BRCA2,Missense,15.0,,19.98,0.0,0.627,0.481,0.132,-1.74,9.73,5.491e-05,0.276,,4.59,55.2,,0.12,34.3,67.6,Benign
VAR00494,48.0,Female,White,,Never,None,Yes,Lung,PTEN,Missense,,,0.0,0.585,0.0,0.711,0.0,6.2,,,,330.0,,0.0,,7.85,,,Pathogenic
VAR00495,48.0,Female,Asian,32.4,Never,Moderate,Yes,Ovarian,TP53,Missense,5.0,Yes,,,0.006,0.212,,-5.69,-6.96,0.38736842,0.901,597.0,22.53,35.5,28.2,1.39,627.0,9.6,Benign
VAR00496,50.0,Male,Hispanic,22.7,Never,None,No,Prostate,APC,Frameshift,3.0,Yes,39.75,1.0,0.306,0.919,0.04,0.08,-1.3,1.383e-05,,168.0,11.1,79.2,33.8,66.2,506.3,,Pathogenic
VAR00497,,Female,White,27.2,Never,Moderate,,Colorectal,BRCA1,Synonymous,14.0,No,38.27,0.112,0.668,0.0,0.0,-7.21,-2.31,0.27237472,,296.0,0.0,34.5,20.8,1.73,,41.3,Benign
VAR00498,49.0,Male,,23.4,Former,None,Yes,Ovarian,,Nonsense,,,27.62,0.413,0.0,1.0,0.103,0.73,6.58,1e-07,,,0.0,19.1,14.0,4.45,2000.0,41.7,Benign
VAR00499,50.0,,Hispanic,26.4,Never,Heavy,Yes,Pancreatic,ATM,,,No,0.0,0.621,0.35,0.0,0.0,-1.88,-3.82,5.08e-06,0.79,206.0,16.96,5.8,48.8,3.43,,53.3,Benign
VAR00500,49.0,Male,White,36.6,Former,,No,,CHEK2,Nonsense,,Yes,23.0,0.0,0.0,1.0,0.277,3.72,-4.09,,,230.0,0.0,52.0,49.0,13.45,38.5,76.1,Pathogenic
VAR00501,,Male,White,27.0,Never,Moderate,Yes,Breast,MSH2,Missense,,Yes,27.05,1.0,,,0.285,0.63,10.0,1.7e-07,1.0,199.0,19.75,40.2,38.3,0.11,43.0,21.1,Pathogenic
VAR00502,61.0,Female,Hispanic,38.1,Former,,,,,Missense,,No,25.47,0.0,0.257,0.127,0.0,-1.24,5.6,3.33e-06,,340.0,0.0,63.6,,,,0.0,Benign
VAR00503,29.0,Female,White,25.6,Never,None,Yes,Lung,BRCA1,Synonymous,25.0,,28.76,1.0,0.526,,0.06,6.2,2.78,7.89e-06,0.075,327.0,14.6,,28.3,0.14,177.1,63.1,Pathogenic
VAR00504,50.0,Male,White,,,Moderate,No,Colorectal,TP53,Missense,18.0,Yes,0.0,0.0,0.473,0.478,0.056,2.02,5.29,0.00407695,0.384,317.0,0.0,58.2,7.4,1.13,1.0,67.6,Benign
VAR00505,62.0,Female,White,19.4,Former,None,Yes,Colorectal,APC,Missense,15.0,No,43.18,0.926,0.0,0.705,0.071,6.2,,,0.824,460.0,,50.2,23.8,19.06,,94.5,Pathogenic
VAR00506,60.0,Female,White,26.1,Never,None,No,Breast,CHEK2,Splice_site,20.0,No,16.95,1.0,0.358,0.0,0.0,-2.56,-14.19,,0.02,381.0,4.91,26.1,0.8,189.78,1.9,78.4,Benign
VAR00507,64.0,Male,Black,24.8,Never,None,No,Breast,,Missense,,,,,,0.069,0.019,,4.85,,0.212,412.0,8.26,10.2,36.3,0.31,47.2,26.2,Benign
VAR00508,51.0,Female,White,35.2,Never,Moderate,Yes,Ovarian,APC,Synonymous,25.0,Yes,39.34,,0.0,,,5.5,6.12,0.00056424,0.091,,25.37,82.4,51.6,0.87,,88.9,Pathogenic
VAR00509,,Female,Black,28.4,Never,Heavy,No,Colorectal,BRCA2,Missense,,No,0.0,0.216,0.787,0.499,1.0,-1.84,-15.03,0.02833107,0.77,354.0,13.23,0.0,1.7,0.1,17.8,63.8,Benign
VAR00510,64.0,Female,White,,Never,None,Yes,Ovarian,BRCA1,Splice_site,19.0,,23.3,,0.153,0.94,0.67,4.68,10.0,,,422.0,34.88,0.0,53.6,1.08,,100.0,Pathogenic
VAR00511,58.0,Female,Hispanic,20.9,Never,Moderate,Yes,Colorectal,BRCA1,Missense,,,19.66,,0.379,1.0,0.584,-3.93,7.0,6.12e-06,1.0,194.0,0.0,,33.3,200.0,,70.1,Pathogenic
VAR00512,68.0,Female,White,22.4,,Moderate,No,Lung,BRCA2,Missense,9.0,No,3.12,0.2,0.913,0.124,0.0,-1.19,,0.00084197,0.081,248.0,35.28,0.0,8.0,0.1,,5.8,Benign
VAR00513,66.0,Female,Asian,32.2,,None,No,Lung,ATM,Missense,24.0,,22.28,0.257,,0.215,0.079,4.49,3.3,9.336e-05,0.509,328.0,,,26.6,0.1,1.0,65.2,Benign
VAR00514,49.0,Female,Asian,31.5,Never,None,Yes,Lung,BRCA1,Synonymous,1.0,No,0.0,0.0,,,0.0,6.2,,6.86e-06,0.02,325.0,1.32,100.0,49.7,,2000.0,0.0,VUS
VAR00515,39.0,Female,White,26.0,Never,None,No,,,Missense,21.0,No,25.39,0.262,0.665,,0.246,6.2,4.21,0.47168713,0.336,164.0,19.85,,44.3,14.94,1690.9,62.4,Benign
VAR00516,57.0,,Black,24.8,Never,None,,Breast,ATM,Missense,8.0,Yes,30.78,0.601,0.21,0.619,,5.37,-5.69,1e-07,0.091,404.0,37.73,46.1,,5.49,25.8,100.0,Pathogenic
VAR00517,59.0,Male,White,31.1,Never,,No,Lung,MSH2,Nonsense,26.0,,21.86,1.0,0.0,0.734,0.0,6.2,4.61,,,478.0,,100.0,15.3,6.49,188.2,94.1,Pathogenic
VAR00518,66.0,Female,Hispanic,21.9,Former,Moderate,Yes,Breast,APC,,16.0,No,28.33,1.0,0.0,1.0,0.152,6.2,0.32,3.4e-07,1.0,470.0,,53.9,5.1,25.83,29.4,18.8,Benign
VAR00519,,Female,Black,29.8,Former,Moderate,Yes,Lung,BRCA1,Splice_site,6.0,Yes,13.68,0.178,0.284,0.798,1.0,2.28,5.47,1e-07,0.642,,13.57,82.3,,26.97,25.7,63.6,Pathogenic
VAR00520,44.0,Female,White,29.4,Never,Moderate,,Colorectal,ATM,Synonymous,9.0,Yes,0.0,0.051,0.747,0.497,0.0,-3.86,-9.9,0.0002761,0.811,413.0,16.57,6.4,24.2,,,63.0,Benign
VAR00521,62.0,Male,White,26.1,Never,None,No,Colorectal,MLH1,,,No,0.0,0.42,0.034,0.54,0.18,1.63,,,0.171,276.0,5.56,15.4,18.1,0.18,,,Benign
VAR00522,51.0,Female,White,29.5,Never,,Yes,Prostate,PTEN,Nonsense,22.0,Yes,0.0,0.333,0.0,0.86,0.0,4.3,10.0,0.00082566,,328.0,19.16,9.6,11.0,0.6,220.9,,Pathogenic
VAR00523,31.0,Female,Hispanic,28.0,Former,Moderate,No,Ovarian,APC,Missense,10.0,Yes,0.0,,0.309,0.017,0.05,4.32,8.12,0.00014462,0.348,441.0,13.14,36.8,3.8,0.49,2.1,29.4,Benign
VAR00524,61.0,Male,Hispanic,30.0,Never,None,No,Breast,TP53,,,No,0.0,0.0,0.22,0.0,0.769,-10.33,6.92,0.00443293,0.598,467.0,0.0,37.9,34.8,,20.3,100.0,Benign
VAR00525,32.0,,White,20.8,Former,Moderate,No,,TP53,Missense,1.0,No,27.28,0.337,,0.0,0.25,-0.29,10.0,5.5e-07,,271.0,23.62,47.7,9.3,22.55,6.5,0.0,Benign
VAR00526,44.0,Male,White,30.6,Former,None,Yes,Ovarian,MSH2,Missense,4.0,No,0.0,0.652,0.097,,0.0,6.0,-10.98,2.63e-06,,263.0,7.28,35.7,36.5,,2000.0,0.0,Benign
VAR00527,74.0,Male,White,32.6,Former,Heavy,No,Ovarian,MLH1,Frameshift,1.0,No,7.35,0.286,0.463,0.51,0.058,3.12,0.44,,0.02,485.0,5.37,11.8,16.6,4.45,250.4,0.0,Benign
VAR00528,76.0,Male,Black,29.1,Never,Moderate,Yes,Breast,TP53,Splice_site,9.0,,45.59,1.0,0.0,0.38,,0.33,8.04,0.00062844,,309.0,0.41,60.8,20.3,,6.3,,Pathogenic
VAR00529,40.0,,White,,Current,Heavy,No,Colorectal,,Missense,6.0,,21.39,0.0,0.0,0.408,0.555,-5.46,,0.00039513,1.0,20.0,2.61,79.7,0.8,0.43,426.1,48.8,Benign
VAR00530,52.0,Female,White,27.0,Never,Heavy,No,Colorectal,PTEN,Synonymous,1.0,No,3.35,0.517,0.173,0.314,0.0,0.29,-10.92,0.00873673,0.333,368.0,19.11,23.2,29.2,0.39,46.0,0.0,Benign
VAR00531,57.0,Female,Asian,32.0,,Moderate,No,Prostate,,Synonymous,22.0,No,3.42,,0.427,0.691,0.0,4.07,6.37,0.04814698,0.082,232.0,9.36,0.0,17.0,2.82,269.0,100.0,Benign
VAR00532,,Male,White,27.8,,,,Lung,PALB2,,24.0,,10.84,,0.148,1.0,0.0,2.85,4.69,0.24030353,0.403,,15.91,0.0,2.6,12.05,180.7,0.0,Benign
VAR00533,46.0,Male,Hispanic,21.8,Former,Moderate,Yes,Colorectal,PTEN,Synonymous,25.0,Yes,50.0,1.0,0.11,1.0,,5.33,2.59,0.20564301,,385.0,12.52,48.0,17.9,11.69,1.2,32.2,Pathogenic
VAR00534,50.0,Male,White,31.6,Never,None,No,Lung,MLH1,,23.0,No,14.51,0.504,0.0,0.0,0.0,3.42,,0.00198949,0.184,117.0,7.23,0.0,6.5,1.61,71.3,0.0,Benign
VAR00535,72.0,Female,White,19.3,Never,Heavy,No,Prostate,TP53,Nonsense,4.0,,38.52,,0.0,,,5.97,7.28,1e-07,0.631,,0.0,16.8,0.0,,34.0,57.7,Benign
VAR00536,47.0,Male,Black,28.9,Never,Moderate,Yes,,TP53,Frameshift,5.0,,50.0,1.0,0.0,0.353,0.452,6.2,10.0,0.00012911,0.76,153.0,18.48,15.7,35.6,,2000.0,73.0,Pathogenic
VAR00537,61.0,Female,White,25.6,Former,,No,Colorectal,,Splice_site,23.0,,32.38,0.407,0.0,,0.61,6.2,0.74,0.5,0.699,238.0,10.27,54.6,1.3,0.21,4.0,60.5,Pathogenic
VAR00538,37.0,Male,White,,Never,,No,Breast,,Missense,1.0,No,26.08,,0.662,0.0,,-1.52,2.3,0.00011996,1.0,355.0,10.44,,30.2,0.2,102.8,66.9,Benign
VAR00539,50.0,Female,Other,,Never,None,Yes,Ovarian,MSH2,Frameshift,21.0,Yes,,0.118,0.0,1.0,0.332,0.77,8.07,,0.27,185.0,0.0,0.0,63.1,0.24,2.0,39.4,Pathogenic
VAR00540,33.0,,Asian,,Never,Moderate,No,Lung,ATM,Synonymous,4.0,Yes,,0.579,0.0,0.524,0.0,5.8,1.97,1e-07,0.02,185.0,44.69,70.2,5.1,22.56,2000.0,25.5,VUS
VAR00541,42.0,Female,Hispanic,30.1,Current,None,No,Prostate,TP53,Missense,2.0,No,0.0,0.019,0.936,0.0,,-1.82,-16.05,1e-07,0.232,357.0,7.03,59.1,30.4,1.36,73.3,32.4,Benign
VAR00542,63.0,Male,White,27.8,Former,None,No,,PALB2,Missense,22.0,Yes,10.22,,0.0,0.65,0.442,,7.58,0.00754183,0.316,378.0,19.46,49.2,14.7,5.6,11.0,100.0,Pathogenic
VAR00543,55.0,Female,White,24.4,Never,Moderate,No,Colorectal,,Missense,20.0,No,0.0,,0.879,0.915,0.55,6.2,2.31,0.00094378,0.461,300.0,11.42,9.3,26.5,8.73,617.6,,Benign
VAR00544,49.0,Female,White,34.2,Current,None,Yes,Breast,APC,Missense,3.0,Yes,37.78,0.633,,1.0,0.367,5.07,-0.63,1e-07,0.397,,,,0.0,4.19,2000.0,36.7,VUS
VAR00545,46.0,Female,Asian,28.5,Never,Heavy,No,Breast,BRCA1,Missense,2.0,No,21.14,,0.261,0.12,0.0,1.45,4.41,0.00255533,0.443,763.0,,,29.4,0.64,48.7,51.6,Benign
VAR00546,49.0,Female,Hispanic,30.7,Former,,Yes,Breast,PTEN,Missense,,Yes,49.0,,0.729,1.0,,3.96,8.04,0.5,0.596,,29.62,,23.9,0.49,24.5,46.5,Pathogenic
VAR00547,60.0,Male,,34.6,Former,Moderate,No,Ovarian,TP53,,8.0,No,7.83,1.0,0.243,0.138,0.037,4.31,3.38,0.00257198,0.754,74.0,8.5,0.0,65.4,1.5,1.0,30.6,Benign
VAR00548,,,Other,34.5,Never,None,No,Colorectal,MLH1,Missense,27.0,Yes,36.47,0.905,0.831,1.0,1.0,,,0.12331236,0.546,444.0,25.02,57.3,0.0,26.61,3.3,47.9,Pathogenic
VAR00549,22.0,Female,White,30.4,Former,None,Yes,Lung,TP53,Synonymous,15.0,No,16.54,0.0,0.4,0.0,0.005,0.52,-9.97,1.272e-05,0.468,190.0,16.77,,13.3,0.1,1.0,0.0,Benign
VAR00550,45.0,Male,Black,26.0,Current,Moderate,No,Breast,TP53,Missense,27.0,No,6.31,,0.509,,,,-9.83,0.5,1.0,361.0,15.89,,30.2,,288.3,0.0,Benign
VAR00551,58.0,Female,White,20.4,,None,No,Breast,APC,Synonymous,25.0,No,2.94,,0.963,0.573,0.056,3.01,5.13,0.00010601,0.02,,31.91,,37.8,0.1,325.5,79.5,Benign
VAR00552,55.0,Female,White,28.5,Never,Moderate,No,Breast,MSH2,Missense,17.0,No,0.0,0.647,0.817,0.362,0.0,,-6.09,3.269e-05,0.459,316.0,10.94,0.0,,17.03,1.2,32.2,Benign
VAR00553,61.0,Female,Asian,33.0,Former,Moderate,No,Lung,PTEN,Frameshift,3.0,No,5.6,0.241,,1.0,0.0,3.2,-4.23,1.253e-05,0.333,351.0,4.92,6.2,,0.1,,26.3,Benign
VAR00554,,Female,Asian,29.3,Never,None,No,Ovarian,BRCA1,Missense,25.0,,,0.54,,0.0,0.0,-0.49,7.3,9.282e-05,0.438,,6.89,0.0,23.2,0.1,9.7,29.0,VUS
VAR00555,,Female,White,16.0,Never,Moderate,No,Breast,TP53,Missense,,,25.87,0.153,0.0,0.555,0.0,-2.46,-12.66,0.5,0.625,253.0,11.72,71.2,24.4,14.17,4.1,9.3,Benign
VAR00556,48.0,Female,White,31.9,Never,None,No,Colorectal,BRCA1,Missense,7.0,Yes,33.16,0.79,0.0,0.272,0.654,-5.37,-7.68,2.281e-05,0.08,460.0,0.0,100.0,0.0,,68.4,31.9,VUS
VAR00557,53.0,Female,Black,32.2,Former,None,No,Breast,ATM,Missense,16.0,,10.29,0.461,1.0,0.645,0.53,,5.77,0.5,0.142,176.0,25.59,27.2,,0.1,,5.9,Benign
VAR00558,71.0,Male,White,,Former,Moderate,No,Ovarian,,Synonymous,10.0,Yes,40.5,0.0,1.0,0.604,0.0,-0.08,1.33,4.39e-05,0.69,359.0,2.59,0.0,49.3,,1.0,30.1,Benign
VAR00559,42.0,Male,Black,32.4,Current,,Yes,Prostate,PTEN,Missense,20.0,Yes,30.99,0.984,0.103,0.886,0.384,,-6.06,1.58e-06,0.486,374.0,11.71,44.6,4.2,6.27,15.6,13.7,Benign
VAR00560,51.0,Male,Black,30.6,Never,None,Yes,Ovarian,TP53,Splice_site,8.0,Yes,44.27,0.078,,0.511,0.505,0.01,3.73,1.3e-07,0.148,,,0.0,14.1,200.0,1.3,80.9,Pathogenic
VAR00561,58.0,Female,White,24.1,Current,Moderate,No,,MLH1,Missense,25.0,No,6.42,0.384,0.172,0.022,0.0,-6.46,,,0.712,427.0,7.53,9.0,0.0,0.19,1.0,17.3,Benign
VAR00562,76.0,Female,,33.9,Never,Moderate,No,Breast,PTEN,Missense,,No,0.0,0.051,0.147,0.0,0.59,4.21,-6.14,0.04655219,0.647,325.0,0.0,40.8,30.4,0.31,3.6,0.0,Benign
VAR00563,49.0,Male,,21.2,Former,Heavy,,Breast,BRCA1,Synonymous,13.0,No,,0.655,0.0,0.86,0.634,-2.77,-4.5,0.00012273,0.561,357.0,0.0,58.7,19.1,0.82,23.0,31.7,VUS
VAR00564,68.0,Male,Asian,27.2,Former,,No,Prostate,ATM,Missense,26.0,Yes,,0.327,0.116,0.0,0.192,6.2,,0.00052092,0.552,,0.0,41.3,36.6,19.23,1.0,5.0,Benign
VAR00565,72.0,,White,26.7,Never,Moderate,No,Lung,PALB2,Synonymous,23.0,No,3.84,0.308,0.805,0.0,0.069,6.2,6.13,9.374e-05,0.617,210.0,2.55,0.0,20.6,0.1,19.9,58.7,Benign
VAR00566,,Female,Black,23.4,Former,Moderate,Yes,Colorectal,BRCA1,Missense,23.0,,,1.0,0.161,1.0,0.0,1.27,10.0,1e-07,,207.0,0.99,,20.3,2.28,,47.5,Pathogenic
VAR00567,,Female,White,,Never,Moderate,No,Colorectal,ATM,Missense,17.0,No,7.94,,1.0,0.662,0.61,-1.6,5.55,0.5,0.508,253.0,10.0,3.1,20.9,4.05,96.2,0.0,Benign
VAR00568,52.0,Female,Hispanic,34.1,Never,None,,Breast,,Synonymous,16.0,Yes,1.87,0.266,,0.0,0.284,-11.07,8.56,2.8e-07,0.02,179.0,23.17,54.7,25.0,28.27,10.6,,Benign
VAR00569,53.0,Female,White,33.7,Former,Moderate,No,Ovarian,PALB2,Missense,6.0,Yes,26.8,0.785,0.648,0.506,0.212,-7.43,8.87,0.00032532,0.291,525.0,9.06,35.4,22.4,0.38,101.2,0.0,Benign
VAR00570,67.0,Female,White,31.1,Never,Moderate,,Ovarian,TP53,Splice_site,,No,37.7,1.0,0.913,0.0,0.0,3.38,-8.75,0.36496915,0.783,286.0,0.0,87.5,,,125.3,,Benign
VAR00571,55.0,Male,Hispanic,19.0,Former,None,Yes,Prostate,CHEK2,Missense,16.0,Yes,28.09,0.772,0.541,0.701,0.176,6.2,10.0,,,319.0,12.74,51.6,47.7,1.23,,71.7,Pathogenic
VAR00572,55.0,Female,,20.8,Never,Moderate,Yes,Lung,PALB2,Frameshift,9.0,Yes,36.51,0.547,0.0,1.0,0.658,1.24,7.21,6.87e-06,0.6,194.0,21.13,2.0,39.5,0.35,2000.0,20.4,Pathogenic
VAR00573,41.0,Male,White,28.3,Never,Moderate,No,Breast,MSH2,Missense,,Yes,23.31,0.0,0.748,0.0,,,10.0,1.849e-05,,545.0,0.82,0.0,53.6,1.8,,13.1,Pathogenic
VAR00574,43.0,Female,White,27.3,Former,Moderate,No,Lung,PALB2,Missense,19.0,No,,0.385,0.622,0.949,0.764,-6.69,10.0,0.00291926,,292.0,10.42,,1.0,1.26,8.5,23.0,Benign
VAR00575,82.0,Male,Other,25.0,Never,None,,Breast,MLH1,Missense,19.0,No,1.58,0.31,,0.594,0.0,-3.05,1.68,7.516e-05,0.02,,12.3,0.0,8.4,8.5,2.2,92.9,VUS
VAR00576,50.0,Male,White,37.0,,Heavy,Yes,Breast,CHEK2,Frameshift,14.0,Yes,21.55,0.0,0.069,1.0,0.383,,4.58,1e-07,0.83,265.0,0.0,20.8,42.0,200.0,,54.1,Benign
VAR00577,46.0,Female,White,28.0,Current,None,No,Breast,,Synonymous,8.0,Yes,14.49,0.691,,0.766,0.0,1.91,-1.62,0.09184596,0.397,297.0,22.86,,3.8,,,0.0,Pathogenic
VAR00578,,,White,30.2,Never,Heavy,No,,APC,Synonymous,,No,34.2,1.0,0.0,1.0,0.0,-3.37,6.95,,0.147,,8.95,4.2,51.2,4.54,2.8,,Pathogenic
VAR00579,60.0,Male,White,32.4,Never,Moderate,Yes,,MSH2,Synonymous,,No,0.0,0.702,0.084,0.622,0.26,3.08,2.26,0.00011368,0.298,172.0,1.4,23.7,12.8,7.17,7.5,44.3,Benign
VAR00580,,Male,,27.8,Never,,Yes,Prostate,CHEK2,,9.0,Yes,1.12,0.792,,0.0,,6.2,10.0,0.00334341,0.674,,12.33,0.0,19.4,0.48,340.2,49.1,Benign
VAR00581,54.0,Female,Black,40.5,,Heavy,No,Ovarian,CHEK2,Synonymous,26.0,Yes,0.0,0.267,,0.0,0.0,-1.29,,0.02091597,0.399,197.0,0.0,0.0,15.3,11.81,652.2,48.4,Benign
VAR00582,,,White,22.8,Never,Moderate,Yes,Ovarian,MSH2,Missense,9.0,No,21.9,0.299,0.694,0.052,0.0,-2.53,-1.91,0.0313392,0.089,409.0,23.72,,22.2,0.56,1733.7,100.0,Benign
VAR00583,54.0,Female,Black,24.5,Current,Moderate,No,Breast,MSH2,Missense,25.0,No,0.0,0.638,,0.449,0.184,3.15,0.88,0.2175812,0.808,174.0,,2.4,,4.42,9.8,0.0,Benign
VAR00584,37.0,Female,White,22.8,Current,None,No,,MSH2,Frameshift,15.0,,4.68,0.0,0.943,0.0,0.282,,,1e-07,0.556,339.0,32.71,35.8,,1.6,14.1,21.4,VUS
VAR00585,55.0,Female,Hispanic,35.3,Never,None,Yes,Breast,BRCA2,Missense,13.0,No,0.19,0.02,0.548,0.506,0.0,4.24,-9.77,0.03826399,0.057,207.0,21.77,25.1,,1.27,12.3,19.2,Benign
VAR00586,59.0,Female,White,,Former,None,Yes,Breast,TP53,Synonymous,8.0,No,26.27,0.327,0.355,0.6,0.678,0.3,1.52,0.00036026,0.438,240.0,0.0,45.8,63.1,77.22,4.7,0.0,VUS
VAR00587,80.0,Female,White,24.8,Never,Moderate,,Ovarian,ATM,,,No,23.26,0.599,0.0,0.105,,-1.41,,0.00011071,0.02,373.0,10.67,,13.8,0.34,,0.0,Benign
VAR00588,57.0,Female,Black,23.2,Never,None,No,Breast,CHEK2,Missense,23.0,No,15.77,0.0,1.0,0.232,0.155,-7.35,6.4,0.01104962,,450.0,0.0,,3.8,,6.2,,Benign
VAR00589,26.0,,White,34.4,Never,Moderate,No,,,Synonymous,27.0,No,25.43,0.0,0.527,0.234,0.056,-5.1,-2.22,,1.0,520.0,0.0,88.9,25.0,0.9,1798.4,5.6,Benign
VAR00590,51.0,Female,White,29.3,Former,Heavy,Yes,Lung,APC,,23.0,,,,0.842,1.0,0.445,6.2,8.71,,1.0,361.0,0.0,51.7,27.9,29.49,4.9,33.8,Benign
VAR00591,90.0,Male,White,34.6,Never,Moderate,No,,PALB2,Synonymous,3.0,Yes,0.0,0.394,0.245,0.592,0.0,-1.93,10.0,0.5,0.306,319.0,14.88,41.2,,0.14,31.0,0.0,Benign
VAR00592,67.0,Female,Hispanic,27.2,Current,None,,Breast,,Synonymous,24.0,No,17.32,0.149,0.957,1.0,0.03,1.62,2.05,0.5,,214.0,0.0,22.4,36.3,1.1,79.7,0.0,Benign
VAR00593,41.0,Male,White,30.1,Never,Moderate,Yes,Lung,MLH1,Frameshift,17.0,,22.18,0.12,0.0,,,3.71,0.89,2.027e-05,0.775,123.0,23.99,,3.3,0.64,2000.0,31.6,Pathogenic
VAR00594,64.0,Male,Hispanic,29.0,Former,None,Yes,Lung,PALB2,Splice_site,14.0,Yes,0.0,,1.0,0.0,0.0,,1.23,2.53e-06,0.632,388.0,9.16,12.1,,60.43,37.9,10.0,Benign
VAR00595,46.0,Male,Hispanic,24.4,Current,None,No,,CHEK2,,7.0,Yes,2.96,0.242,1.0,0.0,0.082,0.59,4.84,0.5,0.327,292.0,0.0,74.2,35.4,33.29,9.2,30.5,Benign
VAR00596,34.0,Male,Black,26.8,,Heavy,Yes,Lung,MSH2,Nonsense,14.0,Yes,39.51,0.857,,,0.913,6.2,9.12,1.25e-05,0.02,321.0,24.77,58.2,30.5,1.01,3.6,43.1,Benign
VAR00597,51.0,Male,White,21.6,Never,Heavy,No,Colorectal,PALB2,Synonymous,22.0,No,30.92,0.193,,0.0,0.0,4.36,9.95,,0.229,276.0,13.27,0.0,23.4,0.2,2.0,0.0,Benign
VAR00598,57.0,,Hispanic,30.0,Never,None,No,,PTEN,Missense,16.0,No,0.0,0.0,1.0,0.562,,0.42,,0.00476821,0.124,,0.0,33.5,26.4,0.87,17.7,32.8,Benign
VAR00599,32.0,Female,White,31.3,Never,None,No,Breast,CHEK2,Missense,3.0,Yes,17.74,,,0.0,0.0,-0.43,-13.96,0.05672553,,,19.65,0.0,33.8,12.13,8.6,29.0,Benign
VAR00600,41.0,Female,Asian,,Never,None,Yes,,MSH2,Missense,21.0,No,38.96,0.348,0.364,0.414,0.638,0.34,3.77,0.46881091,0.06,508.0,2.21,46.9,11.2,4.13,15.7,0.0,Benign
VAR00601,56.0,Female,Hispanic,30.8,Current,Moderate,,,MSH2,Splice_site,22.0,Yes,36.83,,0.629,0.0,0.0,-3.07,3.34,0.00217979,0.63,188.0,0.0,,27.9,1.01,75.4,94.6,Benign
VAR00602,47.0,Female,,26.9,,None,,Prostate,APC,Frameshift,19.0,Yes,,,0.494,1.0,0.998,6.2,8.63,1e-07,1.0,114.0,10.33,45.1,21.9,50.14,8.2,0.0,Pathogenic
VAR00603,61.0,Female,Hispanic,35.3,Never,None,No,Colorectal,,Missense,6.0,,42.32,0.907,0.0,0.658,0.0,-2.06,-4.55,0.5,0.785,294.0,0.82,0.0,24.5,4.8,,44.6,Benign
VAR00604,40.0,Male,,32.0,Former,Moderate,Yes,Pancreatic,CHEK2,Missense,8.0,Yes,23.14,0.0,1.0,0.0,0.927,-0.23,,2.526e-05,0.346,241.0,0.0,27.0,42.8,0.39,232.0,54.0,Benign
VAR00605,61.0,Male,White,,Never,None,Yes,Lung,MSH2,Splice_site,13.0,,0.0,0.588,0.542,1.0,0.633,,-0.35,,1.0,450.0,0.0,0.0,27.2,0.1,1.0,93.0,Benign
VAR00606,41.0,Male,White,34.8,Current,Moderate,No,Lung,ATM,,24.0,Yes,0.0,0.027,0.274,,,1.91,-5.38,0.0017537,,376.0,,0.0,47.6,178.19,28.0,31.6,Benign
VAR00607,,,Black,26.9,Never,Moderate,No,Prostate,APC,,,No,27.81,,0.0,0.0,0.0,1.72,,0.00019199,,529.0,21.85,0.0,13.1,1.3,,0.0,Benign
VAR00608,30.0,,Hispanic,29.4,,Moderate,No,Lung,CHEK2,Missense,3.0,Yes,,0.61,,1.0,0.736,4.18,10.0,2.143e-05,0.304,439.0,33.69,7.3,,0.1,113.6,100.0,Pathogenic
VAR00609,38.0,,Asian,31.4,Former,Moderate,Yes,Colorectal,,Frameshift,2.0,No,,0.419,0.0,1.0,,6.2,,6.263e-05,,,25.63,0.0,0.0,9.08,8.7,,Pathogenic
VAR00610,61.0,Male,White,21.8,,Moderate,Yes,Lung,,Missense,2.0,,9.05,0.132,0.0,,0.0,0.84,4.83,0.00017715,,336.0,,,4.7,0.1,82.1,0.0,Benign
VAR00611,74.0,Male,Black,21.9,Current,None,Yes,Breast,BRCA2,Missense,26.0,Yes,,0.828,0.222,1.0,0.771,3.66,,4.98e-06,1.0,,10.54,48.8,15.3,71.42,11.2,,Pathogenic
VAR00612,56.0,Female,Black,21.0,Never,,Yes,Pancreatic,,Nonsense,24.0,Yes,,1.0,0.686,0.769,0.0,6.2,-1.71,1.6e-07,1.0,220.0,4.38,0.3,30.5,62.9,353.0,4.2,Pathogenic
VAR00613,63.0,,,27.0,Never,None,No,Prostate,,Missense,6.0,,6.0,0.007,0.443,0.108,0.0,-3.04,-9.91,,0.623,368.0,13.58,37.2,13.0,1.48,57.7,0.0,Benign
VAR00614,56.0,Female,White,25.8,Never,Heavy,No,Lung,MSH2,Synonymous,25.0,No,22.13,0.0,1.0,0.05,,,-1.54,0.0399136,0.442,471.0,12.62,55.5,2.4,0.24,1950.8,0.0,Benign
VAR00615,43.0,,White,20.3,Never,None,No,Breast,PALB2,,14.0,No,0.0,0.0,0.875,0.381,0.251,,6.38,0.14382577,0.695,250.0,1.2,30.1,28.2,6.74,14.1,0.0,Benign
VAR00616,50.0,Female,Hispanic,28.2,Former,Moderate,Yes,Breast,,Frameshift,9.0,No,0.0,0.023,0.0,0.127,0.448,-1.33,6.54,0.00050553,0.599,293.0,12.13,33.9,0.0,30.98,54.1,23.1,Benign
VAR00617,36.0,Female,,27.0,Never,None,Yes,,MLH1,Nonsense,20.0,Yes,17.96,1.0,,0.966,0.344,-2.8,1.02,1.079e-05,,392.0,29.24,,0.0,,17.6,35.7,Benign
VAR00618,39.0,Male,,33.4,Former,Moderate,No,Breast,CHEK2,Missense,2.0,,0.0,0.354,1.0,0.0,0.0,-5.7,,0.04463028,0.02,485.0,5.96,40.6,7.3,1.1,23.7,9.0,Benign
VAR00619,61.0,Male,White,37.6,Current,Moderate,No,Lung,PTEN,Missense,4.0,Yes,0.0,0.452,,0.0,0.406,2.56,8.16,,0.389,238.0,0.0,,29.1,0.51,2.3,29.4,Benign
VAR00620,41.0,Female,White,29.8,,None,,Prostate,,Missense,7.0,No,,0.18,0.951,0.0,0.524,1.8,2.0,0.10567587,0.693,347.0,12.39,0.0,,1.18,,13.6,Benign
VAR00621,56.0,Male,White,24.0,Former,Moderate,Yes,Lung,TP53,,17.0,Yes,31.71,0.843,0.0,1.0,0.761,2.03,-6.55,1.26e-06,1.0,317.0,0.0,2.7,23.7,3.54,72.5,27.4,Pathogenic
VAR00622,39.0,Male,White,30.7,Never,,No,Ovarian,BRCA1,Missense,23.0,No,21.66,0.538,0.903,,0.0,6.2,-6.28,,1.0,290.0,,45.9,35.5,0.86,19.8,36.0,Benign
VAR00623,60.0,,Black,27.5,Former,,,Pancreatic,TP53,Splice_site,14.0,No,0.0,0.436,,0.0,1.0,,3.86,0.0425613,0.02,116.0,9.87,,30.5,0.32,169.3,7.9,Benign
VAR00624,50.0,,,26.3,Never,None,No,Prostate,BRCA2,Missense,12.0,,0.0,0.339,0.428,0.548,0.073,,-6.67,0.03217127,0.074,238.0,14.66,5.2,53.1,78.74,778.4,0.0,Benign
VAR00625,74.0,Female,White,23.2,Former,,,Lung,BRCA2,Missense,,No,5.05,0.187,,0.965,0.131,-7.73,-5.4,5.07e-06,0.346,185.0,7.33,0.0,24.9,1.47,,12.8,Benign
VAR00626,60.0,Female,White,25.2,Never,,No,Ovarian,CHEK2,Missense,1.0,Yes,0.0,,0.0,0.0,0.726,4.86,-5.17,0.29812556,0.02,,0.0,24.9,47.6,0.8,2.3,,Benign
VAR00627,72.0,Female,Hispanic,26.6,Never,Moderate,No,Lung,PTEN,Missense,18.0,No,23.49,,0.018,0.0,0.682,-1.7,6.31,0.0060631,1.0,270.0,44.99,43.7,33.2,,100.7,0.0,Benign
VAR00628,42.0,Male,White,31.5,Never,,Yes,,MLH1,Nonsense,22.0,Yes,14.0,,0.0,1.0,0.747,6.13,6.44,1.21e-06,0.598,189.0,5.7,63.7,14.9,8.17,422.6,77.5,Pathogenic
VAR00629,57.0,Male,Other,30.1,Never,Heavy,No,Breast,ATM,Missense,12.0,No,0.0,1.0,1.0,0.208,0.0,4.13,10.0,0.00837511,0.869,,12.37,0.0,4.7,2.15,,0.0,Benign
VAR00630,39.0,,Black,36.6,Current,Moderate,Yes,Lung,TP53,,18.0,,15.98,1.0,0.0,0.804,0.497,2.97,3.8,0.00047988,0.472,525.0,4.82,52.0,,0.45,,53.2,Pathogenic
VAR00631,,Female,White,30.9,Never,None,Yes,Lung,MSH2,,,Yes,,0.374,0.107,1.0,0.6,6.2,4.23,0.05158621,0.689,247.0,0.0,32.2,0.0,4.33,632.3,57.3,VUS
VAR00632,49.0,Female,White,29.6,Current,Moderate,Yes,Ovarian,CHEK2,Missense,26.0,Yes,,0.248,0.196,0.762,1.0,3.07,8.61,1.86e-06,0.02,277.0,13.73,44.7,18.1,6.71,4.3,,Pathogenic
VAR00633,47.0,Male,White,26.0,Never,None,Yes,,,Missense,5.0,Yes,39.39,,0.671,,1.0,2.95,,0.0006848,0.02,295.0,0.0,3.3,19.4,4.83,,4.7,Benign
VAR00634,40.0,Male,Hispanic,22.3,Never,Moderate,No,Prostate,ATM,Missense,4.0,Yes,13.57,0.0,,0.284,0.0,3.94,-9.27,0.07745884,0.02,,7.33,,43.2,4.28,3.3,0.0,Benign
VAR00635,35.0,Female,White,24.7,Never,,No,Colorectal,BRCA2,Splice_site,26.0,,,,0.0,,0.718,6.2,3.03,1e-07,0.02,146.0,,73.7,9.2,6.27,,12.0,VUS
VAR00636,26.0,Male,,24.0,Never,Moderate,No,Breast,ATM,Missense,,No,2.89,0.0,0.429,0.129,0.0,6.2,-3.92,0.32560552,0.807,519.0,,,30.0,0.26,1.0,17.6,Benign
VAR00637,,Female,Hispanic,16.0,Former,Moderate,No,,BRCA1,Synonymous,11.0,Yes,0.0,,1.0,,0.0,-3.24,,1.2e-06,0.37,119.0,0.0,,,200.0,1.4,80.1,Benign
VAR00638,,,Asian,22.5,Never,Moderate,Yes,Lung,TP53,Frameshift,23.0,,7.48,0.037,0.213,,,-4.65,-2.97,1.08e-06,0.82,131.0,21.07,,37.6,6.37,1.0,34.2,Benign
VAR00639,31.0,Female,Asian,35.5,Current,None,Yes,Prostate,APC,Missense,8.0,No,17.31,0.847,0.0,1.0,1.0,3.34,9.34,0.01605365,0.497,402.0,17.17,37.2,,24.38,2000.0,53.5,Benign
VAR00640,38.0,Female,,29.3,Never,None,No,Colorectal,BRCA2,Missense,8.0,No,0.0,0.086,0.778,0.097,0.14,6.2,-1.42,1e-07,0.849,95.0,4.24,0.0,7.1,8.87,,72.9,Benign
VAR00641,79.0,Female,White,25.6,,Moderate,Yes,Breast,BRCA2,,2.0,,23.96,,1.0,0.618,,6.2,-9.38,,0.776,405.0,5.77,16.8,24.6,1.91,158.4,0.0,Benign
VAR00642,48.0,Female,Hispanic,29.5,Never,,,Breast,TP53,Missense,14.0,Yes,,0.733,0.035,0.15,0.061,,-3.12,0.5,0.324,,,56.3,68.6,,2.8,70.3,Benign
VAR00643,60.0,Female,White,17.7,Former,Heavy,No,,PTEN,Missense,21.0,No,0.0,0.363,1.0,0.464,0.198,,,,0.459,,7.67,,8.7,1.55,,4.2,Benign
VAR00644,60.0,Male,White,28.9,Never,Moderate,Yes,Lung,PTEN,Frameshift,27.0,Yes,33.93,0.532,0.295,0.503,,4.73,10.0,7.657e-05,0.694,325.0,33.97,,0.0,0.66,,63.5,Pathogenic
VAR00645,61.0,Female,White,,Current,None,Yes,Colorectal,MLH1,Frameshift,15.0,,,0.377,0.0,0.482,0.162,,6.79,1e-07,1.0,314.0,5.0,100.0,26.1,,2000.0,78.8,Pathogenic
VAR00646,32.0,Male,White,26.9,Never,Moderate,Yes,Breast,MSH2,Nonsense,3.0,Yes,50.0,,0.0,0.0,0.0,6.2,10.0,,0.532,,15.25,0.0,2.8,,6.0,,Pathogenic
VAR00647,52.0,Female,Asian,18.6,Never,Moderate,,Colorectal,PTEN,Nonsense,6.0,Yes,,0.0,,0.572,0.0,4.71,1.66,0.00320284,0.569,252.0,0.0,0.0,28.7,,2000.0,13.7,VUS
VAR00648,31.0,Male,White,25.4,,None,Yes,,TP53,Splice_site,8.0,Yes,25.53,,0.123,0.559,0.0,6.2,10.0,1.61e-05,0.02,303.0,0.0,50.6,37.7,6.1,2000.0,84.9,Benign
VAR00649,84.0,Female,Black,33.9,Former,,Yes,Colorectal,ATM,Nonsense,25.0,Yes,38.92,1.0,0.0,1.0,0.532,6.2,-1.44,3.081e-05,0.175,269.0,21.58,0.0,3.6,5.68,2.9,37.2,Pathogenic
VAR00650,35.0,,Other,28.8,Former,None,No,,BRCA1,Missense,16.0,No,7.43,0.0,,0.0,0.0,-0.11,-4.19,0.01605159,0.067,383.0,21.1,39.4,0.0,8.81,1.0,3.0,Benign
VAR00651,41.0,Female,White,20.4,Never,None,Yes,Colorectal,CHEK2,Missense,26.0,,,0.952,0.838,1.0,0.554,0.61,9.24,0.00049991,0.635,303.0,13.85,0.0,40.5,2.23,3.3,25.6,VUS
VAR00652,42.0,Female,Hispanic,,Former,None,No,Pancreatic,PTEN,Missense,23.0,Yes,,0.461,,0.801,0.141,-1.16,-2.46,2.55e-06,0.08,370.0,,,53.2,0.66,262.6,38.4,Benign
VAR00653,33.0,Female,White,21.2,Never,Moderate,Yes,Breast,BRCA1,Missense,24.0,Yes,9.59,0.872,0.0,0.771,0.0,3.54,,1.83e-05,0.593,277.0,7.96,73.5,16.5,84.88,1.0,14.6,Pathogenic
VAR00654,74.0,Female,White,26.3,Current,,Yes,,,Missense,8.0,,0.0,0.572,0.851,0.0,0.0,,-2.74,4.12e-06,0.306,390.0,0.0,0.0,46.9,0.35,,0.0,Benign
VAR00655,83.0,Male,White,22.3,Never,None,Yes,Colorectal,ATM,Frameshift,16.0,Yes,21.4,1.0,0.0,0.829,0.0,6.2,10.0,,0.547,417.0,29.58,0.0,,58.23,51.3,0.0,Pathogenic
VAR00656,50.0,Male,White,,Former,Moderate,No,Ovarian,PTEN,Missense,2.0,Yes,3.7,0.25,0.464,0.796,,6.2,10.0,0.5,0.74,102.0,23.44,0.0,34.8,2.53,3.6,8.2,Benign
VAR00657,,Male,,25.2,Never,Moderate,No,Prostate,CHEK2,,11.0,No,,0.071,0.818,1.0,0.0,-2.73,3.38,3.7e-07,0.444,,21.37,29.8,24.5,4.07,5.4,59.7,Benign
VAR00658,27.0,Female,White,30.7,Former,Moderate,Yes,Lung,ATM,Missense,9.0,No,,0.131,0.971,0.0,0.0,2.13,2.04,,0.27,244.0,0.0,53.2,34.2,1.14,11.6,100.0,Benign
VAR00659,53.0,Male,White,34.0,Current,None,No,Breast,BRCA2,Missense,5.0,No,7.54,0.0,0.0,0.207,,-3.33,5.74,0.33664246,,272.0,0.0,0.0,37.7,,22.6,28.5,Benign
VAR00660,52.0,Male,White,25.6,Current,None,No,,CHEK2,,2.0,No,0.0,0.0,0.0,0.0,0.354,2.34,3.27,0.0922288,,354.0,0.0,62.5,0.0,0.51,1013.9,82.4,Benign
VAR00661,48.0,Female,,22.4,Never,None,No,,PTEN,Missense,11.0,No,34.78,0.999,0.495,0.01,0.0,,,,0.397,333.0,33.62,15.0,19.9,4.47,6.6,,Benign
VAR00662,59.0,Female,White,29.9,Never,Heavy,No,Colorectal,BRCA1,Missense,2.0,No,21.92,0.0,0.131,1.0,0.639,-0.12,-2.04,5.504e-05,0.02,294.0,0.0,19.4,,0.38,14.4,23.2,Benign
VAR00663,57.0,,Hispanic,30.0,Former,Moderate,Yes,Breast,BRCA1,Missense,17.0,No,31.76,,0.072,,0.041,6.2,2.62,0.00408829,0.02,393.0,,76.5,5.7,0.79,184.3,48.3,Benign
VAR00664,56.0,Female,Asian,28.7,Former,None,Yes,Lung,APC,,8.0,,43.26,1.0,0.0,0.056,0.31,0.99,9.63,1e-07,0.402,340.0,,0.0,27.8,21.62,3.6,51.5,Pathogenic
VAR00665,52.0,Female,Hispanic,,,Moderate,No,Prostate,TP53,,7.0,No,0.0,0.293,0.072,0.306,0.399,-1.59,1.68,0.12522416,0.02,237.0,7.64,44.7,,5.54,929.9,17.7,Benign
VAR00666,,,Black,26.9,,,No,Breast,MLH1,Missense,3.0,Yes,39.93,0.319,1.0,0.399,0.0,-1.06,10.0,0.0059557,0.02,,15.33,0.0,22.6,0.15,2.4,6.6,Benign
VAR00667,61.0,,,28.0,Never,None,No,,,Missense,,Yes,14.74,,0.048,0.679,0.738,5.6,4.87,1e-07,0.397,437.0,11.18,0.0,19.7,56.73,128.3,100.0,Pathogenic
VAR00668,56.0,Female,Black,26.6,Never,None,No,Pancreatic,ATM,Missense,5.0,No,27.8,0.594,,,0.163,-0.2,-5.03,0.00027968,0.51,,0.0,0.0,18.6,33.91,,40.4,Benign
VAR00669,68.0,Female,,32.9,Former,None,No,Ovarian,,Missense,16.0,No,16.69,0.876,0.6,0.284,,3.98,-8.4,0.5,,,,41.6,,1.37,18.4,0.0,Benign
VAR00670,66.0,Male,Other,38.6,Never,None,No,Breast,MLH1,Missense,27.0,Yes,12.16,,0.81,0.0,,-12.0,-4.04,,0.343,235.0,0.0,44.0,50.1,0.1,2000.0,43.8,Benign
VAR00671,38.0,Male,White,28.4,Never,None,No,Breast,TP53,,20.0,No,27.14,0.468,0.24,,0.231,-3.96,-8.26,1.2e-07,,504.0,25.51,53.0,,0.12,34.5,57.6,Benign
VAR00672,37.0,,Black,27.5,Former,,No,Lung,,Missense,4.0,Yes,23.7,0.689,,0.017,0.093,6.2,,6.871e-05,,300.0,5.91,14.1,5.1,0.72,3.3,0.0,Benign
VAR00673,46.0,Male,Hispanic,28.8,Never,Moderate,No,Lung,PTEN,Synonymous,3.0,No,9.69,0.0,0.0,0.928,0.0,,,0.02580716,0.385,,14.89,0.0,14.0,28.97,1.9,59.1,Benign
VAR00674,42.0,,White,24.2,Current,Moderate,No,Breast,BRCA1,,24.0,No,1.36,0.867,0.0,0.367,0.128,-1.12,-4.04,0.5,0.07,366.0,3.07,36.5,34.3,3.27,401.6,54.0,Benign
VAR00675,65.0,Male,White,31.3,Never,,Yes,Breast,BRCA2,Missense,,Yes,14.85,0.835,0.0,0.291,0.0,4.34,5.22,0.00053151,,20.0,0.0,14.1,,,66.1,42.0,VUS
VAR00676,,Female,Black,29.7,Never,Moderate,No,,MSH2,Missense,10.0,No,6.38,,0.552,,0.0,,10.0,2.6e-07,0.02,219.0,29.0,23.9,31.2,51.43,5.2,80.2,Benign
VAR00677,70.0,Female,,25.4,Never,Moderate,No,Lung,CHEK2,Synonymous,13.0,No,13.58,0.906,0.782,0.0,0.0,-3.37,,0.00430708,0.525,,14.13,12.1,21.6,2.17,269.9,58.0,Benign
VAR00678,61.0,,White,32.0,Never,Heavy,No,Breast,,Missense,11.0,No,24.07,0.0,0.388,,0.246,2.53,-6.34,,0.022,20.0,11.43,12.8,25.8,13.01,2.4,3.6,Benign
VAR00679,55.0,Male,White,27.6,Former,None,No,Colorectal,BRCA2,Nonsense,16.0,,35.38,0.467,,0.793,0.034,6.2,4.01,1.532e-05,0.567,155.0,0.0,100.0,45.0,2.48,4.7,58.9,Pathogenic
VAR00680,72.0,Female,White,22.6,Never,Moderate,No,Colorectal,PALB2,Splice_site,6.0,No,,0.491,0.774,0.227,,-2.22,-10.91,0.04071415,0.522,271.0,,53.1,29.2,0.1,12.7,74.0,Benign
VAR00681,58.0,Male,Black,29.3,Never,None,Yes,Breast,,Nonsense,26.0,Yes,17.7,1.0,0.0,0.8,,6.2,9.74,1e-07,0.435,211.0,34.59,55.2,56.8,0.12,19.3,35.7,Pathogenic
VAR00682,,Male,Asian,,,None,No,Breast,CHEK2,Missense,11.0,No,,0.225,0.759,0.95,0.0,4.42,4.43,1.29e-06,0.02,237.0,24.14,0.0,10.1,0.41,1.0,4.7,Benign
VAR00683,75.0,Female,Asian,32.3,Former,Moderate,No,Prostate,,Missense,5.0,Yes,0.0,0.0,0.454,0.059,0.0,5.42,-1.97,0.00117997,0.204,193.0,2.95,17.7,5.5,4.58,5.1,31.0,Benign
VAR00684,57.0,,White,31.7,Former,Moderate,No,,PTEN,Missense,9.0,No,0.0,0.184,0.246,0.0,0.318,3.06,-5.1,0.36767517,0.857,,24.5,,29.2,6.88,84.2,18.5,VUS
VAR00685,52.0,Female,White,27.0,Never,Heavy,No,Ovarian,APC,Missense,24.0,No,17.55,0.008,0.306,0.0,0.0,6.2,10.0,2.923e-05,0.02,359.0,27.98,22.8,18.1,120.5,,100.0,Benign
VAR00686,45.0,Female,Hispanic,25.1,Never,Moderate,No,,,Missense,8.0,No,21.94,0.563,0.664,0.0,0.097,0.72,-6.95,0.00797197,,364.0,3.84,0.0,,2.32,16.5,72.7,Benign
VAR00687,61.0,Female,Hispanic,27.5,Never,None,Yes,Lung,CHEK2,Frameshift,22.0,,27.67,,0.637,0.35,0.298,0.33,1.77,6.42e-06,0.56,230.0,31.45,0.0,28.5,3.98,3.3,100.0,Pathogenic
VAR00688,,Female,White,29.3,Former,Moderate,Yes,Pancreatic,MLH1,,21.0,Yes,11.17,0.0,0.0,0.0,,-0.49,1.01,7e-06,0.65,427.0,23.82,0.0,0.0,0.31,36.2,67.4,Benign
VAR00689,55.0,Female,White,29.9,Never,None,No,Pancreatic,TP53,Missense,27.0,No,13.83,0.0,0.315,0.036,0.274,6.01,6.22,3.946e-05,0.02,336.0,17.74,43.9,,16.61,60.2,28.4,Benign
VAR00690,73.0,Female,White,29.0,Never,Moderate,,Lung,MLH1,Missense,5.0,No,18.73,,0.63,,0.0,-3.57,-0.15,0.00217902,0.287,438.0,,0.0,,51.1,565.9,0.0,Benign
VAR00691,30.0,Male,Hispanic,27.0,,Moderate,No,Colorectal,BRCA1,Synonymous,11.0,Yes,4.83,0.126,1.0,0.691,0.197,-9.7,,0.00031933,0.07,352.0,0.0,76.7,0.0,0.65,,,Benign
VAR00692,,,Black,32.5,Never,Moderate,Yes,Breast,PTEN,Missense,23.0,Yes,12.52,0.266,0.252,0.227,0.0,6.2,10.0,0.0002573,0.644,291.0,23.99,45.5,12.8,,21.3,10.8,Pathogenic
VAR00693,55.0,Female,White,24.1,Former,Moderate,No,Colorectal,PTEN,Missense,4.0,No,,0.0,0.152,0.219,0.097,-1.52,10.0,0.00023393,0.02,294.0,4.24,74.1,18.9,5.07,85.7,0.0,Benign
VAR00694,47.0,Female,Asian,39.9,Never,None,Yes,Ovarian,,Missense,1.0,No,38.84,0.626,0.097,,0.302,6.2,-2.85,0.37441082,0.089,359.0,0.0,11.8,20.5,,12.4,,Benign
VAR00695,86.0,,Black,31.3,Current,None,No,Lung,TP53,Missense,1.0,No,0.0,0.0,0.924,0.657,,2.63,-1.19,7.439e-05,,459.0,28.79,0.0,36.1,0.1,100.8,0.0,VUS
VAR00696,55.0,Female,Asian,21.9,Never,Heavy,No,Breast,,Missense,3.0,No,6.0,0.0,0.396,1.0,0.415,6.13,0.12,0.00287495,0.622,,4.35,0.0,34.0,3.28,,,Benign
VAR00697,51.0,Female,White,,Never,None,No,Prostate,CHEK2,Missense,22.0,Yes,1.92,0.894,0.0,0.0,0.311,-1.73,5.08,0.2289697,0.51,343.0,9.28,0.0,26.3,8.13,1.3,1.1,Benign
VAR00698,56.0,Female,White,31.4,,None,Yes,Pancreatic,PTEN,Synonymous,10.0,No,46.01,0.566,1.0,0.0,0.166,3.2,10.0,0.00137205,0.503,382.0,7.97,0.0,32.2,0.34,1.2,25.0,Benign
VAR00699,30.0,Female,,25.8,Never,Moderate,No,Breast,BRCA1,Missense,,,0.0,,0.701,0.0,0.395,2.19,0.1,0.000227,0.963,125.0,0.0,34.8,3.5,2.35,4.4,17.0,Benign
VAR00700,,Male,Other,20.0,Former,None,No,Lung,PALB2,Nonsense,20.0,No,12.84,0.631,0.0,0.65,0.034,,6.39,0.00013347,,163.0,,0.0,8.5,,1.0,60.7,VUS
VAR00701,65.0,,Other,22.3,Never,None,Yes,Prostate,BRCA1,Splice_site,9.0,Yes,22.26,,0.0,0.0,0.669,5.67,-7.1,0.00038771,0.913,344.0,23.83,,86.7,49.8,,75.6,Pathogenic
VAR00702,48.0,Male,Hispanic,30.2,Never,None,No,,PTEN,Missense,4.0,Yes,,0.582,0.0,0.08,0.049,-1.88,1.21,0.01631397,0.02,215.0,6.2,0.0,24.7,7.03,1.0,0.0,Benign
VAR00703,41.0,,White,18.7,Former,Moderate,Yes,Pancreatic,,Missense,27.0,Yes,,0.623,0.0,0.0,1.0,6.2,6.41,1e-07,0.47,291.0,8.06,69.3,37.8,1.59,683.5,100.0,Pathogenic
VAR00704,73.0,Female,White,20.3,Never,Moderate,Yes,Colorectal,BRCA1,,16.0,No,16.95,0.0,0.699,0.199,0.155,-2.75,,4.274e-05,0.22,319.0,10.67,3.1,1.3,9.17,1.5,,Benign
VAR00705,69.0,Male,White,,Former,Moderate,Yes,Breast,,Nonsense,12.0,Yes,39.16,0.196,0.511,1.0,0.0,1.08,3.24,1e-07,0.3,585.0,28.04,0.0,,0.16,566.8,14.3,Pathogenic
VAR00706,63.0,Female,Asian,26.4,Former,None,,Colorectal,,Missense,25.0,Yes,0.0,0.116,0.758,0.673,0.146,0.3,-6.9,0.06754655,0.661,301.0,0.0,,17.4,1.97,330.5,86.8,Benign
VAR00707,50.0,Male,White,24.0,Never,Heavy,Yes,Colorectal,,Synonymous,7.0,Yes,,0.0,0.0,0.0,,-0.98,,1e-07,,,4.53,59.7,12.4,0.81,1.0,15.9,Benign
VAR00708,,Male,Hispanic,25.0,Former,None,,Breast,BRCA2,Missense,16.0,No,0.0,0.0,0.411,0.0,0.346,0.58,-9.02,0.01217206,,342.0,6.27,34.2,53.7,11.78,13.8,62.4,Benign
VAR00709,46.0,Female,Asian,20.1,,,No,Prostate,PALB2,,,No,0.0,0.111,1.0,0.0,0.354,-2.54,-4.26,,0.021,,30.77,36.2,49.7,0.1,1197.6,46.3,Benign
VAR00710,43.0,,,29.9,Former,Heavy,,Lung,,Missense,1.0,,0.0,0.816,0.299,0.88,,5.6,1.15,0.09090755,0.185,379.0,22.89,33.6,21.5,200.0,23.3,36.0,Pathogenic
VAR00711,42.0,Female,,23.5,,Moderate,,,APC,Missense,8.0,Yes,7.86,,0.927,0.0,0.0,5.53,-14.3,0.00155785,0.02,371.0,,0.0,26.4,0.96,166.1,0.0,Benign
VAR00712,45.0,Female,Black,24.8,Never,None,No,Colorectal,TP53,,,Yes,15.72,,0.488,0.488,,6.2,3.41,1e-07,,239.0,,23.3,15.2,,,35.9,VUS
VAR00713,40.0,,White,29.2,,None,Yes,Ovarian,BRCA2,Nonsense,15.0,Yes,18.58,0.023,0.572,0.315,0.0,,10.0,5.11e-06,0.02,274.0,,69.6,1.5,18.16,,100.0,VUS
VAR00714,36.0,,Other,26.2,Former,Moderate,,Colorectal,MSH2,Missense,,No,15.64,0.0,,0.0,0.0,-7.91,-9.35,0.5,0.999,227.0,0.0,,,,403.8,0.0,Benign
VAR00715,59.0,,White,24.0,Never,,No,Colorectal,ATM,Missense,,No,,0.603,0.921,1.0,,1.03,-3.51,8.712e-05,0.658,239.0,0.0,0.0,26.5,4.03,11.6,20.9,Benign
VAR00716,59.0,,White,17.6,Never,None,No,Ovarian,BRCA2,,4.0,Yes,20.64,0.0,0.0,0.0,0.302,4.4,4.51,0.5,0.733,297.0,25.11,0.0,,2.87,18.4,38.1,Benign
VAR00717,78.0,Female,,29.3,Former,,No,Prostate,ATM,Missense,13.0,Yes,8.88,0.06,,0.0,0.0,6.2,5.94,0.2439627,0.02,421.0,12.36,0.0,32.8,,,2.9,Benign
VAR00718,47.0,Female,Black,27.9,Former,Moderate,No,Pancreatic,ATM,Missense,11.0,No,6.74,0.244,,1.0,0.0,-0.43,1.17,0.001121,0.702,637.0,0.0,15.0,4.3,5.94,,0.0,Benign
VAR00719,56.0,,White,24.9,Current,Moderate,Yes,Colorectal,TP53,Frameshift,3.0,,,,0.193,0.848,1.0,6.2,,,0.24,,35.16,0.0,,3.23,,45.2,Pathogenic
VAR00720,56.0,Male,White,22.3,Current,Moderate,,Lung,TP53,,19.0,Yes,,0.531,0.016,0.808,1.0,6.2,10.0,2.076e-05,0.636,379.0,22.94,54.5,16.4,15.58,49.3,44.4,Benign
VAR00721,53.0,Female,White,27.6,Never,Heavy,Yes,,,,21.0,No,18.05,0.754,0.243,0.0,0.548,-11.25,2.14,,0.272,55.0,2.42,100.0,0.0,5.82,398.1,0.0,Benign
VAR00722,66.0,Female,Asian,29.9,,None,Yes,,APC,,,No,0.28,0.0,0.072,0.199,0.058,0.05,-5.86,,,272.0,10.19,0.0,20.3,1.06,2000.0,28.7,Benign
VAR00723,63.0,Male,Black,28.0,Never,Moderate,No,Breast,BRCA1,,10.0,No,26.26,0.826,,,0.646,,5.6,0.5,0.035,488.0,0.0,0.0,30.2,,8.6,93.3,VUS
VAR00724,60.0,,White,35.7,Never,None,Yes,Breast,CHEK2,Synonymous,5.0,No,17.14,0.094,0.943,0.0,0.0,-2.29,,0.5,,330.0,33.99,0.0,28.1,4.3,6.6,0.0,Benign
VAR00725,49.0,,Black,31.0,Never,,No,Colorectal,BRCA1,Splice_site,9.0,,19.26,1.0,0.0,0.164,0.0,6.2,3.74,3e-07,,,0.0,56.2,14.2,,,59.1,Pathogenic
VAR00726,51.0,Female,Asian,27.0,Current,Moderate,No,,APC,,,,21.64,1.0,0.408,0.221,0.0,1.85,-9.79,3.103e-05,0.02,639.0,0.0,19.7,29.6,0.87,634.9,0.0,Benign
VAR00727,34.0,Female,,31.2,Never,None,Yes,,PALB2,Frameshift,27.0,Yes,32.16,0.654,0.668,0.587,0.251,2.44,6.46,,0.997,451.0,15.73,64.4,47.5,0.6,1.4,,Pathogenic
VAR00728,46.0,Female,White,27.7,Never,Moderate,No,Colorectal,PTEN,Splice_site,6.0,No,26.34,0.173,,,0.052,-2.58,4.47,0.5,0.19,405.0,46.33,1.7,29.6,4.19,42.2,0.0,Benign
VAR00729,48.0,Female,Black,,,Moderate,No,Breast,BRCA1,Missense,23.0,No,0.0,0.0,0.529,,0.243,,,0.5,,313.0,0.0,27.2,28.9,5.17,1.0,18.4,Benign
VAR00730,41.0,Male,White,34.0,Never,Moderate,No,Ovarian,PALB2,Synonymous,14.0,No,0.0,0.0,0.45,0.0,0.733,-0.34,0.87,0.5,0.119,350.0,17.41,100.0,,3.14,670.5,,Benign
VAR00731,62.0,Female,,23.0,Never,,No,,PALB2,Synonymous,15.0,No,1.81,0.0,1.0,,0.053,3.67,1.02,0.00011714,0.02,,6.98,0.0,25.4,2.02,108.4,94.1,Benign
VAR00732,,Male,White,27.6,Never,None,No,Colorectal,BRCA1,Synonymous,,No,,0.172,0.138,1.0,0.0,-3.26,,8.08e-05,0.045,566.0,11.59,13.0,49.9,13.03,,98.2,Benign
VAR00733,40.0,,White,,Never,Moderate,No,Breast,ATM,Missense,26.0,No,0.0,0.426,0.447,,0.368,3.07,10.0,1e-07,0.319,261.0,28.99,52.4,21.4,0.64,2000.0,9.2,Pathogenic
VAR00734,60.0,Male,Black,29.0,Never,Moderate,,Breast,ATM,Missense,2.0,No,0.0,0.0,,0.0,0.311,-4.59,-6.69,1e-07,0.567,141.0,0.0,,16.7,0.42,2.6,0.0,Benign
VAR00735,43.0,Male,White,25.7,Former,Moderate,No,Breast,ATM,Synonymous,6.0,No,28.22,0.0,0.081,0.0,0.0,-2.02,-2.48,1.809e-05,0.691,325.0,2.39,49.4,44.4,0.74,24.5,50.3,Benign
VAR00736,52.0,Male,White,19.0,Former,,No,Lung,CHEK2,Synonymous,9.0,No,16.4,0.81,0.398,0.13,,,,0.01524036,0.796,,0.0,17.9,19.7,1.93,1.0,,Benign
VAR00737,43.0,Female,White,16.1,,Moderate,Yes,Breast,BRCA2,Missense,16.0,Yes,30.18,1.0,0.0,1.0,,1.45,5.8,,0.85,,32.62,14.1,33.4,1.31,187.9,37.1,Pathogenic
VAR00738,60.0,Female,White,37.9,,None,Yes,Lung,TP53,Missense,12.0,Yes,11.37,1.0,0.0,0.59,0.0,2.65,10.0,1e-07,0.02,308.0,30.81,90.0,26.5,,17.0,11.3,Pathogenic
VAR00739,47.0,Female,Hispanic,29.0,Never,None,No,Prostate,ATM,Missense,26.0,No,27.69,,0.501,0.177,0.0,-3.25,-6.68,0.10090227,0.02,282.0,0.0,9.8,32.1,,10.5,75.8,Benign
VAR00740,65.0,Male,,,Never,Moderate,No,Colorectal,MLH1,,,Yes,21.43,0.205,0.0,0.577,0.625,3.97,8.26,1e-07,,442.0,,97.5,37.9,4.16,,41.6,Pathogenic
VAR00741,53.0,Male,White,29.2,Current,Moderate,No,Breast,PALB2,Missense,16.0,No,9.5,0.0,1.0,,0.0,0.17,2.7,0.19094221,0.154,218.0,20.68,2.4,45.8,13.25,1.2,5.4,Benign
VAR00742,48.0,Female,Other,22.8,Never,Heavy,No,Lung,ATM,Synonymous,,,14.42,0.471,0.06,0.0,,6.04,-5.27,0.17756289,0.292,294.0,0.0,0.0,,2.48,4.8,22.6,Benign
VAR00743,,,White,25.8,Never,Moderate,Yes,Breast,PTEN,Missense,9.0,No,30.7,,0.405,1.0,0.457,2.95,,,0.786,,32.43,0.0,49.1,1.11,950.5,0.0,Pathogenic
VAR00744,59.0,Female,Asian,22.8,Current,None,No,Prostate,MLH1,Synonymous,1.0,,31.5,0.256,0.882,0.244,,,-4.85,0.0038101,0.892,312.0,5.09,35.0,18.4,,49.5,0.0,Benign
VAR00745,66.0,Female,Black,20.4,Current,Moderate,No,Lung,BRCA1,Missense,22.0,Yes,23.82,,0.0,1.0,,-6.57,3.36,2.43e-06,,,2.02,0.0,,1.33,2.8,0.0,VUS
VAR00746,56.0,Male,,17.0,Never,None,Yes,Ovarian,PALB2,,6.0,No,33.33,0.982,,0.923,0.588,0.87,5.76,1e-07,0.159,379.0,32.55,86.1,20.1,,1.0,0.0,Pathogenic
VAR00747,82.0,Female,,19.5,Former,Heavy,Yes,,,Nonsense,4.0,Yes,22.72,0.312,,,0.0,6.2,,1e-07,0.02,261.0,27.46,0.0,74.7,20.21,2000.0,,VUS
VAR00748,75.0,Male,White,32.6,Never,None,No,Lung,APC,Missense,16.0,Yes,14.8,0.639,1.0,0.928,0.733,-3.39,-4.02,0.17991501,0.02,294.0,0.0,0.0,21.2,1.65,1.0,15.5,Benign
VAR00749,,Female,Hispanic,22.6,Never,Heavy,No,Colorectal,,Synonymous,,No,4.69,0.61,0.369,0.357,,3.99,-0.28,,0.864,628.0,16.09,11.5,0.0,1.45,290.7,0.0,Benign
VAR00750,52.0,Female,Hispanic,30.2,Never,Moderate,Yes,Breast,ATM,Missense,18.0,No,,,1.0,0.265,0.295,-3.71,-1.55,0.00117246,0.711,161.0,,,,0.47,61.0,12.1,Benign
VAR00751,62.0,Female,White,32.3,Current,Moderate,No,,,Synonymous,,,2.62,0.547,0.926,0.158,0.348,-0.29,9.35,,,113.0,0.0,8.5,26.6,,11.2,0.0,Benign
VAR00752,41.0,Male,Hispanic,,,,Yes,Ovarian,MSH2,Missense,,Yes,20.13,0.713,0.208,0.945,0.301,6.2,3.4,1e-07,0.02,183.0,,65.5,8.0,,9.9,,Pathogenic
VAR00753,,Male,White,26.0,Former,Moderate,No,Prostate,BRCA2,Synonymous,,Yes,0.0,0.061,0.983,0.0,0.0,3.89,-4.81,0.0012534,0.725,353.0,0.23,26.9,2.1,1.37,,55.4,Benign
VAR00754,61.0,Female,Asian,,Never,,No,Prostate,MSH2,Missense,3.0,No,3.73,0.358,0.0,,0.346,-8.38,-4.09,0.01518828,0.43,445.0,21.81,42.2,25.7,1.15,265.1,42.9,Benign
VAR00755,55.0,Female,Hispanic,25.4,Former,None,Yes,Breast,APC,Nonsense,,No,22.7,0.944,0.614,0.747,0.0,,1.51,5.4e-07,0.198,307.0,1.03,,,1.49,603.2,57.5,Pathogenic
VAR00756,61.0,Male,White,33.5,Former,Moderate,,Breast,BRCA2,Missense,14.0,No,50.0,1.0,0.0,1.0,,0.07,2.84,,0.497,258.0,14.72,3.8,,,620.8,83.0,Benign
VAR00757,78.0,Male,Asian,36.9,Former,Moderate,No,Ovarian,CHEK2,Missense,11.0,Yes,23.63,0.0,0.976,0.749,0.295,6.2,-4.59,0.0002045,0.563,239.0,0.0,20.0,,26.82,1.0,0.0,Benign
VAR00758,58.0,,,34.7,Current,Heavy,No,Prostate,BRCA2,Missense,21.0,,5.89,0.437,,0.67,0.0,-1.53,0.9,0.00052409,0.163,129.0,,0.0,0.0,12.5,3.4,0.0,Benign
VAR00759,55.0,Male,,16.7,Former,Moderate,No,Breast,MLH1,Synonymous,11.0,Yes,1.33,0.0,0.158,0.431,0.0,,-7.38,,0.02,,0.0,70.9,2.1,0.1,3.9,14.7,Benign
VAR00760,76.0,,White,25.3,Former,,No,Ovarian,MLH1,Synonymous,18.0,No,,0.099,,0.0,0.0,-1.55,4.43,,0.429,298.0,20.92,0.0,23.0,2.65,21.0,0.0,Benign
VAR00761,65.0,Female,,27.5,Never,Moderate,Yes,Lung,BRCA1,Missense,13.0,Yes,50.0,0.729,0.0,0.634,0.116,1.83,,2.6e-06,0.626,344.0,29.25,35.8,43.6,200.0,81.3,100.0,Pathogenic
VAR00762,48.0,Male,Black,,Current,None,,Breast,,Missense,12.0,Yes,40.55,1.0,,0.0,1.0,2.31,10.0,1e-07,,414.0,14.01,19.9,15.4,5.96,558.6,100.0,Pathogenic
VAR00763,52.0,,White,18.9,Never,Moderate,Yes,Breast,TP53,Nonsense,20.0,Yes,0.91,0.784,0.518,1.0,0.878,,9.44,,,473.0,18.19,5.0,0.0,2.45,37.9,100.0,Pathogenic
VAR00764,59.0,Male,Asian,18.8,Never,Moderate,No,Lung,ATM,Synonymous,14.0,No,21.59,,0.0,0.099,0.0,2.68,3.11,1e-07,0.02,295.0,0.0,45.2,38.5,35.75,123.8,53.4,Benign
VAR00765,61.0,,Black,34.0,Never,,No,Colorectal,,Synonymous,16.0,No,24.39,,1.0,0.085,0.0,6.2,10.0,,0.55,220.0,21.05,,0.0,2.31,7.7,31.8,Benign
VAR00766,38.0,Male,Asian,24.7,Never,Moderate,Yes,Colorectal,PTEN,Missense,13.0,No,,0.0,,0.0,0.291,1.48,3.54,8.5e-07,0.02,318.0,9.45,,14.2,28.53,2000.0,0.0,Benign
VAR00767,,Female,,20.1,Former,Moderate,No,Breast,MSH2,Missense,20.0,Yes,4.09,0.0,0.0,0.826,0.0,0.85,-0.55,0.5,,306.0,6.87,86.3,37.3,1.72,3.8,,Benign
VAR00768,40.0,Female,White,22.0,Never,None,Yes,Colorectal,,Missense,,Yes,30.18,,,0.916,,1.51,1.02,8.321e-05,0.02,259.0,33.6,69.4,36.7,11.77,8.2,,Pathogenic
VAR00769,43.0,Male,Other,29.5,Never,Moderate,No,,PALB2,Missense,2.0,No,15.09,0.081,,0.103,,-0.78,9.95,0.5,0.524,181.0,,81.2,0.0,0.64,,0.0,Benign
VAR00770,44.0,Male,,23.4,Current,None,Yes,,,Missense,,Yes,,0.229,0.0,0.785,0.0,,,1e-07,0.02,363.0,0.0,0.0,39.4,,589.4,97.1,VUS
VAR00771,,Male,White,,Current,Heavy,,Pancreatic,CHEK2,Missense,9.0,No,0.0,0.066,0.519,0.269,,-5.75,-6.38,,0.02,466.0,12.23,0.0,47.9,2.2,2.7,73.8,Benign
VAR00772,54.0,Female,White,22.6,Never,Heavy,No,Breast,TP53,,25.0,No,14.29,0.289,0.696,0.092,0.0,6.2,,0.01317865,0.312,513.0,3.08,54.4,35.0,3.21,8.9,1.7,Benign
VAR00773,59.0,Female,White,,Current,Heavy,No,Ovarian,PTEN,Missense,27.0,,0.0,0.0,0.668,0.826,0.0,1.6,-3.94,0.02808607,0.283,237.0,0.0,,18.8,17.41,7.5,0.0,Benign
VAR00774,39.0,Male,Black,34.6,Never,Heavy,No,Prostate,APC,Synonymous,6.0,Yes,,,0.342,0.981,0.183,,2.38,0.05890757,0.656,513.0,10.01,0.8,31.6,,1.8,17.3,VUS
VAR00775,50.0,Male,,,,Moderate,Yes,Breast,,Synonymous,12.0,No,,0.0,0.915,0.212,0.706,,-0.85,0.09903779,0.66,199.0,11.09,,10.0,1.71,4.8,,Benign
VAR00776,,Male,Asian,25.8,Current,Moderate,Yes,Pancreatic,ATM,,,,,0.548,0.319,0.454,0.414,-6.95,9.81,,0.995,,25.31,50.5,42.6,0.27,7.6,100.0,Pathogenic
VAR00777,64.0,,Other,24.9,,Moderate,No,,BRCA2,Missense,7.0,No,27.68,0.0,0.565,0.334,0.938,6.2,-6.07,0.04016435,1.0,435.0,0.0,0.0,50.6,1.94,477.5,49.8,Benign
VAR00778,47.0,Female,Hispanic,34.8,,None,Yes,Breast,BRCA2,Missense,1.0,No,15.3,1.0,0.434,0.0,0.0,-3.41,-4.69,0.11890454,0.788,381.0,,0.0,15.6,1.16,27.5,0.0,Benign
VAR00779,58.0,Female,White,30.5,,,No,Breast,CHEK2,Splice_site,27.0,,8.16,0.864,0.623,0.912,,-3.52,1.77,0.00280951,0.49,475.0,10.19,86.7,37.3,2.54,5.4,0.0,Benign
VAR00780,,Male,Hispanic,33.2,Never,None,Yes,,APC,Missense,18.0,No,,0.791,0.254,0.988,0.434,-1.97,-5.27,0.5,0.441,,21.52,41.3,41.5,1.58,1792.8,,Benign
VAR00781,56.0,Female,White,24.6,Never,,No,Prostate,MLH1,Synonymous,12.0,,1.34,0.0,,0.541,0.846,4.98,-7.78,0.00162718,0.609,300.0,18.74,,19.1,34.04,,50.6,Benign
VAR00782,,Male,Hispanic,,Current,Moderate,No,Pancreatic,,Synonymous,5.0,Yes,,0.099,0.0,0.0,,,-8.84,1.8e-07,0.02,298.0,0.0,22.3,0.0,7.54,1251.2,89.5,Pathogenic
VAR00783,54.0,Male,White,29.5,Never,Moderate,Yes,Colorectal,MSH2,Missense,13.0,No,6.98,0.0,0.501,0.0,0.559,6.2,0.49,0.5,,445.0,13.27,50.0,,1.18,6.1,,Benign
VAR00784,53.0,Male,,24.7,,Moderate,Yes,Breast,,Missense,8.0,Yes,,1.0,0.0,0.758,0.806,2.61,,3.521e-05,0.02,,,57.4,0.0,,514.5,100.0,Pathogenic
VAR00785,54.0,Female,,27.0,,Moderate,No,Colorectal,,Missense,7.0,No,6.95,0.558,0.472,0.0,,-7.68,0.07,0.001084,0.041,346.0,0.22,0.0,52.3,50.36,2000.0,0.0,Benign
VAR00786,56.0,Male,White,24.6,Former,,,Ovarian,PALB2,Missense,,No,0.0,0.0,,0.004,0.032,-1.39,8.47,0.00478031,0.02,292.0,1.64,96.3,34.0,,7.0,25.5,Benign
VAR00787,,Female,Other,29.5,Never,Moderate,,Breast,MSH2,Missense,18.0,No,3.8,0.348,0.449,0.286,0.023,-2.41,2.7,0.5,0.513,360.0,0.0,,,1.52,10.8,0.0,Benign
VAR00788,43.0,Female,White,20.9,Former,,No,Breast,TP53,Synonymous,,,7.5,0.0,0.618,0.44,0.0,-6.98,,0.00441727,0.602,,16.29,0.0,40.3,0.59,,0.1,Benign
VAR00789,54.0,,Asian,30.4,Never,None,Yes,Ovarian,MLH1,Missense,6.0,No,9.81,0.118,0.438,0.84,0.109,3.15,9.29,,0.861,197.0,19.03,0.0,1.9,5.3,,27.0,Benign
VAR00790,54.0,Female,Asian,29.1,Never,Moderate,No,Ovarian,BRCA1,Missense,21.0,Yes,0.92,,1.0,0.152,0.074,0.52,6.94,,0.02,265.0,0.4,0.0,43.7,195.61,1600.9,4.0,Benign
VAR00791,45.0,Male,White,26.5,Never,Moderate,Yes,Lung,BRCA1,Frameshift,17.0,,35.96,1.0,0.852,,0.607,6.2,1.9,3.2e-07,,219.0,15.43,0.0,27.1,59.32,47.9,78.3,Pathogenic
VAR00792,50.0,Male,White,29.7,Never,,No,Ovarian,BRCA2,Frameshift,24.0,,2.63,1.0,0.0,0.187,0.479,6.2,,1e-07,0.975,298.0,7.62,48.7,27.4,2.54,,22.6,Pathogenic
VAR00793,57.0,,Black,25.7,Former,None,,Breast,CHEK2,Missense,21.0,No,14.55,0.189,0.907,0.346,0.0,,10.0,,,406.0,0.0,0.0,15.4,9.43,14.4,,Benign
VAR00794,68.0,Male,Hispanic,24.1,Former,None,Yes,,,Missense,11.0,No,36.24,0.078,1.0,0.0,1.0,,10.0,0.5,0.048,173.0,0.0,0.0,17.4,32.75,,7.2,Benign
VAR00795,,Female,Other,30.2,Never,Heavy,Yes,Lung,CHEK2,Frameshift,18.0,Yes,,0.0,,0.755,,6.2,,,0.819,274.0,37.48,62.7,32.8,0.16,1.0,40.7,Pathogenic
VAR00796,61.0,Male,White,30.4,Never,Moderate,,Lung,CHEK2,Missense,11.0,No,8.91,0.891,1.0,0.0,,-1.73,3.24,0.01986633,0.568,559.0,0.0,11.8,6.2,0.3,47.1,50.9,Benign
VAR00797,49.0,Male,Hispanic,25.0,,None,No,Breast,MLH1,,3.0,No,4.11,0.0,0.0,0.0,0.224,-2.41,,0.5,0.752,123.0,,56.8,0.0,,10.5,0.0,Benign
VAR00798,63.0,Female,White,24.5,Current,None,Yes,Prostate,APC,Splice_site,1.0,No,4.37,,0.565,,0.673,-0.55,9.98,1.1e-07,,197.0,11.46,14.5,41.7,0.11,,12.8,Benign
VAR00799,61.0,Female,Black,26.6,Current,None,No,Lung,CHEK2,,3.0,No,0.0,1.0,0.481,0.135,0.0,2.95,-7.63,0.02365966,0.184,353.0,0.0,88.0,31.7,2.86,1.0,,Benign
VAR00800,67.0,Female,Hispanic,,Former,Moderate,Yes,Breast,,Missense,25.0,,39.37,,0.0,0.985,0.003,3.6,8.79,0.05720225,0.927,144.0,11.94,100.0,4.9,11.29,82.5,81.3,Benign
VAR00801,65.0,,Asian,35.1,Never,Moderate,Yes,Breast,ATM,Missense,23.0,No,14.08,0.19,1.0,0.0,0.0,-1.05,,0.01872474,0.721,306.0,10.13,27.0,,4.83,8.9,18.0,Benign
VAR00802,64.0,Male,White,29.1,Never,,Yes,Pancreatic,PTEN,Frameshift,11.0,No,0.0,0.406,0.622,0.821,0.0,-0.95,-5.01,1.7e-07,0.343,504.0,5.66,,22.9,2.02,55.7,18.3,Benign
VAR00803,51.0,Female,White,27.6,Current,Moderate,No,Ovarian,ATM,Missense,25.0,Yes,,1.0,0.0,0.606,,6.2,,,0.892,251.0,6.9,34.3,,,,42.4,Pathogenic
VAR00804,59.0,Female,White,22.8,Never,Moderate,Yes,Breast,APC,Synonymous,,No,8.97,0.181,,,0.0,-5.45,-9.95,1e-07,0.344,221.0,5.96,61.6,26.0,14.2,1.0,35.5,Benign
VAR00805,70.0,Female,White,31.2,,,Yes,,PTEN,Missense,4.0,Yes,0.0,0.715,0.993,0.424,0.0,6.2,4.36,1.48e-06,,141.0,12.62,53.7,21.5,200.0,1.0,2.7,Benign
VAR00806,48.0,Male,White,24.4,Current,None,No,Breast,APC,Synonymous,7.0,No,24.58,0.0,,0.704,0.0,-0.87,10.0,0.29313793,0.396,223.0,0.0,0.0,38.3,0.23,10.5,,Benign
VAR00807,44.0,Female,Asian,24.2,Former,,Yes,,PALB2,Synonymous,11.0,Yes,19.91,,0.0,1.0,0.288,3.87,,,1.0,294.0,33.12,60.5,,,1.0,35.0,Benign
VAR00808,54.0,Male,White,31.4,,,Yes,Prostate,PALB2,Missense,22.0,Yes,34.12,0.968,0.019,1.0,0.82,6.2,1.12,0.00025536,0.957,555.0,22.62,,12.3,4.32,,54.9,Pathogenic
VAR00809,58.0,Male,White,29.4,Never,Moderate,Yes,Prostate,MSH2,Frameshift,,Yes,30.78,0.616,,0.613,0.0,6.2,,0.00076829,0.66,299.0,0.0,44.6,11.9,66.04,,87.1,VUS
VAR00810,,,Hispanic,,Current,Moderate,Yes,Lung,PTEN,Missense,11.0,Yes,43.2,0.927,0.696,1.0,,1.82,7.22,1e-07,0.143,305.0,,37.0,29.9,23.55,1.0,40.0,Pathogenic
VAR00811,,Female,White,,Never,Moderate,Yes,Lung,MLH1,Frameshift,23.0,,35.76,0.382,0.0,1.0,0.135,,,,0.023,315.0,42.81,20.3,0.0,2.11,7.1,1.8,Benign
VAR00812,52.0,Female,White,28.1,Current,,Yes,Ovarian,,Synonymous,9.0,No,33.68,0.463,0.345,0.0,0.639,-0.74,,1e-07,0.366,224.0,15.89,0.0,1.7,,20.8,0.0,VUS
VAR00813,23.0,Female,Asian,25.8,Never,Moderate,,,ATM,,25.0,,44.05,0.194,,,,2.08,10.0,,0.265,60.0,2.85,0.0,18.7,0.5,25.2,100.0,Pathogenic
VAR00814,52.0,Male,White,28.3,Former,,No,Breast,APC,Missense,20.0,,7.38,0.117,0.0,0.139,0.573,-5.82,10.0,0.00562918,0.396,479.0,,9.9,19.6,112.39,,0.0,VUS
VAR00815,50.0,Male,White,18.5,Current,Heavy,Yes,Breast,ATM,Splice_site,19.0,No,50.0,1.0,0.055,0.714,0.43,5.44,-0.11,7e-07,,386.0,,31.4,39.8,,14.2,,Pathogenic
VAR00816,54.0,,Black,16.0,Former,None,Yes,Pancreatic,MLH1,Synonymous,3.0,No,13.56,0.371,0.0,,0.246,-0.3,-1.22,1.9e-07,0.02,442.0,9.76,14.4,0.0,3.74,8.9,,Benign
VAR00817,74.0,Female,White,,Never,Moderate,No,Pancreatic,CHEK2,Missense,4.0,No,7.56,0.32,0.0,0.34,0.504,-8.66,-1.48,5.7e-07,0.02,346.0,0.0,28.1,14.0,0.3,7.4,0.0,Benign
VAR00818,40.0,Female,White,28.9,Never,Heavy,,Colorectal,APC,Synonymous,27.0,No,0.0,0.0,0.012,0.0,0.0,-2.6,5.52,0.5,0.201,,6.6,0.0,,2.63,59.1,15.0,Benign
VAR00819,,Female,White,16.0,Former,Moderate,No,Colorectal,MSH2,Missense,21.0,Yes,11.29,0.522,0.0,1.0,0.07,1.78,,0.00870287,0.589,,,0.0,16.2,0.51,,53.3,VUS
VAR00820,22.0,Male,White,,Former,Moderate,No,Breast,,Synonymous,7.0,No,14.33,0.151,0.447,0.0,,4.41,-3.5,0.00052101,0.549,326.0,0.0,58.6,8.6,3.24,18.3,9.4,Benign
VAR00821,50.0,Male,Asian,17.9,Never,None,No,Lung,BRCA2,Synonymous,24.0,No,,0.425,0.358,0.0,0.123,-5.33,10.0,0.5,0.02,377.0,0.0,40.6,10.6,1.22,774.6,0.0,Benign
VAR00822,51.0,,White,26.3,,None,No,,TP53,Missense,,No,36.78,,0.689,0.0,0.0,-0.87,1.16,0.5,0.02,465.0,0.0,0.0,26.5,0.55,22.9,,Benign
VAR00823,45.0,Female,White,37.3,Current,,No,Ovarian,PTEN,Nonsense,10.0,Yes,21.86,0.594,,1.0,0.743,-0.21,2.92,,0.122,366.0,14.7,73.7,17.1,61.28,1.8,27.9,Pathogenic
VAR00824,,Female,White,26.4,Current,None,No,Ovarian,,Synonymous,9.0,No,18.7,0.036,0.427,0.372,0.06,3.8,9.79,0.00084322,0.685,366.0,21.59,0.0,15.2,36.12,278.1,33.5,Benign
VAR00825,67.0,Female,Other,27.0,Former,Moderate,No,Prostate,MSH2,,14.0,Yes,0.0,,0.314,0.0,0.094,-2.54,1.68,0.00038195,0.151,345.0,40.5,26.7,0.8,,17.2,0.0,Benign
VAR00826,57.0,Male,,31.7,Current,Moderate,No,Pancreatic,MLH1,Missense,21.0,No,42.39,0.0,0.649,,0.0,,-1.57,0.22382658,0.395,157.0,0.0,,,0.1,604.3,1.2,Benign
VAR00827,50.0,Male,Asian,,Current,Moderate,Yes,Pancreatic,PALB2,Missense,5.0,No,0.0,0.412,0.509,0.401,0.0,0.25,-0.79,7.301e-05,0.58,255.0,15.32,0.0,24.6,0.33,177.1,,VUS
VAR00828,,Male,White,26.4,Never,None,Yes,Prostate,BRCA1,Missense,27.0,Yes,,0.0,0.627,0.0,0.269,-7.25,10.0,,,264.0,,38.1,50.4,0.29,,64.0,Benign
VAR00829,55.0,Female,Other,,Current,None,No,,BRCA1,Missense,,Yes,,0.143,0.0,,0.357,0.92,-4.48,0.0014464,0.02,412.0,3.01,0.0,16.9,143.89,3.2,0.0,VUS
VAR00830,,Female,White,,,Moderate,No,Breast,APC,Missense,27.0,No,0.0,0.774,0.562,1.0,0.0,-4.89,7.89,0.22082484,0.859,377.0,7.24,16.2,24.2,22.77,1.7,96.5,Benign
VAR00831,,,White,28.9,,None,No,Colorectal,BRCA2,Synonymous,,No,29.29,0.333,0.299,0.086,,5.59,-4.31,0.5,0.593,,3.78,16.3,31.2,42.68,16.5,35.7,Benign
VAR00832,46.0,,White,26.8,,None,Yes,Breast,,Frameshift,15.0,,29.3,1.0,,1.0,,6.2,2.58,1e-07,1.0,374.0,39.14,0.0,19.8,1.03,1.5,7.0,Pathogenic
VAR00833,66.0,Male,White,,,None,Yes,Lung,BRCA2,Synonymous,3.0,No,0.86,0.615,0.604,,0.458,3.4,,0.00571426,0.94,297.0,1.82,44.1,24.2,0.1,1.3,23.7,Benign
VAR00834,,Female,Hispanic,32.1,Never,None,,Ovarian,PALB2,Nonsense,16.0,Yes,38.11,1.0,0.079,1.0,0.279,1.89,9.43,0.00163425,0.566,461.0,0.0,84.7,,41.88,,24.2,Pathogenic
VAR00835,57.0,,,25.8,Never,None,No,,BRCA2,,21.0,,18.46,0.022,0.0,1.0,0.049,0.6,-9.56,2.652e-05,0.036,,8.57,14.9,18.1,0.1,1.0,0.0,Benign
VAR00836,46.0,Female,Black,33.7,Never,None,No,Ovarian,MLH1,Missense,27.0,No,14.53,0.609,,0.0,0.0,1.82,-2.63,0.00011418,0.628,288.0,,20.9,20.2,,13.9,11.8,Benign
VAR00837,41.0,Male,White,22.3,Former,Moderate,No,Ovarian,BRCA2,,3.0,No,25.88,1.0,0.677,0.196,0.172,5.44,7.28,0.5,,216.0,0.84,5.7,,8.75,19.2,,Benign
VAR00838,59.0,Female,Hispanic,34.7,Current,None,,Lung,MLH1,Splice_site,21.0,No,31.98,0.768,0.001,,0.0,3.94,10.0,0.0139111,0.611,197.0,27.84,33.5,,,11.1,62.8,Pathogenic
VAR00839,33.0,Female,,29.9,,Moderate,No,Colorectal,PTEN,Missense,8.0,No,18.23,,0.506,0.36,0.0,2.36,,1e-07,,,2.53,0.0,53.4,58.58,1.0,0.0,Benign
VAR00840,59.0,Female,,22.7,Never,,Yes,,MSH2,Splice_site,21.0,Yes,19.78,0.509,0.0,0.4,0.91,-2.84,,,0.419,247.0,20.29,37.7,32.5,2.72,5.3,,Pathogenic
VAR00841,67.0,Female,,30.0,Former,Moderate,No,Lung,MLH1,Synonymous,16.0,Yes,20.06,0.393,0.151,0.0,0.0,1.6,2.16,1e-07,,341.0,3.07,6.5,,4.88,31.7,54.2,Benign
VAR00842,62.0,Male,Black,24.2,Never,,No,Colorectal,,Missense,24.0,No,,0.0,0.415,0.0,0.0,-3.41,6.05,0.00175932,,281.0,9.65,85.9,38.4,7.53,9.9,,Benign
VAR00843,53.0,Male,Asian,27.7,Never,None,No,Breast,APC,Synonymous,1.0,Yes,0.0,0.0,1.0,0.351,0.482,0.69,,1.01e-06,0.4,,0.0,,37.2,3.66,23.2,0.0,Benign
VAR00844,,Male,Black,25.1,Never,None,Yes,Colorectal,,Synonymous,14.0,Yes,4.75,0.03,0.0,0.0,0.354,-4.22,9.65,0.00011442,0.126,344.0,17.36,0.0,28.0,0.76,2.0,0.0,Benign
VAR00845,58.0,Male,Black,26.8,Former,Moderate,No,Prostate,CHEK2,Missense,19.0,No,3.66,0.23,0.038,,0.23,2.37,,,0.315,,0.0,,20.2,0.45,50.4,0.0,Benign
VAR00846,46.0,Male,White,32.2,Former,Heavy,No,Breast,PALB2,Missense,,No,22.61,0.997,0.0,0.0,0.203,3.4,,0.05016367,0.02,,0.0,59.0,0.0,,122.5,61.1,Benign
VAR00847,80.0,Female,Black,30.1,Current,Moderate,No,Ovarian,,Splice_site,9.0,No,0.0,,0.709,1.0,0.197,-0.56,-2.95,0.5,,237.0,7.14,77.3,9.7,,1.0,0.0,Pathogenic
VAR00848,51.0,,White,21.9,Never,Moderate,No,Breast,BRCA2,,,Yes,25.22,0.0,,0.0,0.0,-3.44,,1.27e-06,,139.0,17.55,0.0,23.5,19.18,,,Benign
VAR00849,66.0,Female,White,22.2,Never,Heavy,No,Colorectal,,,21.0,No,0.0,,0.727,0.014,0.503,3.11,,0.5,1.0,345.0,,42.4,31.0,,1.0,53.6,Benign
VAR00850,22.0,Male,Hispanic,,Former,Moderate,Yes,Pancreatic,,,6.0,No,0.0,0.581,0.485,0.385,0.123,6.2,1.41,4.73e-06,0.589,327.0,,52.5,23.6,4.68,234.1,48.6,VUS
VAR00851,73.0,Female,,29.2,Current,Moderate,No,Ovarian,TP53,Missense,27.0,No,0.0,,0.044,,0.0,,6.86,0.0005911,0.511,336.0,0.0,,29.8,0.39,2000.0,12.2,Benign
VAR00852,,Male,Black,24.1,Never,Moderate,Yes,Prostate,MSH2,Missense,6.0,No,3.16,0.0,0.731,0.0,0.0,2.3,-4.32,0.5,0.153,396.0,1.57,0.0,17.9,21.06,165.6,53.5,Benign
VAR00853,,Female,White,,Current,Heavy,No,Prostate,MLH1,Missense,12.0,Yes,,0.0,0.04,0.0,0.0,,,0.04874133,0.895,245.0,11.15,,33.9,,15.5,18.2,VUS
VAR00854,63.0,Female,White,31.6,,Moderate,No,Breast,,Missense,27.0,Yes,5.9,0.0,0.579,,0.0,-5.48,5.9,1.9e-07,0.17,211.0,6.78,72.0,61.3,8.48,,,Benign
VAR00855,59.0,Female,Asian,24.4,Current,Moderate,Yes,Lung,APC,Frameshift,1.0,Yes,,1.0,,0.968,0.151,6.2,10.0,1.61e-06,1.0,315.0,0.0,95.7,25.4,41.64,,80.9,Benign
VAR00856,48.0,Female,White,23.9,Never,Moderate,No,Pancreatic,,Missense,,No,0.0,0.0,0.407,0.769,0.0,-10.07,-5.73,3.699e-05,1.0,269.0,0.0,38.5,20.1,19.96,1.0,,Benign
VAR00857,62.0,Female,Black,26.4,Never,Moderate,Yes,Pancreatic,PTEN,Frameshift,23.0,No,0.0,0.86,0.754,0.986,0.356,6.2,7.47,1.482e-05,0.201,,6.88,61.1,,0.18,,0.0,VUS
VAR00858,41.0,Female,,25.8,,Heavy,No,,,Frameshift,,Yes,32.08,1.0,0.0,0.51,0.052,4.92,-0.62,1.2e-06,0.404,302.0,23.45,0.0,37.0,,38.0,,Benign
VAR00859,48.0,,Asian,33.8,Former,Heavy,No,Breast,ATM,Synonymous,8.0,No,6.57,,0.684,0.345,0.27,,-3.76,0.03427084,0.045,317.0,35.4,42.3,21.7,0.36,10.4,6.2,Benign
VAR00860,,,White,32.4,Current,Moderate,Yes,Breast,BRCA2,Synonymous,1.0,No,17.67,0.597,,0.089,0.343,2.03,-6.16,2.11e-06,0.02,219.0,0.0,42.9,36.7,,6.4,0.0,Benign
VAR00861,69.0,Female,Hispanic,27.7,Never,None,No,,APC,Synonymous,,No,0.0,0.0,,0.0,1.0,-0.21,-2.09,0.00071896,0.473,,6.71,3.2,38.9,200.0,22.5,20.3,Benign
VAR00862,47.0,Male,,30.9,Never,Moderate,,Lung,,Missense,6.0,No,,0.0,0.183,0.713,0.0,-1.54,4.35,,0.352,131.0,0.0,20.7,54.6,5.35,1.5,17.2,Benign
VAR00863,46.0,Female,White,31.6,Never,None,Yes,,CHEK2,Missense,24.0,No,41.89,0.488,,0.381,0.013,-0.31,3.05,0.011244,0.644,277.0,,0.0,,,3.1,0.0,VUS
VAR00864,44.0,Female,,27.8,Former,Moderate,Yes,,BRCA2,Missense,15.0,Yes,38.1,0.685,0.468,1.0,0.137,,1.37,1.86e-06,0.499,,7.61,0.0,24.4,0.61,79.1,74.0,Pathogenic
VAR00865,62.0,,White,29.5,Current,None,,,TP53,Nonsense,7.0,Yes,23.34,0.496,0.551,1.0,0.0,4.7,7.69,0.00049832,0.886,433.0,18.72,62.9,28.8,132.51,36.1,47.3,Pathogenic
VAR00866,43.0,Female,,30.5,Never,Moderate,No,Breast,,Missense,22.0,Yes,,0.128,0.532,0.667,0.0,,3.21,0.01080276,0.33,284.0,0.0,96.5,22.5,37.29,,,Benign
VAR00867,61.0,Female,,29.9,Former,Heavy,No,Prostate,TP53,Missense,17.0,No,25.45,0.78,0.0,,,,,0.0755148,0.268,,1.35,0.0,25.9,0.15,194.5,59.1,Benign
VAR00868,65.0,Male,White,23.6,,None,Yes,Breast,CHEK2,Missense,9.0,No,,0.926,,0.418,0.0,-0.06,4.62,0.00142496,,337.0,9.43,25.8,47.3,,,19.1,VUS
VAR00869,51.0,Female,Black,24.1,,Moderate,Yes,Breast,ATM,Nonsense,7.0,Yes,,0.974,0.129,1.0,0.549,6.2,10.0,1e-07,0.839,,15.87,0.0,14.1,,23.9,72.4,Pathogenic
VAR00870,,Female,,26.1,Former,Moderate,Yes,Prostate,MLH1,Frameshift,6.0,Yes,11.4,0.618,0.324,1.0,0.0,6.2,6.91,3e-07,0.365,415.0,17.59,46.8,0.0,3.23,198.8,0.0,Pathogenic
VAR00871,48.0,Female,White,24.0,Never,None,Yes,Breast,TP53,Splice_site,20.0,,32.39,1.0,0.532,1.0,0.688,6.2,1.37,1e-07,0.901,468.0,15.22,10.5,25.0,0.29,2000.0,,Pathogenic
VAR00872,53.0,Female,White,20.1,Former,None,No,,ATM,Missense,20.0,Yes,13.86,0.0,0.0,0.507,0.399,6.2,1.82,0.181669,0.04,305.0,23.6,11.4,26.0,1.08,5.7,60.0,Benign
VAR00873,39.0,Female,,,Former,,No,Pancreatic,BRCA1,Missense,,Yes,35.6,1.0,0.467,0.246,0.087,6.2,10.0,0.0003063,0.388,202.0,31.62,79.0,40.4,0.56,122.5,46.7,Benign
VAR00874,69.0,,Black,,Current,Moderate,No,Prostate,CHEK2,Missense,13.0,Yes,37.03,,1.0,,0.627,-0.17,,0.00158271,0.02,293.0,3.07,29.7,19.8,35.07,9.6,66.9,Benign
VAR00875,46.0,Female,Asian,20.8,Former,Moderate,No,Prostate,BRCA2,Missense,14.0,No,0.0,1.0,,0.622,0.208,-11.14,-15.46,0.00570003,0.207,,0.0,12.5,14.4,0.32,1.8,,Benign
VAR00876,61.0,Male,Black,26.3,Never,None,Yes,Breast,MSH2,Synonymous,25.0,Yes,,,,0.0,0.009,1.6,4.76,3.4e-07,0.02,160.0,8.81,0.0,,28.04,17.1,0.0,Benign
VAR00877,55.0,Female,,26.6,Former,None,No,,APC,Missense,15.0,No,19.36,0.0,0.921,0.0,0.0,6.2,,0.00027866,0.583,277.0,17.31,,11.2,1.09,80.4,43.1,Benign
VAR00878,42.0,Female,White,28.4,Former,Moderate,Yes,Breast,ATM,Missense,,No,19.19,0.431,0.0,0.597,0.0,4.57,3.32,1e-07,,144.0,6.58,0.0,7.4,0.1,2.3,0.0,Benign
VAR00879,,Female,Other,22.1,,None,No,Breast,APC,Synonymous,,Yes,0.0,0.055,0.305,0.186,0.701,-1.81,-7.81,0.2412049,0.861,355.0,0.0,73.4,0.8,0.61,279.5,,Benign
VAR00880,,Female,White,,Current,Moderate,No,Pancreatic,PALB2,Missense,13.0,No,0.0,0.635,0.825,0.759,0.594,0.77,-1.91,0.5,1.0,,19.43,22.4,0.0,0.17,6.9,0.0,Benign
VAR00881,58.0,Female,,30.1,Never,None,Yes,Breast,APC,Missense,1.0,,3.57,0.864,0.223,0.38,0.769,-1.43,-8.51,4.72e-05,0.305,273.0,12.51,0.0,37.2,6.73,6.8,61.0,VUS
VAR00882,43.0,Male,White,19.8,Current,Moderate,No,,CHEK2,Missense,13.0,No,34.83,,0.372,0.0,0.82,1.89,-1.93,0.00913366,0.04,292.0,30.62,0.0,25.9,0.19,113.7,36.8,Benign
VAR00883,56.0,Male,White,26.3,Never,Moderate,No,Breast,CHEK2,Nonsense,22.0,Yes,12.59,0.807,0.148,0.916,1.0,2.48,10.0,2.644e-05,0.717,167.0,2.53,24.1,60.1,1.7,77.9,28.8,Pathogenic
VAR00884,,Female,,25.9,Never,Moderate,No,Colorectal,ATM,Missense,19.0,No,6.88,0.7,0.0,0.116,0.222,6.2,4.74,1.04e-06,0.221,314.0,10.72,6.8,0.0,4.87,3.5,0.0,VUS
VAR00885,90.0,Female,White,26.9,Never,None,No,Breast,PTEN,Synonymous,25.0,No,20.21,0.0,,0.509,0.275,1.05,,0.00119647,0.096,,12.06,37.1,57.5,0.17,1.0,,Benign
VAR00886,56.0,Male,White,28.8,Former,Moderate,,,MSH2,Missense,10.0,Yes,10.85,0.879,,1.0,,5.97,3.26,3.515e-05,0.513,473.0,9.87,0.0,19.5,79.22,2000.0,21.7,Pathogenic
VAR00887,51.0,Female,,35.5,Current,Moderate,No,Breast,ATM,Missense,22.0,No,12.06,,1.0,0.0,,-3.27,-4.73,0.00651695,0.103,456.0,0.0,51.0,0.0,,27.9,0.0,Benign
VAR00888,74.0,Female,,19.5,Never,Moderate,No,Pancreatic,,,20.0,,0.0,0.131,0.745,0.291,0.353,-1.4,,0.00351531,1.0,439.0,9.94,0.0,,2.54,1784.5,0.0,Benign
VAR00889,32.0,Male,Hispanic,31.9,Never,None,No,Lung,ATM,,20.0,No,,1.0,1.0,0.468,0.361,-4.76,-10.01,0.00047193,0.239,326.0,0.0,21.4,12.5,,5.5,0.0,Benign
VAR00890,53.0,Female,,16.0,,None,Yes,Lung,APC,Missense,,No,28.82,,0.246,1.0,0.397,6.2,7.72,1e-07,0.507,347.0,13.39,,38.4,1.43,91.4,78.1,Pathogenic
VAR00891,82.0,Female,,34.5,,Moderate,,Breast,ATM,Synonymous,13.0,Yes,10.58,0.178,,0.7,0.0,-1.84,,0.11380134,0.69,,6.58,21.9,26.9,1.18,1.0,26.7,Benign
VAR00892,54.0,,Asian,17.3,Never,Moderate,No,Lung,APC,Nonsense,,No,0.0,0.204,0.582,0.0,0.0,1.23,-13.75,0.5,1.0,369.0,0.0,68.6,,0.16,1.5,0.0,Benign
VAR00893,33.0,Male,White,39.7,Current,Heavy,No,Lung,TP53,Synonymous,16.0,Yes,11.59,0.473,0.674,0.105,0.24,-6.55,-6.07,1e-07,0.255,,0.0,56.0,42.5,,6.3,,Benign
VAR00894,51.0,Female,White,,Never,,No,Colorectal,CHEK2,Missense,11.0,No,7.38,0.0,0.748,0.0,,-5.11,-7.8,1e-07,,202.0,0.27,32.0,24.2,2.21,1071.7,17.3,Benign
VAR00895,75.0,Male,,34.0,,Moderate,No,,MLH1,Missense,19.0,,28.46,,0.242,0.806,0.319,-0.64,6.05,2.66e-06,0.318,359.0,6.94,73.8,0.0,,32.1,7.6,Benign
VAR00896,61.0,Female,White,32.9,Never,Heavy,,Prostate,CHEK2,Missense,24.0,No,18.05,0.0,,,0.0,-0.92,-3.25,0.00020848,0.02,122.0,12.65,75.5,45.3,0.99,261.1,47.9,Benign
VAR00897,44.0,Female,Hispanic,25.3,Former,Moderate,Yes,Pancreatic,ATM,,,,0.0,,0.0,0.296,0.702,,0.42,0.00012442,,,12.04,86.9,3.3,2.56,2000.0,0.0,VUS
VAR00898,43.0,Female,White,25.7,Never,None,Yes,Pancreatic,BRCA1,Missense,17.0,No,14.89,1.0,0.0,0.833,0.056,,-3.67,5.15e-06,1.0,,25.2,12.5,2.9,200.0,416.4,68.5,Pathogenic
VAR00899,46.0,Male,,23.3,Current,None,Yes,Colorectal,PTEN,Missense,12.0,No,12.62,0.0,,0.954,,-5.6,-0.22,2.682e-05,0.135,,13.21,63.6,18.1,7.71,298.4,32.5,VUS
VAR00900,61.0,Female,Black,31.4,Never,Moderate,No,Breast,,,3.0,No,,0.0,1.0,0.746,0.0,4.95,-4.18,0.00114893,0.02,385.0,33.97,50.2,28.1,0.37,25.2,29.1,Benign
VAR00901,,Male,White,25.4,Current,None,No,Breast,BRCA2,Synonymous,7.0,No,5.34,0.611,0.389,0.047,0.293,2.77,-0.57,0.5,0.71,,,18.3,10.5,0.5,632.3,80.5,Benign
VAR00902,70.0,Female,White,23.4,Never,Heavy,No,Breast,APC,Missense,23.0,Yes,5.27,0.028,0.344,0.415,0.0,-2.31,-1.13,,0.258,156.0,0.0,61.4,0.0,0.85,44.4,7.9,Benign
VAR00903,62.0,Female,,30.2,Never,None,No,,BRCA1,Missense,10.0,No,50.0,0.043,0.0,,0.036,-1.47,10.0,0.41956156,0.858,406.0,0.57,19.5,11.1,6.71,,,Benign
VAR00904,39.0,Female,Black,,Never,None,No,Ovarian,MSH2,Missense,,,0.0,,0.063,0.0,0.492,5.6,5.16,0.5,0.233,509.0,50.71,0.0,39.9,4.56,8.3,9.7,Benign
VAR00905,,Female,White,25.9,Never,Moderate,Yes,Lung,PALB2,Nonsense,21.0,Yes,29.91,0.669,0.153,0.0,0.419,0.22,-10.39,6.3e-07,0.621,269.0,,71.3,22.0,5.38,,0.0,Benign
VAR00906,62.0,Female,White,28.0,Never,Moderate,No,Colorectal,MSH2,Missense,7.0,,9.82,0.053,0.229,0.574,0.0,,8.39,1e-07,0.02,255.0,14.15,0.0,42.1,1.87,61.3,,VUS
VAR00907,35.0,Male,White,24.3,Current,Moderate,,Lung,TP53,Frameshift,10.0,No,0.0,1.0,0.0,1.0,0.193,0.03,10.0,7.16e-06,0.127,333.0,44.63,0.0,31.4,,18.4,100.0,Pathogenic
VAR00908,,,,25.0,Former,None,No,Pancreatic,MSH2,Missense,6.0,No,11.01,0.0,0.655,0.914,0.0,,,,0.272,303.0,0.0,100.0,12.1,,,0.0,Benign
VAR00909,,,White,35.2,Former,None,,Breast,PTEN,Splice_site,20.0,No,25.63,0.33,0.93,0.0,0.0,-5.03,7.01,0.0030812,0.18,296.0,28.23,0.0,,,40.2,0.0,Benign
VAR00910,41.0,Male,White,26.5,Never,Moderate,No,Breast,CHEK2,Synonymous,25.0,No,17.98,,0.193,0.725,,,,1e-07,,478.0,,44.8,25.5,6.13,55.3,49.5,Benign
VAR00911,39.0,,Asian,25.7,Current,Heavy,No,,CHEK2,,27.0,Yes,32.03,,0.744,1.0,,1.23,,1e-07,,581.0,9.3,0.0,25.5,0.3,3.5,74.0,Pathogenic
VAR00912,51.0,Male,Asian,,Never,None,No,Colorectal,MLH1,Splice_site,3.0,Yes,28.37,0.075,0.209,1.0,0.0,-0.63,-1.18,,0.936,284.0,0.0,20.2,24.1,3.86,58.3,,Pathogenic
VAR00913,63.0,Female,White,29.8,Former,Moderate,No,Colorectal,PALB2,Synonymous,25.0,No,,0.045,0.985,0.0,0.0,1.29,4.36,0.02621652,0.278,574.0,14.8,0.0,25.7,9.34,37.8,0.0,Benign
VAR00914,70.0,Male,,22.3,,None,Yes,Prostate,CHEK2,Missense,18.0,No,22.12,,0.335,0.0,,-3.21,-4.34,0.00033995,0.02,281.0,5.05,0.0,19.5,128.53,,29.0,Benign
VAR00915,60.0,Male,,29.6,,Moderate,Yes,Breast,MLH1,Missense,23.0,Yes,21.16,1.0,0.308,0.957,0.444,6.2,,,1.0,,10.68,,19.9,1.3,86.8,46.8,Pathogenic
VAR00916,,Female,Hispanic,,,None,No,Colorectal,BRCA1,Nonsense,,Yes,17.91,0.689,0.262,0.776,0.114,,-0.04,7.14e-06,0.02,205.0,22.7,100.0,7.3,,,74.2,Pathogenic
VAR00917,46.0,,White,18.6,Current,Heavy,No,Pancreatic,ATM,Missense,24.0,No,14.47,0.182,1.0,0.0,0.0,,6.94,0.48007239,0.119,223.0,,18.2,2.9,17.61,12.7,40.1,Benign
VAR00918,42.0,Male,,36.5,Never,None,Yes,Colorectal,CHEK2,Synonymous,9.0,Yes,3.27,0.315,0.87,0.063,0.0,1.45,-3.98,3.6e-06,0.591,284.0,0.0,0.0,35.4,0.95,8.5,53.2,Benign
VAR00919,48.0,Female,Hispanic,,Former,Moderate,Yes,Colorectal,TP53,Missense,11.0,,33.19,0.161,0.841,0.0,0.486,4.18,0.9,0.00073157,1.0,411.0,6.44,0.0,4.2,2.48,16.0,0.0,VUS
VAR00920,61.0,,Black,,,Moderate,No,Breast,ATM,Synonymous,25.0,,,0.429,0.291,0.51,0.0,3.73,-0.93,0.5,1.0,343.0,11.39,0.0,0.0,,6.0,89.8,Benign
VAR00921,60.0,Female,White,21.9,Never,None,No,Ovarian,,Missense,20.0,No,0.0,0.403,1.0,0.452,0.0,0.63,-8.12,2.914e-05,0.612,139.0,13.21,,15.8,0.44,10.2,38.0,Benign
VAR00922,29.0,,Asian,28.6,Never,,No,Breast,CHEK2,,14.0,Yes,0.0,0.0,0.0,0.475,0.0,,7.6,,1.0,173.0,24.2,0.5,27.0,0.1,65.0,1.3,Benign
VAR00923,46.0,Female,,20.4,Never,Moderate,,Colorectal,,Missense,,No,0.0,0.0,0.269,,0.0,-0.2,8.9,0.00408645,0.143,130.0,0.0,100.0,19.0,0.26,69.2,13.9,Benign
VAR00924,72.0,Female,Hispanic,34.3,,Moderate,No,Colorectal,APC,,10.0,,44.82,0.0,0.688,0.211,0.0,,-0.1,6.45e-06,0.539,355.0,20.44,13.9,0.5,0.1,54.3,43.0,Benign
VAR00925,53.0,Female,White,25.2,Never,Moderate,Yes,,MLH1,Nonsense,27.0,Yes,24.26,0.664,0.0,,0.282,-2.63,1.71,1e-07,,336.0,7.94,71.9,41.9,5.58,86.7,61.0,Pathogenic
VAR00926,34.0,,Hispanic,35.6,Never,Moderate,No,,MLH1,,2.0,Yes,39.94,0.903,0.0,1.0,,,5.03,3.5e-07,0.02,334.0,15.9,30.8,26.2,101.55,1034.6,61.6,Pathogenic
VAR00927,87.0,Female,Hispanic,23.4,,None,,Breast,,Synonymous,16.0,,0.0,0.262,0.098,0.0,,-5.02,-2.39,0.00063397,0.508,333.0,18.45,16.3,42.8,,456.3,14.4,Benign
VAR00928,56.0,Female,Other,26.9,Current,Heavy,,Prostate,BRCA1,Missense,2.0,No,0.0,0.0,0.736,0.0,0.216,-8.38,0.66,0.17421905,0.536,,0.0,2.9,,2.39,26.6,82.2,Benign
VAR00929,,Male,Black,33.8,Current,None,No,Ovarian,TP53,Synonymous,12.0,No,,0.79,,0.705,0.0,-1.71,-1.16,1.596e-05,0.523,339.0,0.91,17.8,30.8,0.6,824.7,31.1,Benign
VAR00930,,Female,White,25.9,Former,Moderate,Yes,Lung,BRCA2,Missense,14.0,Yes,50.0,,0.512,1.0,0.665,1.28,0.78,,0.082,478.0,,17.2,1.5,,,,Benign
VAR00931,50.0,Male,White,,Current,Heavy,Yes,Breast,MLH1,Synonymous,23.0,,0.0,0.97,1.0,0.59,0.0,1.79,9.11,0.5,0.568,382.0,0.0,23.7,0.0,22.56,31.3,100.0,VUS
VAR00932,47.0,Female,,33.0,Former,Heavy,No,Lung,PALB2,Missense,26.0,No,0.0,0.835,0.683,1.0,0.0,,-0.55,0.5,0.474,,,0.0,22.6,0.15,,55.1,Benign
VAR00933,84.0,Male,,24.7,Current,None,Yes,Pancreatic,MSH2,,21.0,No,22.2,0.0,0.299,1.0,0.0,1.82,10.0,0.00134906,0.119,283.0,0.0,100.0,0.0,178.81,7.6,29.6,Benign
VAR00934,,Male,Black,,Never,None,,Breast,,Missense,27.0,No,33.08,0.0,0.73,0.846,0.0,2.48,1.46,0.00729198,0.678,,23.21,34.5,37.6,55.49,22.5,0.0,Benign
VAR00935,67.0,Female,White,20.2,Never,Moderate,,,PALB2,Missense,4.0,No,14.89,0.0,0.111,0.0,,4.8,-1.75,1.521e-05,,417.0,16.8,42.3,,0.25,8.5,2.2,Benign
VAR00936,63.0,Female,White,30.4,Current,None,No,Colorectal,PALB2,Frameshift,15.0,,18.64,0.323,0.519,,0.0,-0.98,-0.98,0.01281422,0.055,204.0,,10.9,,11.73,,99.7,Benign
VAR00937,39.0,Female,Black,29.4,Never,Moderate,Yes,Breast,ATM,Nonsense,,Yes,,1.0,1.0,0.958,0.92,-7.06,4.19,,,340.0,28.52,0.0,6.9,3.09,,64.7,Pathogenic
VAR00938,73.0,Male,Asian,32.8,Never,Moderate,Yes,Ovarian,ATM,,,Yes,0.0,0.247,0.45,0.0,0.129,-7.44,0.13,0.5,,282.0,,0.0,21.8,,6.5,0.0,Benign
VAR00939,41.0,Male,White,26.1,Former,None,Yes,Lung,PALB2,Frameshift,16.0,Yes,9.95,0.529,0.188,,0.222,6.2,7.91,2.22e-06,1.0,234.0,0.0,30.7,,0.67,9.7,,Pathogenic
VAR00940,60.0,Female,White,20.3,Former,Moderate,No,Breast,PALB2,Synonymous,2.0,No,0.0,0.931,0.471,0.341,0.487,1.39,,,0.285,343.0,15.84,9.3,29.3,11.27,1.0,,Benign
VAR00941,35.0,,Asian,16.0,Never,Moderate,No,,,Missense,18.0,No,11.55,,0.349,,1.0,3.66,-5.63,3.963e-05,0.8,296.0,,34.4,,8.65,142.8,0.4,Benign
VAR00942,,,White,41.8,Never,Moderate,Yes,Lung,ATM,,6.0,Yes,8.79,1.0,0.276,1.0,0.0,6.2,10.0,1e-07,0.418,402.0,0.0,45.8,0.0,200.0,514.0,36.5,Pathogenic
VAR00943,60.0,Female,White,30.1,Never,None,,Lung,ATM,Synonymous,26.0,No,14.6,0.243,0.0,0.647,0.078,2.07,4.79,,0.716,266.0,0.0,0.9,,3.67,86.9,0.0,VUS
VAR00944,45.0,Male,White,28.2,Never,None,No,,ATM,Missense,9.0,No,3.04,0.15,0.469,0.501,0.32,0.07,-9.12,0.01157056,0.04,190.0,0.54,100.0,,0.1,1.0,21.0,Benign
VAR00945,30.0,Male,,28.9,Never,,No,Pancreatic,,Synonymous,17.0,No,0.0,0.487,0.0,0.092,,2.07,,,0.02,297.0,0.0,32.6,32.3,0.29,11.4,,Benign
VAR00946,63.0,Female,White,20.3,Never,Moderate,Yes,,MLH1,,17.0,No,,0.882,1.0,0.314,0.0,,6.09,0.00160621,0.574,348.0,15.09,0.0,21.6,0.88,55.2,43.5,Benign
VAR00947,,Female,Black,23.5,,Moderate,No,Pancreatic,ATM,Splice_site,24.0,Yes,0.0,0.319,,0.0,0.44,3.93,2.39,0.03008635,0.719,,0.0,2.2,19.1,1.2,385.5,73.2,Benign
VAR00948,74.0,Female,Black,36.2,Never,Moderate,Yes,Colorectal,,,,No,30.61,0.0,0.174,0.497,0.017,-0.28,-9.62,1e-07,0.647,300.0,0.0,48.3,18.8,1.12,2000.0,0.0,Benign
VAR00949,53.0,Female,Black,30.8,Never,Heavy,Yes,Breast,MSH2,Missense,10.0,No,21.09,0.853,0.0,0.427,0.0,6.2,-7.62,0.00657044,0.02,413.0,31.58,8.6,16.3,4.35,18.7,58.9,Benign
VAR00950,52.0,Male,Black,23.7,,Moderate,Yes,Breast,APC,Nonsense,19.0,Yes,12.41,,0.28,1.0,0.0,-2.48,6.2,1e-07,0.02,172.0,30.84,78.0,65.2,102.82,59.3,77.2,Benign
VAR00951,68.0,Male,White,,Never,Heavy,No,,PALB2,Missense,2.0,,26.94,0.258,0.529,0.179,0.177,0.52,10.0,2.16e-06,0.717,,0.0,,17.8,,60.1,32.1,Benign
VAR00952,67.0,Male,White,24.9,Never,None,Yes,Prostate,CHEK2,Missense,,Yes,10.55,1.0,1.0,1.0,0.0,1.94,3.11,3.253e-05,1.0,383.0,32.13,21.8,16.1,0.1,9.6,53.9,Pathogenic
VAR00953,48.0,,,25.9,Never,,No,Lung,PTEN,Nonsense,11.0,Yes,44.61,0.814,0.823,0.52,0.0,-0.86,9.25,0.03223845,0.02,271.0,33.89,0.0,35.0,8.31,5.3,,VUS
VAR00954,56.0,Female,White,,Former,Moderate,No,Colorectal,PALB2,Synonymous,,No,13.24,1.0,0.861,1.0,,3.33,,0.00232483,0.222,435.0,,61.6,30.1,0.1,158.9,51.4,Benign
VAR00955,60.0,,Hispanic,26.6,Never,Moderate,Yes,Ovarian,TP53,,15.0,Yes,0.0,0.181,0.291,0.961,0.0,-0.94,10.0,0.3593307,,,0.8,,23.6,0.54,96.2,26.4,Benign
VAR00956,63.0,Female,White,,Never,Moderate,No,,PALB2,Missense,,No,0.0,0.703,0.422,0.794,0.0,,1.06,0.00023802,0.453,461.0,0.0,49.5,6.6,83.83,11.1,100.0,Benign
VAR00957,54.0,,Black,27.2,Former,None,Yes,,ATM,Missense,23.0,No,1.62,0.381,0.698,0.232,0.0,-1.92,-6.84,0.5,0.911,,,0.0,0.0,0.1,1.0,0.0,Pathogenic
VAR00958,50.0,Female,White,,Former,,,,ATM,Missense,4.0,Yes,41.67,0.98,0.214,0.783,0.847,3.01,,1e-07,0.422,245.0,11.74,74.1,21.0,,1.0,100.0,Benign
VAR00959,74.0,Male,White,21.1,Former,Heavy,No,,MLH1,,18.0,Yes,5.31,0.015,0.203,0.005,0.111,6.2,,0.0014219,0.137,380.0,0.0,71.9,18.5,,,13.1,Benign
VAR00960,70.0,Male,White,29.5,Current,Heavy,No,Lung,,Missense,19.0,No,,0.204,0.0,,0.174,-4.31,3.3,0.02043317,0.567,,3.66,,13.0,5.2,21.2,13.3,VUS
VAR00961,58.0,Female,,33.5,Former,Moderate,Yes,Colorectal,CHEK2,Nonsense,12.0,Yes,28.63,1.0,0.985,1.0,0.633,1.23,2.11,2.11e-06,0.02,,18.31,2.7,36.4,0.25,22.2,90.8,Pathogenic
VAR00962,78.0,Male,Black,28.2,Never,Heavy,No,,BRCA2,,6.0,No,0.0,,0.567,0.07,0.0,-12.0,-2.32,0.5,,526.0,31.16,100.0,38.6,,,6.2,Benign
VAR00963,51.0,,Hispanic,23.5,Never,Moderate,No,,PTEN,Synonymous,,,20.98,0.0,0.758,0.401,0.193,-1.53,10.0,1e-07,0.794,513.0,0.0,37.3,42.7,0.72,30.9,85.0,Benign
VAR00964,77.0,,White,24.9,Never,Moderate,No,,TP53,,2.0,No,29.1,0.187,0.13,0.289,0.219,3.64,-2.89,,0.352,341.0,0.0,48.3,3.5,0.33,1.0,0.0,Benign
VAR00965,,Female,Black,19.2,Never,Moderate,,Breast,PALB2,Missense,27.0,Yes,20.43,,1.0,0.0,0.0,2.36,1.91,0.00061537,0.165,244.0,,0.0,40.7,1.56,2000.0,66.9,Benign
VAR00966,90.0,Male,Hispanic,26.8,,Moderate,No,Ovarian,BRCA2,Missense,3.0,Yes,21.33,0.817,0.55,1.0,0.701,5.46,4.78,,0.402,247.0,9.64,0.0,0.0,200.0,1.0,75.2,Benign
VAR00967,36.0,Female,,29.1,Never,Moderate,,Ovarian,PALB2,Missense,4.0,,14.06,0.809,0.07,0.95,0.549,,6.19,1e-07,,,37.03,46.9,21.0,21.46,10.5,45.7,Pathogenic
VAR00968,47.0,Female,White,23.0,Former,Moderate,No,,PTEN,Missense,4.0,No,0.0,0.0,0.653,0.653,0.15,-0.37,5.0,0.00048553,0.326,478.0,3.56,,37.5,1.29,1.6,0.0,Benign
VAR00969,61.0,Female,White,37.2,Former,Heavy,No,Colorectal,CHEK2,Synonymous,,No,0.0,,0.69,0.0,0.74,-1.31,-13.05,0.00037419,0.02,,19.05,0.0,,,59.8,0.0,Benign
VAR00970,,Male,,31.5,Never,None,No,Colorectal,MLH1,,5.0,Yes,50.0,0.874,0.436,0.021,0.222,1.84,,,0.578,287.0,,36.1,0.0,1.03,1.0,0.0,VUS
VAR00971,81.0,Male,Asian,18.5,Never,Moderate,No,Colorectal,CHEK2,,17.0,Yes,6.76,0.735,0.823,0.0,0.0,1.29,-1.57,0.5,0.196,281.0,30.63,0.0,21.0,9.0,91.9,60.6,Benign
VAR00972,,Female,White,18.6,Never,,,Lung,PALB2,Synonymous,4.0,No,22.25,0.0,0.735,0.328,0.095,-1.1,,0.00471126,0.359,,3.77,30.7,51.7,0.15,8.5,19.8,Benign
VAR00973,68.0,Male,White,22.6,Never,Moderate,No,Breast,,Synonymous,19.0,,21.38,0.34,0.464,0.146,0.046,0.61,-0.48,0.02651765,0.107,,,,52.7,12.35,106.5,48.4,Benign
VAR00974,67.0,Female,Hispanic,35.4,Never,None,Yes,Ovarian,PALB2,Nonsense,12.0,Yes,30.25,0.353,0.0,1.0,0.0,4.35,5.28,,0.68,226.0,0.0,67.8,43.1,0.17,1.0,57.9,Benign
VAR00975,61.0,,White,,Never,,Yes,,MSH2,Frameshift,11.0,Yes,13.33,1.0,,1.0,0.0,1.73,8.36,0.00205852,1.0,170.0,14.77,42.2,4.0,2.26,24.8,9.7,Benign
VAR00976,,Male,Black,,Never,None,,,PTEN,Missense,14.0,,16.17,0.326,,0.0,0.013,,-2.67,1e-07,0.438,294.0,0.0,,22.1,21.03,100.8,31.7,Benign
VAR00977,74.0,Male,,27.6,Current,,No,Lung,BRCA1,,1.0,No,0.0,0.416,0.879,1.0,0.436,-5.31,10.0,0.22575113,0.02,354.0,37.66,74.3,62.3,93.0,1.1,41.6,Benign
VAR00978,71.0,Female,White,,Never,None,Yes,Prostate,BRCA2,Missense,14.0,,20.02,0.0,1.0,0.244,0.492,1.87,-4.54,0.09078619,0.373,509.0,,,38.3,,43.0,0.0,VUS
VAR00979,60.0,Female,White,,Former,Moderate,Yes,Ovarian,MSH2,Missense,15.0,No,11.67,0.307,0.735,,0.569,-0.25,,5.7e-07,0.608,201.0,13.86,0.0,0.0,,79.8,29.1,Pathogenic
VAR00980,59.0,Female,White,29.2,,None,No,,BRCA2,Missense,21.0,No,1.13,,0.894,0.051,0.699,0.38,-7.02,0.00018907,0.327,444.0,10.13,,36.5,2.14,,0.0,Benign
VAR00981,55.0,Female,White,,Never,None,Yes,Breast,MSH2,Missense,4.0,Yes,,0.92,0.132,1.0,0.523,6.2,4.84,,0.198,309.0,0.0,100.0,8.8,19.13,16.7,,Benign
VAR00982,55.0,Male,Hispanic,26.3,Never,None,No,Breast,,,2.0,No,30.03,0.07,0.718,,,,2.76,1e-07,,293.0,20.34,,16.8,0.58,108.3,23.6,Benign
VAR00983,60.0,Male,Black,35.6,Current,None,,Prostate,CHEK2,Frameshift,,Yes,0.0,,0.0,0.11,0.536,6.2,0.62,0.00030338,,149.0,19.96,0.0,35.5,4.0,95.0,62.6,Pathogenic
VAR00984,56.0,Female,,26.9,Never,None,No,Colorectal,MLH1,,26.0,Yes,44.71,0.0,0.942,1.0,0.0,6.2,-5.51,0.18816092,0.226,363.0,2.5,43.3,15.5,2.27,37.0,68.6,Benign
VAR00985,45.0,Male,,34.2,Never,Heavy,Yes,Lung,PALB2,Synonymous,10.0,No,0.0,0.177,1.0,0.0,0.0,-2.46,-0.97,0.00142916,0.93,350.0,11.67,0.0,,,,49.1,Benign
VAR00986,39.0,Female,Other,19.6,Current,,Yes,Prostate,APC,Missense,7.0,Yes,21.54,1.0,,0.558,0.0,3.17,10.0,0.00065676,0.208,569.0,10.6,71.1,41.4,,3.0,32.6,VUS
VAR00987,46.0,Female,White,40.9,Never,None,No,Colorectal,PTEN,Synonymous,4.0,Yes,14.51,0.331,0.823,,0.0,6.01,1.32,,0.02,,6.16,7.4,35.6,2.37,58.7,6.3,Benign
VAR00988,59.0,Female,Hispanic,25.6,Never,Moderate,Yes,Breast,TP53,Missense,7.0,No,,0.36,,0.0,0.404,-7.68,10.0,1e-07,,491.0,0.0,,28.0,71.35,3.2,86.2,Benign
VAR00989,56.0,Male,Hispanic,31.0,Former,None,Yes,Lung,MSH2,Missense,12.0,Yes,21.29,0.363,0.376,0.0,0.0,0.65,4.36,0.01025231,0.02,286.0,8.05,1.5,60.0,1.52,623.2,37.5,Benign
VAR00990,59.0,,Black,31.8,Never,,No,Lung,,Missense,27.0,Yes,17.61,0.0,0.472,0.0,0.0,-0.87,-2.08,,0.346,282.0,12.25,0.0,25.9,33.68,2000.0,62.3,Benign
VAR00991,59.0,Male,White,25.0,Current,Heavy,Yes,,TP53,Missense,21.0,Yes,50.0,1.0,0.0,1.0,0.788,6.2,-10.47,2.878e-05,0.381,135.0,1.81,0.0,27.9,4.33,7.2,0.0,Pathogenic
VAR00992,48.0,Female,Hispanic,31.6,Never,None,No,,APC,Missense,,No,,0.342,0.685,0.261,,,-8.97,0.00718706,0.639,446.0,10.38,1.9,16.4,0.54,2.4,,Benign
VAR00993,75.0,Male,Hispanic,,Former,None,No,,PALB2,Nonsense,2.0,No,6.15,0.261,0.0,,0.0,2.56,-0.87,0.19329803,0.02,335.0,0.0,23.5,4.6,1.36,53.8,2.1,Benign
VAR00994,49.0,Female,White,23.9,,Moderate,Yes,Ovarian,TP53,Missense,16.0,Yes,19.29,1.0,0.0,1.0,,1.05,-3.36,1e-07,0.841,319.0,30.75,100.0,0.0,0.13,85.3,,Pathogenic
VAR00995,50.0,Male,Hispanic,24.0,Former,None,Yes,Lung,MSH2,Missense,14.0,No,0.0,0.608,0.583,1.0,0.852,4.83,-0.41,0.5,,,,39.5,,0.24,16.8,79.3,Benign
VAR00996,62.0,Male,White,27.7,Former,None,No,Breast,BRCA2,Missense,,Yes,,0.0,1.0,0.0,0.275,-4.6,2.21,0.00013093,1.0,346.0,0.0,5.8,14.0,0.52,74.6,0.0,Benign
VAR00997,32.0,Female,White,26.9,Former,Moderate,No,,PTEN,Splice_site,14.0,No,35.64,0.206,0.552,1.0,0.146,4.46,-1.04,,0.279,242.0,0.0,2.7,68.6,3.18,102.6,38.3,Benign
VAR00998,46.0,,Black,34.5,Current,Moderate,No,Ovarian,PALB2,Missense,16.0,No,,1.0,0.57,0.188,0.123,0.85,-0.91,1.2e-07,0.493,369.0,9.58,0.0,6.1,76.2,2.7,33.9,Benign
VAR00999,69.0,Male,Hispanic,31.0,,None,No,Lung,ATM,Missense,1.0,No,0.0,,0.142,0.0,0.212,-10.21,10.0,0.00140051,,215.0,2.26,1.5,8.4,,2.2,0.0,Benign
VAR01000,29.0,Female,White,27.1,Never,Moderate,Yes,Prostate,MLH1,Missense,,Yes,0.0,0.732,0.883,1.0,,,6.91,2.27e-06,,305.0,24.81,43.6,28.1,0.55,1.0,19.2,Pathogenic
VAR01001,,,White,30.5,Never,None,,Lung,,Synonymous,20.0,No,7.88,0.511,0.151,0.139,,3.26,-0.07,0.00160142,0.817,375.0,3.11,0.0,,14.3,1.0,13.8,Benign
VAR01002,76.0,Male,White,17.3,Never,None,No,Lung,MSH2,Splice_site,25.0,No,,0.031,1.0,0.652,0.111,-5.09,-5.46,3.953e-05,0.296,475.0,3.68,0.0,0.0,3.61,1.8,0.0,Benign
VAR01003,51.0,Male,White,,Never,Moderate,No,Breast,PALB2,Missense,3.0,No,8.31,0.341,0.187,0.276,0.052,-3.35,0.78,,0.02,,4.66,,34.3,28.08,,,Benign
VAR01004,60.0,Female,White,,,,No,Colorectal,MSH2,,2.0,,,0.0,1.0,0.387,,0.9,-2.21,0.09358586,0.318,463.0,,0.0,0.0,18.93,129.4,0.0,Benign
VAR01005,67.0,Male,White,33.1,Former,Moderate,Yes,,PALB2,Missense,26.0,No,43.01,,0.112,0.534,,1.63,10.0,1e-07,0.979,319.0,6.5,0.0,25.7,14.09,155.7,27.7,VUS
VAR01006,,Female,Hispanic,28.5,Former,Moderate,Yes,,CHEK2,,26.0,Yes,,0.511,0.0,0.36,0.203,6.2,10.0,0.0002351,0.376,217.0,48.91,7.6,26.0,,127.7,66.1,Benign
VAR01007,67.0,Female,White,34.8,Current,Moderate,,Lung,MLH1,Synonymous,18.0,Yes,0.0,0.945,1.0,0.589,0.23,-0.45,9.75,0.5,0.394,549.0,34.55,0.0,38.8,19.02,11.2,27.3,Benign
VAR01008,47.0,Male,White,31.8,Never,Moderate,No,Breast,CHEK2,Synonymous,6.0,No,0.0,0.0,1.0,0.0,0.114,-5.5,,0.5,0.02,307.0,0.0,10.0,30.7,,2000.0,,Benign
VAR01009,,Female,White,25.1,Former,Moderate,No,Prostate,,Missense,8.0,No,9.06,0.7,0.459,,0.0,,,,0.02,424.0,19.82,14.2,72.2,,1.0,0.0,Benign
VAR01010,46.0,Female,White,,Former,Moderate,,,BRCA1,Splice_site,22.0,No,14.56,0.0,0.538,0.98,0.447,,-5.5,0.07039678,0.647,,0.0,,,17.19,9.8,0.0,Benign
VAR01011,60.0,Female,,29.5,,Moderate,No,,BRCA2,Missense,25.0,Yes,,0.0,0.348,0.116,0.697,1.07,2.37,0.00010514,0.795,377.0,8.93,0.0,0.0,,42.0,21.8,Benign
VAR01012,71.0,,White,25.3,Former,None,,Colorectal,BRCA1,Synonymous,19.0,No,18.4,0.357,0.66,0.568,0.384,6.2,-4.68,,0.439,358.0,0.0,52.6,71.6,0.45,1.3,0.0,Benign
VAR01013,54.0,Female,White,35.2,Never,,,Lung,MSH2,Splice_site,11.0,Yes,0.0,0.0,0.014,0.184,,4.43,-1.97,0.02306476,0.595,320.0,5.7,,23.9,2.61,8.7,0.0,Benign
VAR01014,,Male,White,22.0,Never,None,No,Colorectal,,,23.0,No,0.0,0.482,0.0,0.009,0.0,,1.06,0.00048301,0.182,,,0.0,6.3,1.05,,0.0,Benign
VAR01015,38.0,Female,,29.1,Current,Moderate,Yes,Breast,TP53,Missense,8.0,Yes,14.22,0.718,0.0,0.08,,6.2,0.47,,0.529,,3.06,0.0,0.0,0.71,17.7,21.1,Benign
VAR01016,,Male,Asian,31.2,Former,Moderate,No,,PALB2,Missense,4.0,No,29.63,0.0,0.442,0.179,0.0,3.01,-8.41,0.00031229,0.02,,17.68,32.1,,,676.4,0.0,Benign
VAR01017,,,White,25.9,Former,Moderate,Yes,Lung,BRCA2,,11.0,Yes,35.33,,0.0,0.231,0.0,3.73,,1.759e-05,0.172,,10.24,46.0,8.0,2.7,31.4,0.0,VUS
VAR01018,61.0,Female,White,24.8,,None,Yes,Colorectal,APC,Missense,13.0,No,0.0,,0.492,0.0,0.128,3.08,-9.79,0.00218982,,121.0,0.0,0.0,8.1,0.27,2000.0,3.9,Benign
VAR01019,51.0,Female,White,27.1,Former,Moderate,No,,BRCA1,Missense,17.0,Yes,0.0,0.164,0.299,0.0,0.349,-0.27,,0.00292832,0.02,160.0,,88.8,0.0,,591.7,61.6,Benign
VAR01020,62.0,Male,White,31.6,Former,Moderate,Yes,Breast,BRCA2,Frameshift,19.0,Yes,39.98,0.745,0.0,0.023,0.309,6.2,1.36,1.1e-07,1.0,417.0,,0.0,15.4,6.3,1.1,,Pathogenic
VAR01021,53.0,Female,Black,25.0,Current,Heavy,No,Lung,TP53,Missense,,No,1.06,,0.232,1.0,0.0,,4.37,6.636e-05,,345.0,6.86,7.7,29.7,,1.1,53.6,Benign
VAR01022,51.0,Female,Black,22.2,Current,Moderate,Yes,Ovarian,BRCA1,Missense,6.0,,29.52,0.0,1.0,0.22,0.0,,4.74,0.08653653,0.438,260.0,10.73,46.0,3.9,1.13,611.1,27.3,Benign
VAR01023,44.0,Male,White,33.3,Never,,Yes,Prostate,,Nonsense,18.0,,19.73,0.696,0.665,0.0,0.0,4.37,-6.17,0.13068334,0.02,363.0,24.48,78.3,14.2,8.58,14.4,57.3,Benign
VAR01024,74.0,Male,White,29.5,,None,Yes,Breast,,Missense,2.0,Yes,22.43,0.164,,0.0,,-3.11,3.7,,0.02,437.0,1.95,0.0,13.3,,1.0,,Benign
VAR01025,23.0,Male,White,32.5,Never,Moderate,No,Prostate,PALB2,Missense,25.0,No,0.0,0.0,0.601,0.205,0.0,1.61,1.88,0.00184664,1.0,204.0,39.06,49.1,,3.06,,27.9,Benign
VAR01026,66.0,Female,White,31.3,,None,No,Prostate,BRCA2,Missense,12.0,No,,0.0,0.0,0.436,0.349,,,1.917e-05,0.374,310.0,0.0,13.4,52.1,,792.7,,Benign
VAR01027,,Female,Other,38.4,Former,Moderate,,Pancreatic,PTEN,Synonymous,26.0,,39.76,0.0,0.039,0.078,,-2.15,8.42,0.5,0.02,324.0,0.0,0.0,25.8,5.7,702.5,38.9,Benign
VAR01028,50.0,,White,33.1,Former,,No,Lung,MSH2,Missense,24.0,Yes,,0.367,,1.0,0.168,-0.08,,2.2e-06,0.02,354.0,26.46,0.0,1.2,10.33,75.7,63.4,VUS
VAR01029,,Male,White,23.9,,Moderate,No,Lung,MLH1,Missense,6.0,No,7.29,0.0,,1.0,0.54,2.94,-4.67,0.01048541,1.0,391.0,0.0,0.0,19.8,,336.3,,Benign
VAR01030,47.0,,White,29.9,Never,,No,,CHEK2,,4.0,Yes,1.14,0.0,0.263,0.401,0.0,-2.17,-0.06,,0.553,104.0,9.79,46.7,28.4,200.0,65.3,0.0,Benign
VAR01031,47.0,,White,24.7,Never,None,No,Breast,MLH1,Missense,25.0,No,0.0,0.313,0.16,0.008,0.0,,-4.39,5.887e-05,0.02,,0.0,0.0,0.0,75.27,1.7,42.7,Benign
VAR01032,,Female,,,Former,Moderate,,,PTEN,Synonymous,,No,0.0,0.2,0.252,0.401,,-1.73,-2.83,,0.135,110.0,0.0,36.3,5.5,3.34,279.2,0.0,Benign
VAR01033,61.0,,White,20.4,Former,Moderate,No,Colorectal,BRCA2,Synonymous,,Yes,0.0,0.73,,0.0,0.0,-1.23,3.87,0.00051918,,316.0,0.13,17.3,5.2,14.75,,46.2,Benign
VAR01034,50.0,Male,White,26.1,,None,No,Breast,,Missense,17.0,No,,0.71,0.526,0.725,,3.38,4.61,1.908e-05,0.571,204.0,17.94,31.9,,2.37,1702.8,2.2,Benign
VAR01035,36.0,,White,30.2,Never,Moderate,Yes,Lung,,Missense,26.0,No,0.0,0.208,0.012,,0.131,1.17,4.47,0.00727144,0.346,342.0,0.0,17.8,,0.65,7.9,0.0,Benign
VAR01036,45.0,Female,Black,27.2,Former,,No,Breast,ATM,,17.0,No,0.0,0.407,0.671,0.0,0.539,-2.99,2.61,2.081e-05,,393.0,6.1,0.0,,18.1,10.3,,Pathogenic
VAR01037,,,White,22.0,Never,,No,Colorectal,APC,Synonymous,8.0,Yes,0.0,0.0,0.666,0.0,0.012,1.76,3.58,0.0057442,0.084,326.0,0.33,,11.5,0.44,1.3,100.0,Benign
VAR01038,56.0,,White,19.9,Former,Heavy,No,Colorectal,MLH1,Missense,10.0,No,23.45,0.641,0.373,0.67,0.0,6.2,-0.69,1e-07,0.02,,,28.0,21.4,6.34,130.8,0.0,VUS
VAR01039,58.0,Female,Asian,,Current,,Yes,Prostate,,Missense,8.0,Yes,23.01,,,0.026,0.171,6.2,,1e-07,0.834,,0.0,16.1,41.3,1.24,2000.0,88.5,Pathogenic
VAR01040,53.0,Female,,29.1,Never,,Yes,,BRCA1,Missense,15.0,No,3.09,0.614,0.879,0.0,1.0,,5.01,0.00023492,0.122,316.0,,100.0,0.0,0.42,130.0,,Benign
VAR01041,47.0,,Other,23.4,Never,Moderate,No,Breast,APC,Missense,,Yes,20.08,0.041,1.0,0.0,0.174,,0.67,0.5,0.117,275.0,2.47,0.0,5.5,3.35,,53.5,Benign
VAR01042,74.0,Male,Asian,29.8,Never,None,,Colorectal,MSH2,,10.0,No,50.0,0.583,0.0,1.0,1.0,6.2,10.0,1e-07,0.393,,,57.0,,41.18,12.4,9.7,VUS
VAR01043,50.0,Male,White,38.4,Never,Moderate,Yes,Colorectal,PALB2,Missense,5.0,Yes,50.0,0.647,0.0,1.0,0.296,6.2,3.25,0.00077195,0.158,273.0,31.39,62.7,0.0,8.58,8.2,35.9,Pathogenic
VAR01044,,Male,White,,Never,,,Breast,PALB2,,1.0,Yes,30.28,,0.268,1.0,,-2.12,7.25,0.00010383,1.0,474.0,,25.7,,5.66,818.0,14.5,Pathogenic
VAR01045,,Female,Hispanic,16.0,Never,Moderate,No,Lung,CHEK2,Missense,23.0,No,,0.309,0.0,0.0,0.0,-1.38,6.44,1.1e-07,0.821,325.0,12.43,28.2,30.0,0.1,3.9,55.9,Benign
VAR01046,47.0,Female,White,40.8,,Heavy,Yes,,MSH2,Missense,22.0,Yes,,,0.0,0.0,0.053,3.18,-6.87,0.05227011,0.841,,13.71,36.5,24.1,1.62,1.0,75.0,Benign
VAR01047,48.0,Female,White,18.3,Former,Moderate,No,Lung,CHEK2,Synonymous,4.0,No,17.31,0.473,0.232,1.0,0.974,-4.6,10.0,1.322e-05,,265.0,1.84,14.7,29.4,0.13,2000.0,16.2,Benign
VAR01048,52.0,Male,Black,26.5,Never,Moderate,No,,APC,Nonsense,7.0,,25.54,0.569,0.192,0.983,0.121,,2.79,6.302e-05,0.668,401.0,41.59,14.4,26.7,5.59,83.7,100.0,Pathogenic
VAR01049,56.0,Female,White,21.8,,None,No,,TP53,Synonymous,,Yes,5.59,0.673,0.119,0.0,0.0,6.2,,0.08808041,0.681,389.0,13.39,14.5,,2.43,7.3,28.0,Benign
VAR01050,55.0,Female,Asian,23.8,Never,None,Yes,Colorectal,MLH1,Nonsense,17.0,Yes,26.64,1.0,0.031,1.0,0.798,3.28,6.63,,0.089,,4.3,12.4,10.3,4.38,,43.9,Pathogenic
VAR01051,,Female,Hispanic,28.9,,Moderate,No,,APC,,25.0,,0.0,0.744,0.0,,0.088,6.2,5.46,9.998e-05,0.02,155.0,15.95,75.4,41.0,2.3,70.7,21.7,Benign
VAR01052,60.0,Female,Asian,17.1,Never,None,,Pancreatic,MSH2,Missense,19.0,No,0.0,0.653,0.852,0.501,0.836,3.7,,0.11780365,0.02,460.0,0.74,54.6,33.5,7.06,1.1,36.5,Benign
VAR01053,25.0,Male,Hispanic,27.0,Never,Moderate,No,Breast,PALB2,Synonymous,18.0,No,0.0,0.607,1.0,0.0,0.0,-7.96,,0.5,0.02,274.0,1.67,21.0,19.6,8.08,4.0,,Benign
VAR01054,60.0,Male,Black,33.2,Never,None,No,,ATM,Frameshift,21.0,No,,,0.104,1.0,0.069,-3.45,0.4,0.0004857,0.79,249.0,23.12,0.0,3.9,5.0,52.7,28.0,Benign
VAR01055,56.0,Female,,23.3,Former,None,No,Pancreatic,ATM,Missense,17.0,,30.21,0.551,0.768,,0.173,5.54,,0.0009944,,287.0,14.94,4.5,23.6,18.83,2.1,11.7,Benign
VAR01056,57.0,,Other,20.5,Current,Moderate,No,Breast,PALB2,Synonymous,26.0,No,22.8,,0.448,0.0,0.0,-4.2,-8.89,,,216.0,22.39,0.0,25.4,0.1,1.0,7.7,Benign
VAR01057,,Female,Other,26.8,Never,Moderate,Yes,Pancreatic,BRCA2,Missense,27.0,Yes,,0.202,0.141,,0.0,6.2,-0.79,1e-07,0.477,389.0,0.0,31.8,,,10.4,43.5,VUS
VAR01058,56.0,,Hispanic,25.8,Never,,Yes,Colorectal,BRCA2,Synonymous,13.0,No,0.0,0.0,0.43,0.0,0.0,3.28,0.22,9.89e-06,0.064,319.0,12.37,0.0,26.3,6.2,,55.5,Benign
VAR01059,55.0,Female,Hispanic,24.5,Never,Moderate,No,,MLH1,Missense,1.0,Yes,,0.512,0.401,0.455,0.0,1.92,3.05,0.5,1.0,326.0,28.68,,32.4,2.49,10.1,,Benign
VAR01060,64.0,Male,Black,21.6,Former,None,Yes,Colorectal,TP53,Synonymous,27.0,No,0.0,0.0,0.142,0.636,0.004,-2.13,0.51,0.00598025,0.167,445.0,0.0,0.0,,0.4,9.4,0.0,Benign
VAR01061,49.0,Male,White,30.1,Never,None,No,,MSH2,Splice_site,9.0,No,8.62,0.173,0.014,0.293,0.0,1.87,4.1,0.00074484,0.128,331.0,,0.0,39.2,6.14,36.4,20.6,Benign
VAR01062,44.0,Female,Asian,30.5,Never,Heavy,No,Prostate,MSH2,Missense,8.0,No,34.61,0.059,1.0,0.0,0.0,6.2,0.44,1.239e-05,,493.0,4.34,94.6,37.3,11.51,3.3,8.4,Benign
VAR01063,90.0,Male,White,22.2,Current,Heavy,Yes,Breast,ATM,Synonymous,4.0,No,,0.737,,0.0,0.468,,-0.67,0.0029185,0.02,318.0,17.56,4.2,,0.5,37.8,17.9,Benign
VAR01064,,Female,White,,Current,Moderate,Yes,Lung,PALB2,Frameshift,21.0,Yes,23.38,0.727,0.031,0.699,0.053,,10.0,1.3e-07,0.632,154.0,6.87,45.9,12.3,1.28,9.8,,Pathogenic
VAR01065,53.0,Female,White,,Former,Moderate,Yes,Breast,PTEN,Missense,5.0,Yes,46.27,0.612,0.009,1.0,0.74,6.2,4.84,1e-07,1.0,222.0,25.64,28.4,36.0,0.16,,,Pathogenic
VAR01066,34.0,Male,Black,22.7,Never,Moderate,,Breast,BRCA1,Frameshift,27.0,Yes,,1.0,0.212,1.0,0.0,4.35,,0.05506403,0.382,240.0,7.81,56.5,30.6,3.07,6.3,0.0,VUS
VAR01067,58.0,Male,,28.4,Never,Moderate,,Colorectal,,,6.0,Yes,11.09,0.138,0.876,,0.0,-1.73,-7.43,4.984e-05,0.686,,45.59,1.4,36.6,2.23,1.0,0.0,Benign
VAR01068,44.0,Male,White,34.8,Never,None,Yes,Lung,MLH1,,2.0,No,31.86,0.065,0.368,0.569,0.771,-1.78,1.58,0.00054203,0.02,487.0,12.65,0.0,24.1,0.27,,14.2,Benign
VAR01069,46.0,Male,White,27.2,Former,None,Yes,Ovarian,APC,Frameshift,17.0,,0.0,0.557,0.36,0.064,0.27,-4.68,2.25,1e-07,0.12,341.0,46.62,9.0,30.7,1.66,555.2,41.6,Pathogenic
VAR01070,70.0,Female,,21.4,Former,None,No,Breast,ATM,Missense,6.0,No,13.65,,1.0,0.356,0.581,-5.01,10.0,0.00012273,0.391,295.0,,0.0,3.6,,,0.0,Benign
VAR01071,62.0,,White,29.5,Never,Moderate,No,,MSH2,,8.0,No,0.0,0.029,0.475,,1.0,2.04,-2.71,0.5,,287.0,2.27,81.1,30.4,,1.0,0.0,Benign
VAR01072,59.0,Male,White,26.6,Current,Moderate,Yes,Breast,TP53,Missense,3.0,Yes,24.74,0.631,,1.0,0.274,6.2,6.31,0.00047953,,380.0,15.17,54.0,43.9,,1.6,61.2,Pathogenic
VAR01073,29.0,,Black,26.7,Never,None,Yes,Breast,PTEN,Frameshift,18.0,Yes,29.78,1.0,0.0,,,2.86,1.31,2.9e-06,,366.0,,12.1,51.7,0.74,324.3,34.3,Pathogenic
VAR01074,,,White,29.9,Former,None,,Breast,CHEK2,Synonymous,6.0,,,0.202,0.432,0.0,0.0,4.85,-4.77,7.399e-05,0.474,408.0,0.0,53.2,19.8,55.19,50.5,30.4,Benign
VAR01075,39.0,,White,31.0,Never,None,,Prostate,MSH2,Frameshift,20.0,Yes,20.59,0.246,,0.457,0.347,6.2,2.88,0.00013023,0.329,243.0,,75.2,54.2,14.45,38.4,43.3,VUS
VAR01076,76.0,Female,White,27.7,Never,Moderate,No,Breast,BRCA2,Synonymous,8.0,No,14.07,0.0,0.0,0.901,0.199,-3.01,3.08,0.04354245,,568.0,,0.0,19.0,,147.3,,Benign
VAR01077,,Female,White,27.2,Never,Heavy,No,Prostate,ATM,Frameshift,11.0,Yes,31.2,0.87,0.199,1.0,0.774,2.09,10.0,1e-07,,282.0,,25.7,34.5,22.15,210.5,10.7,Benign
VAR01078,63.0,Male,Asian,37.8,Former,Moderate,No,Breast,MSH2,Missense,14.0,Yes,13.29,0.031,0.253,0.271,,-4.86,-1.84,0.00304532,0.02,250.0,17.49,21.9,23.1,0.92,,24.6,VUS
VAR01079,45.0,Male,White,33.5,Never,Moderate,No,,,Synonymous,15.0,No,,0.012,0.943,0.0,0.0,3.88,-2.95,0.18963667,,451.0,0.0,0.0,44.9,21.17,,,Benign
VAR01080,58.0,Male,,31.7,Never,None,No,Breast,,Missense,23.0,Yes,6.46,0.0,0.296,0.485,0.826,0.52,8.9,0.00178778,0.02,419.0,8.81,0.0,25.7,1.03,1225.9,27.2,Benign
VAR01081,,Male,Black,,Former,Moderate,No,Breast,APC,Missense,4.0,No,9.25,0.27,0.975,0.0,0.0,4.54,10.0,0.0022505,0.02,249.0,7.68,0.0,11.2,0.1,421.9,75.2,Benign
VAR01082,,Female,White,22.5,Former,Moderate,Yes,Lung,,Missense,7.0,Yes,13.16,0.187,,,,4.53,5.97,1e-07,0.336,395.0,0.0,31.8,40.7,1.5,264.9,78.8,Pathogenic
VAR01083,53.0,Male,,33.1,Former,None,Yes,,,Missense,21.0,,28.0,0.367,0.559,,0.012,-3.78,3.73,,0.205,273.0,27.89,100.0,,0.39,24.2,0.0,Benign
VAR01084,28.0,Female,Other,28.2,Former,Moderate,No,Ovarian,PALB2,,24.0,Yes,,0.128,0.0,,0.0,5.46,10.0,0.5,0.707,366.0,36.08,0.0,27.6,0.77,26.6,,VUS
VAR01085,71.0,Male,,24.6,Former,,No,Ovarian,CHEK2,Missense,12.0,,1.65,0.506,0.311,0.0,0.0,-8.52,10.0,0.5,0.446,346.0,2.13,0.0,,0.1,114.0,71.3,Benign
VAR01086,55.0,Female,,,Former,None,No,Lung,,Missense,1.0,Yes,14.23,0.401,1.0,0.028,0.128,-1.03,3.44,9.767e-05,0.072,,14.69,59.1,36.9,1.92,4.6,,Benign
VAR01087,,Male,White,22.7,Never,Moderate,Yes,Ovarian,MSH2,Missense,,Yes,26.19,,,0.422,0.045,,10.0,3e-07,0.02,473.0,13.68,,,0.1,35.0,45.9,Pathogenic
VAR01088,47.0,Female,White,32.8,Never,Moderate,,Breast,ATM,Missense,17.0,Yes,34.12,0.762,0.2,0.299,,6.2,3.5,0.5,1.0,437.0,4.73,11.7,,2.37,5.4,97.7,VUS
VAR01089,61.0,Male,White,,Never,Moderate,No,,ATM,Missense,15.0,No,22.09,0.888,0.0,0.313,0.0,6.2,-8.52,,0.366,404.0,1.21,54.4,0.0,0.1,15.3,42.6,Benign
VAR01090,40.0,Female,White,28.4,Never,Moderate,No,Colorectal,CHEK2,Splice_site,11.0,Yes,,1.0,0.0,,,6.2,8.68,6.433e-05,0.904,182.0,0.0,0.0,1.8,0.5,5.4,,Benign
VAR01091,,Female,,27.3,Never,None,Yes,Pancreatic,TP53,Nonsense,,Yes,,0.184,0.0,0.735,0.0,2.17,10.0,1e-07,0.02,340.0,19.51,51.2,21.4,15.66,23.8,25.1,Pathogenic
VAR01092,61.0,Female,White,24.1,Never,Moderate,,,ATM,,8.0,,11.71,0.0,0.19,0.286,0.0,6.2,,0.43782578,0.194,272.0,,,9.9,10.66,6.9,0.0,Benign
VAR01093,63.0,Female,,16.8,Never,None,No,,BRCA1,Missense,10.0,No,,0.0,1.0,0.726,0.392,-2.68,-10.88,0.00051624,0.178,,15.76,19.4,,0.46,,75.0,Benign
VAR01094,,,White,20.4,Former,None,No,Colorectal,BRCA1,Missense,21.0,Yes,,0.471,1.0,0.591,,-5.8,4.52,0.00937635,0.155,329.0,1.05,20.1,17.6,7.73,313.3,37.8,Benign
VAR01095,,Female,,23.8,Former,None,Yes,,MLH1,Frameshift,11.0,Yes,0.0,,0.0,0.221,,,-4.56,1e-07,0.847,131.0,,100.0,25.0,0.11,165.4,40.2,Pathogenic
VAR01096,53.0,Female,White,23.0,Former,,Yes,Breast,TP53,,26.0,Yes,0.0,,0.44,1.0,0.626,5.27,-3.4,0.02763837,0.409,,4.6,16.9,7.3,38.44,1.1,22.0,Pathogenic
VAR01097,37.0,Female,,28.9,Current,Moderate,No,Prostate,MLH1,Missense,12.0,No,,0.0,0.315,0.918,,-7.3,-9.5,1.027e-05,0.17,334.0,12.14,0.0,35.5,29.16,78.9,43.8,Benign
VAR01098,43.0,Female,White,31.6,Never,Moderate,Yes,Lung,MSH2,,,No,14.99,0.316,0.0,,0.0,,-11.82,0.5,0.344,422.0,2.26,,25.3,1.58,155.7,13.2,Benign
VAR01099,46.0,Male,Black,,Never,Moderate,No,Ovarian,MLH1,Synonymous,18.0,No,13.93,0.469,0.198,0.0,0.417,-2.14,7.46,0.00295276,0.361,234.0,0.0,60.9,31.5,0.97,,24.9,Benign
VAR01100,67.0,Female,White,34.5,Never,Heavy,No,Lung,ATM,Synonymous,19.0,No,29.89,0.0,0.0,,0.518,-5.35,1.67,0.00097715,0.02,233.0,29.56,0.0,35.7,0.1,119.2,41.4,Benign
VAR01101,49.0,Female,,23.6,Never,Moderate,Yes,,,Missense,14.0,Yes,21.02,0.348,0.669,1.0,0.76,6.2,10.0,1.7e-07,0.88,226.0,0.0,47.8,,3.46,309.3,47.5,VUS
VAR01102,50.0,Female,White,26.8,Never,Moderate,No,Breast,,Frameshift,10.0,No,2.04,0.0,0.121,0.0,0.773,,5.43,0.00013162,0.107,285.0,25.26,0.0,29.5,,,0.0,Benign
VAR01103,81.0,Female,White,27.2,,None,No,Breast,PALB2,Missense,22.0,No,20.55,,1.0,1.0,,,10.0,0.0007978,,196.0,,0.0,25.1,,191.9,50.9,Benign
VAR01104,61.0,Male,Other,33.0,Never,None,No,Ovarian,ATM,,,No,0.0,0.401,0.619,0.0,,-7.23,-3.26,0.00537287,0.979,466.0,19.4,8.7,41.9,3.37,10.8,,Benign
VAR01105,60.0,,,28.0,Never,,No,Ovarian,TP53,Synonymous,2.0,Yes,4.25,0.324,0.352,0.277,0.047,,3.08,,1.0,405.0,17.7,0.0,24.9,,1.0,99.1,Benign
VAR01106,51.0,Female,White,28.2,Never,Moderate,Yes,Lung,TP53,Missense,17.0,No,11.98,0.258,0.304,0.58,0.202,6.2,-7.23,0.00077436,,,0.0,,14.6,3.23,,0.0,Benign
VAR01107,48.0,Male,White,19.2,Never,None,No,Lung,BRCA1,Missense,25.0,,13.24,0.902,1.0,,,-12.0,-0.95,0.05244804,0.02,262.0,0.0,0.0,38.5,0.4,7.1,67.4,Benign
VAR01108,28.0,Female,White,23.0,Former,Moderate,No,Prostate,,Synonymous,16.0,No,2.75,0.0,,,0.0,-5.03,9.84,0.5,0.23,415.0,33.94,0.0,40.8,48.49,146.9,67.2,Benign
VAR01109,69.0,Male,White,,Former,None,No,Colorectal,BRCA2,Missense,26.0,No,0.27,0.0,,0.0,0.0,0.75,0.54,0.5,,187.0,21.82,44.1,21.1,,81.8,59.1,Benign
VAR01110,62.0,Female,,17.1,Former,Moderate,Yes,Ovarian,,Synonymous,11.0,Yes,0.0,0.0,0.968,,0.0,,-0.68,,0.253,482.0,,0.0,33.2,4.3,69.1,24.1,Benign
VAR01111,54.0,Male,White,34.2,Former,None,No,Breast,,Missense,7.0,Yes,0.0,,0.837,0.501,0.407,1.46,0.66,0.04224373,0.7,,,21.0,30.2,2.68,2.7,,Benign
VAR01112,54.0,Female,Asian,,Never,None,,Prostate,BRCA1,Synonymous,,No,36.65,,,0.0,0.128,-4.73,1.7,,0.694,311.0,0.0,0.0,23.6,0.33,7.0,6.8,Benign
VAR01113,64.0,,,23.8,Never,None,No,Breast,MSH2,Missense,3.0,No,9.61,0.619,0.405,,0.0,6.2,3.36,0.00110535,0.104,460.0,0.0,14.6,,0.54,10.8,0.0,VUS
VAR01114,36.0,Male,White,23.3,,Moderate,No,Ovarian,MSH2,,2.0,No,10.98,,,0.14,0.364,3.77,9.2,5.53e-06,1.0,454.0,,48.8,2.2,136.56,89.2,0.0,Benign
VAR01115,45.0,,Hispanic,37.0,,Moderate,Yes,Lung,PTEN,Missense,16.0,Yes,0.0,1.0,0.155,1.0,,4.94,,0.00464972,0.656,,8.58,12.7,15.3,0.63,959.1,72.2,VUS
VAR01116,41.0,Male,,34.6,Never,None,No,Lung,PTEN,Frameshift,,Yes,48.37,0.349,0.704,0.644,0.0,,-0.5,0.01279455,0.339,,9.5,,22.7,2.55,69.6,0.0,Benign
VAR01117,75.0,Male,Asian,26.9,Never,None,Yes,Breast,BRCA1,Splice_site,2.0,Yes,14.43,0.596,0.259,1.0,1.0,0.1,7.12,,,477.0,31.02,,0.8,6.1,5.3,0.0,Pathogenic
VAR01118,67.0,,White,,Former,Moderate,No,Lung,CHEK2,Frameshift,13.0,Yes,0.0,0.0,0.06,,0.0,-0.11,-4.89,0.5,0.02,280.0,37.11,0.0,0.0,2.47,6.4,22.8,Benign
VAR01119,27.0,Male,Black,,Never,None,No,Breast,,Synonymous,7.0,No,7.04,0.379,0.188,0.0,0.1,-5.1,,0.0302572,0.02,354.0,28.27,41.6,20.2,3.57,49.8,49.3,Benign
VAR01120,32.0,Male,Asian,28.2,Current,Moderate,Yes,Lung,TP53,Missense,5.0,Yes,13.94,,0.161,1.0,,6.2,,1e-07,,379.0,0.0,,22.2,200.0,695.7,76.4,Pathogenic
VAR01121,,Female,White,24.1,Never,Moderate,No,Lung,CHEK2,Missense,14.0,No,13.75,0.0,1.0,0.0,0.0,1.95,-4.39,1e-07,1.0,,,,37.6,3.32,14.0,0.0,Benign
VAR01122,46.0,Female,Hispanic,27.1,Never,,Yes,Lung,BRCA1,Frameshift,9.0,Yes,4.19,0.958,0.085,0.667,0.587,0.84,,5.369e-05,,,0.85,,,,211.7,28.9,Benign
VAR01123,39.0,Female,Black,36.6,Never,,No,Breast,PALB2,Missense,17.0,Yes,25.91,0.287,0.277,0.291,0.0,,10.0,0.00097319,0.02,293.0,22.63,66.7,0.0,1.3,1.0,33.9,Pathogenic
VAR01124,81.0,Male,,27.0,Never,Heavy,No,Colorectal,PTEN,,12.0,No,,0.894,1.0,0.03,0.747,0.29,,,1.0,104.0,18.39,0.0,,1.63,,52.9,Benign
VAR01125,60.0,Female,,22.3,Never,Moderate,No,Breast,MSH2,Synonymous,6.0,Yes,6.13,,0.613,0.348,0.462,6.2,4.43,0.12905615,,397.0,0.59,17.8,64.8,6.56,107.5,34.9,Benign
VAR01126,,Female,White,20.7,Former,Moderate,No,Colorectal,TP53,,20.0,No,0.0,0.321,0.638,0.111,0.133,6.2,5.65,0.07346293,0.08,339.0,6.01,0.0,,46.89,1.0,51.7,Benign
VAR01127,43.0,,White,28.1,,Heavy,Yes,Pancreatic,PTEN,Missense,26.0,Yes,15.21,0.638,0.431,1.0,0.0,6.2,10.0,1.013e-05,0.743,515.0,17.73,83.6,4.4,74.14,583.1,45.6,Pathogenic
VAR01128,65.0,,Other,23.7,Never,Moderate,No,Breast,TP53,Missense,20.0,No,8.98,0.0,0.503,0.0,0.0,-5.28,1.4,2.2e-07,0.064,383.0,15.39,5.8,,0.1,,33.4,Benign
VAR01129,47.0,Female,White,28.7,,,Yes,Colorectal,PALB2,Nonsense,5.0,Yes,8.93,0.652,0.0,0.839,0.184,2.16,10.0,,0.951,,32.1,58.4,25.4,0.15,,60.4,Pathogenic
VAR01130,48.0,Male,White,19.4,,Moderate,Yes,Breast,ATM,Frameshift,16.0,Yes,11.5,1.0,0.0,1.0,0.958,6.2,1.97,1e-07,,183.0,17.64,0.0,27.0,200.0,1.0,9.7,Pathogenic
VAR01131,64.0,Female,Asian,31.0,Current,Moderate,,Colorectal,,Synonymous,5.0,No,,0.391,1.0,,,-2.01,-1.64,6.519e-05,0.172,301.0,4.84,0.0,33.2,0.8,184.7,,Benign
VAR01132,31.0,Male,White,22.2,Never,Moderate,Yes,,TP53,Nonsense,1.0,Yes,30.44,1.0,0.967,0.811,0.583,3.63,,3.9e-07,0.02,360.0,20.52,100.0,35.3,2.21,2000.0,19.0,Pathogenic
VAR01133,77.0,Female,Black,27.7,Former,Moderate,No,Colorectal,TP53,Missense,,No,9.94,,0.0,0.448,,-1.65,4.86,0.00278594,,332.0,4.83,100.0,,0.72,,0.0,Benign
VAR01134,58.0,Female,White,25.8,Never,Moderate,No,,MLH1,Synonymous,22.0,No,16.31,0.0,1.0,1.0,0.725,-3.78,10.0,0.00041511,0.556,181.0,13.37,32.8,31.8,0.16,5.5,69.3,Benign
VAR01135,69.0,Male,,36.1,Never,None,No,Pancreatic,TP53,Missense,26.0,Yes,25.42,1.0,,0.173,1.0,6.2,6.49,,1.0,20.0,,100.0,0.4,0.98,19.8,47.5,Pathogenic
VAR01136,42.0,Female,,,Former,None,No,Prostate,BRCA2,Nonsense,17.0,Yes,7.06,0.667,0.56,0.0,,-5.59,4.44,0.23242808,0.614,215.0,24.46,0.0,39.7,0.79,114.1,0.0,Benign
VAR01137,44.0,Female,White,37.2,,Moderate,No,Pancreatic,BRCA2,Missense,24.0,No,15.18,,1.0,0.0,,-3.28,3.23,1.37e-06,0.739,52.0,25.66,0.0,50.2,0.86,217.7,10.5,Benign
VAR01138,37.0,,White,30.3,Current,,Yes,Breast,PALB2,Splice_site,12.0,No,40.74,1.0,0.0,1.0,0.633,6.2,,2.4e-07,,212.0,12.0,100.0,42.0,0.63,165.6,59.8,Pathogenic
VAR01139,59.0,Male,,34.6,Never,None,,,BRCA1,Splice_site,1.0,Yes,15.85,0.408,0.416,0.708,0.026,-0.64,8.62,1e-07,0.02,347.0,36.86,12.4,31.0,,9.6,1.0,Benign
VAR01140,57.0,Male,White,26.5,Never,Moderate,No,Ovarian,BRCA1,Missense,25.0,No,31.0,,0.235,0.0,0.37,1.24,3.5,7.49e-06,0.02,479.0,10.6,,,2.03,266.6,0.0,Benign
VAR01141,50.0,Male,White,29.2,Current,Moderate,,Breast,MSH2,Missense,,No,,0.062,0.569,0.0,0.0,0.36,7.03,3.7e-07,0.228,51.0,13.65,87.9,25.4,3.35,1.1,2.5,Benign
VAR01142,43.0,Male,Hispanic,33.6,Never,,No,Colorectal,CHEK2,,18.0,No,0.0,0.0,0.703,0.0,0.419,-4.83,-1.05,0.15788495,0.025,,27.88,3.5,,,328.2,26.0,Benign
VAR01143,40.0,Male,,32.0,Current,None,No,Breast,,Missense,2.0,No,25.14,0.06,0.213,0.0,0.06,6.2,-2.61,0.00720515,0.298,363.0,36.06,0.0,52.5,,460.2,,Benign
VAR01144,52.0,Female,White,30.2,Current,None,,Lung,,,26.0,Yes,20.03,1.0,0.856,0.412,0.528,6.2,3.17,1.1e-07,0.793,270.0,29.79,0.0,15.5,0.97,13.1,26.8,VUS
VAR01145,50.0,,White,25.9,Never,Moderate,No,Breast,,Missense,3.0,No,0.0,0.563,0.184,0.0,0.0,-3.85,2.68,1e-07,0.614,338.0,12.34,,45.6,0.11,1351.7,0.0,Benign
VAR01146,47.0,Male,White,26.7,Never,Moderate,No,Colorectal,APC,Synonymous,1.0,No,,0.434,0.794,0.0,0.0,2.67,7.84,4.6e-07,0.02,361.0,2.43,54.6,,11.23,211.4,30.6,Pathogenic
VAR01147,76.0,,Hispanic,33.2,Former,None,No,Breast,,Missense,3.0,No,13.84,0.616,0.563,,0.228,-1.73,10.0,,,275.0,12.15,5.9,6.4,1.8,18.3,2.9,Benign
VAR01148,,Male,,,Never,Moderate,Yes,Breast,TP53,Nonsense,26.0,Yes,7.86,,0.649,0.814,0.373,6.2,7.6,3.3e-07,0.684,453.0,23.12,,4.3,65.03,,73.7,Pathogenic
VAR01149,73.0,Male,Asian,24.5,Former,,Yes,Prostate,APC,Synonymous,23.0,No,18.56,0.0,,1.0,,4.41,10.0,0.18058632,0.472,587.0,13.56,0.0,0.0,5.43,123.3,78.4,Benign
VAR01150,45.0,,Black,,Never,Moderate,No,Colorectal,ATM,Nonsense,4.0,Yes,50.0,0.709,0.321,0.063,0.0,6.2,10.0,1e-07,0.458,203.0,,16.3,9.1,136.78,8.5,8.8,Pathogenic
VAR01151,55.0,Male,Hispanic,23.0,Never,Moderate,No,Ovarian,TP53,Nonsense,12.0,Yes,33.1,,,1.0,,0.49,2.29,1e-07,0.402,422.0,4.1,100.0,,2.22,,42.5,Pathogenic
VAR01152,55.0,,Hispanic,31.6,Never,None,No,Lung,CHEK2,Synonymous,15.0,Yes,3.97,,,,0.672,-5.66,,,0.812,552.0,10.49,,16.5,0.32,4.6,0.0,Benign
VAR01153,30.0,Male,White,22.9,,Moderate,No,Prostate,BRCA2,Frameshift,16.0,Yes,1.71,1.0,0.0,1.0,,-3.66,10.0,2.55e-06,0.111,,5.33,5.4,0.0,200.0,2000.0,42.6,Pathogenic
VAR01154,,Male,Other,31.6,Former,Moderate,Yes,Colorectal,ATM,Missense,6.0,No,40.31,0.64,1.0,0.38,0.0,6.2,6.13,1e-07,0.479,244.0,0.0,87.0,0.0,27.72,37.8,90.6,Benign
VAR01155,54.0,,Hispanic,30.2,Former,None,Yes,Breast,ATM,Synonymous,,No,,0.0,0.484,0.89,0.482,4.62,-2.22,1.2e-07,0.987,284.0,0.0,6.1,8.5,0.1,1.0,40.8,Benign
VAR01156,66.0,Male,Black,24.8,,Moderate,No,Pancreatic,CHEK2,Missense,1.0,No,0.0,0.0,0.606,,0.045,6.16,-1.44,0.03588398,0.43,,1.0,10.5,6.7,6.44,,0.0,Benign
VAR01157,,Female,White,35.3,Never,Moderate,No,Ovarian,BRCA2,Missense,,No,9.75,0.138,0.387,,0.352,-6.02,-1.31,0.5,,257.0,0.0,7.1,56.1,10.85,7.1,35.7,Benign
VAR01158,54.0,Male,White,20.2,Never,Moderate,No,Breast,BRCA1,Missense,17.0,No,23.88,0.398,1.0,0.262,0.0,3.39,,0.00359814,0.02,261.0,10.17,0.0,,1.54,1.0,0.0,Benign
VAR01159,45.0,Female,Black,35.8,Never,Heavy,No,Breast,PALB2,Missense,27.0,Yes,27.47,1.0,0.0,0.0,0.0,-7.33,2.72,0.00042723,0.697,,0.0,0.1,53.6,0.17,,0.0,Benign
VAR01160,,,White,29.1,Never,Moderate,No,Breast,PTEN,Missense,24.0,,0.0,0.0,,0.811,0.385,,10.0,0.5,0.505,,0.0,26.3,,,2000.0,43.2,Benign
VAR01161,60.0,Female,Black,17.1,Former,,No,Pancreatic,,Missense,7.0,Yes,6.45,0.0,0.0,1.0,0.322,0.59,,0.00013246,0.308,328.0,24.51,0.0,40.9,3.69,66.6,,Benign
VAR01162,60.0,Female,White,35.5,,,No,Pancreatic,CHEK2,Frameshift,3.0,No,13.38,0.148,0.0,0.209,0.015,0.3,-8.0,2.113e-05,0.699,343.0,21.79,,26.4,0.68,110.5,,VUS
VAR01163,,Female,White,32.4,Never,None,No,Colorectal,,Missense,18.0,Yes,23.38,0.0,0.017,0.212,0.0,-1.97,,0.00012184,0.02,269.0,11.1,,7.4,11.16,,16.1,Benign
VAR01164,67.0,Male,White,25.4,Former,None,Yes,Lung,CHEK2,Splice_site,7.0,No,37.34,0.376,0.0,0.959,0.0,6.2,10.0,0.01192898,1.0,412.0,33.38,49.4,26.6,0.17,186.4,42.1,Pathogenic
VAR01165,66.0,Female,White,22.7,Never,Moderate,No,Prostate,TP53,Missense,19.0,No,12.26,0.201,0.2,0.0,0.0,-1.88,-2.63,0.05253675,1.0,270.0,0.0,,18.3,3.56,8.7,68.2,Benign
VAR01166,38.0,Male,White,19.7,Current,Heavy,No,Colorectal,PTEN,Nonsense,27.0,No,,0.628,,0.0,0.0,6.2,,0.04948983,0.098,356.0,17.04,56.7,,144.69,18.1,0.0,Benign
VAR01167,47.0,Female,Hispanic,39.6,Never,Moderate,No,Lung,TP53,Missense,27.0,No,0.0,0.234,0.095,0.36,0.173,0.28,-3.66,0.01585175,,,3.98,81.7,0.0,8.64,11.4,0.0,Benign
VAR01168,43.0,Female,Black,22.9,Never,Moderate,No,Pancreatic,MLH1,Missense,7.0,No,14.63,0.0,0.104,,0.0,2.2,-0.13,0.00019106,0.29,234.0,27.45,68.7,57.5,51.23,18.5,26.7,Benign
VAR01169,65.0,,Asian,21.2,Current,Moderate,No,Breast,APC,Splice_site,14.0,No,11.49,0.091,0.093,0.209,0.0,3.0,-1.25,0.00040571,0.02,426.0,9.83,20.5,31.8,1.85,1.0,,Benign
VAR01170,58.0,Male,Hispanic,28.8,Former,Moderate,No,,MLH1,Missense,20.0,No,7.21,0.0,0.665,0.214,,2.59,,,0.895,136.0,0.0,15.9,,,196.5,0.0,Benign
VAR01171,38.0,Female,Hispanic,19.3,,Heavy,No,Lung,PTEN,Splice_site,7.0,No,4.07,0.627,,0.139,0.699,1.54,,,0.231,403.0,25.65,,29.0,0.99,23.8,51.1,Benign
VAR01172,54.0,Male,,22.6,Never,None,No,Lung,,Splice_site,16.0,Yes,,0.849,0.0,0.0,0.497,6.2,9.05,,0.607,284.0,0.98,0.0,15.7,,105.9,,Benign
VAR01173,37.0,Male,Hispanic,32.5,Never,Moderate,,Breast,MLH1,Frameshift,10.0,No,0.0,0.0,,0.428,,,4.83,0.00083389,1.0,96.0,0.0,55.2,47.2,7.14,62.5,49.5,Benign
VAR01174,55.0,Male,Asian,29.8,,,No,,BRCA1,Missense,16.0,Yes,50.0,0.284,0.917,0.372,0.205,-11.13,,0.24135233,0.572,271.0,27.83,0.0,,,1.0,0.0,Benign
VAR01175,34.0,,Hispanic,25.6,Never,None,No,Lung,,Synonymous,18.0,,29.4,0.0,0.413,0.0,0.441,-0.45,-7.49,,0.438,401.0,15.44,0.7,21.2,14.15,56.0,97.1,Benign
VAR01176,63.0,Male,White,27.6,,None,No,,BRCA2,Missense,24.0,No,25.21,0.209,0.0,0.418,0.0,6.2,-0.53,0.00732932,0.02,,0.0,85.2,10.7,6.85,139.7,,Benign
VAR01177,57.0,Male,,25.3,Never,,,Prostate,,,13.0,No,19.66,0.741,0.405,0.573,0.351,1.1,4.3,1e-07,0.118,525.0,12.03,0.0,30.7,,5.1,,Benign
VAR01178,81.0,Female,White,27.2,Never,Heavy,No,Prostate,PALB2,Missense,8.0,No,0.0,0.0,,0.543,0.18,0.52,,,0.293,218.0,4.62,37.4,21.7,,18.5,3.1,Benign
VAR01179,67.0,Female,White,23.7,Never,,No,,,Missense,3.0,No,4.66,,0.393,0.177,,0.86,-7.14,4.37e-06,0.191,408.0,0.0,49.2,44.5,200.0,8.0,18.4,Benign
VAR01180,51.0,Female,,24.6,Former,Moderate,Yes,,APC,Synonymous,19.0,No,,0.111,0.539,0.407,0.198,6.2,,0.5,0.636,271.0,0.0,0.0,27.5,15.9,48.8,,Benign
VAR01181,,Male,Hispanic,24.4,Never,None,Yes,Lung,APC,Missense,22.0,Yes,5.19,0.566,,0.992,0.754,0.04,-2.59,,,253.0,12.08,,66.0,0.1,28.6,9.9,Benign
VAR01182,38.0,Male,White,23.9,Current,Moderate,No,Breast,,,12.0,Yes,15.56,0.233,0.833,0.17,0.131,-3.61,5.51,0.00733211,0.024,431.0,20.23,0.0,19.5,,1.0,0.0,Benign
VAR01183,39.0,Female,White,32.7,Never,Moderate,Yes,,TP53,Frameshift,24.0,,45.04,0.384,0.157,1.0,0.187,6.2,10.0,7.35e-06,0.456,345.0,25.14,17.4,,,3.7,39.2,Pathogenic
VAR01184,60.0,,Asian,31.4,Never,Heavy,,Colorectal,BRCA1,Synonymous,13.0,No,0.0,0.096,1.0,0.642,,2.07,-6.33,5.291e-05,,345.0,0.0,0.0,9.0,,84.3,,Benign
VAR01185,,Female,White,22.8,Never,Moderate,Yes,Prostate,MLH1,Missense,13.0,No,13.82,0.0,0.0,0.963,0.123,6.2,4.19,,,135.0,25.12,0.0,9.0,0.12,,78.5,Pathogenic
VAR01186,52.0,Female,White,21.5,Former,Moderate,Yes,Prostate,APC,Nonsense,2.0,No,47.34,0.0,,0.955,0.256,6.2,10.0,6.6e-06,0.438,214.0,,78.8,7.4,2.77,,71.1,Pathogenic
VAR01187,39.0,Male,Hispanic,26.7,Former,Moderate,Yes,Breast,TP53,Missense,15.0,Yes,33.89,,0.0,0.714,0.686,,,1e-07,0.191,221.0,1.44,0.7,49.4,0.1,43.7,,Pathogenic
VAR01188,,Female,Hispanic,38.3,,Moderate,No,Prostate,ATM,Missense,17.0,Yes,,0.538,0.74,0.0,0.125,6.2,-2.49,1e-07,,376.0,23.74,56.2,17.4,0.1,1.0,81.7,Pathogenic
VAR01189,39.0,Female,,22.4,Never,Heavy,No,Lung,MSH2,Frameshift,14.0,,36.5,0.0,0.0,0.81,0.836,5.07,7.99,3.42e-06,,,12.58,0.0,27.5,1.02,,76.2,VUS
VAR01190,62.0,Female,White,26.7,Former,Moderate,No,Breast,ATM,Synonymous,15.0,No,0.0,,,0.0,,-0.63,4.92,0.00140258,0.48,511.0,2.64,39.5,0.0,0.53,237.9,,Benign
VAR01191,56.0,Female,White,27.9,Never,,No,Ovarian,MSH2,Synonymous,,No,4.28,0.0,1.0,0.0,,0.21,0.74,8.2e-07,0.106,216.0,6.68,25.8,22.1,1.28,2.8,0.0,Benign
VAR01192,70.0,Male,White,,Former,None,,Prostate,,Frameshift,19.0,Yes,10.06,,0.315,,0.801,2.34,10.0,,0.02,514.0,24.82,80.6,0.0,13.11,325.6,63.0,Pathogenic
VAR01193,55.0,,Hispanic,25.2,Former,Moderate,No,Ovarian,,Synonymous,3.0,Yes,13.39,0.613,,,0.333,-1.62,,,1.0,291.0,0.0,0.0,28.5,62.46,,15.9,VUS
VAR01194,46.0,Male,Hispanic,33.3,,Heavy,No,Lung,,,15.0,No,24.04,0.959,,0.0,0.0,3.04,-1.81,0.44025775,0.277,329.0,6.47,0.0,12.6,2.24,2.3,16.2,Benign
VAR01195,53.0,Male,White,29.8,Former,Heavy,No,Colorectal,ATM,Missense,12.0,No,0.48,0.375,0.0,,0.096,-5.45,-3.35,,0.905,,1.33,55.8,50.9,6.09,40.0,18.8,Benign
VAR01196,,Female,White,31.7,Former,Moderate,No,Colorectal,PALB2,Synonymous,10.0,No,18.17,0.0,0.0,0.375,0.0,3.63,2.35,0.00016104,1.0,348.0,6.75,0.0,,1.29,4.6,0.0,Benign
VAR01197,57.0,Female,White,30.4,,Moderate,Yes,Colorectal,MLH1,Frameshift,13.0,Yes,27.21,1.0,0.173,,0.0,3.6,4.81,0.00011888,0.858,397.0,10.86,20.7,36.6,55.24,,53.5,Benign
VAR01198,,,White,32.0,Never,,Yes,Colorectal,BRCA2,Missense,19.0,No,29.73,0.959,0.333,1.0,0.231,1.05,7.64,0.16365106,0.791,434.0,0.0,44.8,6.4,68.15,,,VUS
VAR01199,,Female,,35.4,Never,,Yes,,,Nonsense,27.0,Yes,20.71,0.27,,1.0,0.0,3.99,4.31,1e-07,0.888,293.0,39.85,,28.7,,216.5,78.2,Benign
VAR01200,47.0,,White,34.2,Former,Heavy,No,Ovarian,BRCA1,Missense,6.0,No,39.25,0.0,0.984,0.703,0.281,4.24,1.68,7.84e-06,0.315,330.0,0.0,28.5,57.4,,22.6,22.1,VUS
VAR01201,53.0,Female,Hispanic,39.1,Former,,No,Breast,MSH2,Synonymous,2.0,Yes,18.74,0.0,1.0,0.677,0.652,6.2,,1e-07,,220.0,14.44,12.0,8.5,0.69,4.0,8.7,Benign
VAR01202,49.0,Female,White,33.6,Never,,No,Ovarian,MLH1,Missense,10.0,No,11.84,0.0,0.099,,0.167,6.2,-4.1,6.78e-06,0.685,395.0,14.55,,7.0,0.89,,85.7,Benign
VAR01203,59.0,Female,Black,24.2,Never,Moderate,,Lung,ATM,Nonsense,9.0,,12.42,0.35,0.767,0.54,0.0,5.27,7.54,0.5,0.02,349.0,7.55,0.0,23.1,1.49,11.5,0.0,Benign
VAR01204,61.0,Male,White,31.7,Never,Moderate,,Colorectal,PALB2,Synonymous,2.0,No,0.68,,0.0,0.0,0.0,0.86,5.46,3.56e-06,0.185,235.0,10.34,0.0,26.6,,2.2,42.9,Benign
VAR01205,54.0,Female,Hispanic,31.1,Never,None,No,Lung,CHEK2,Synonymous,14.0,No,,,0.0,0.0,0.545,5.41,6.94,0.00270042,0.132,183.0,17.43,45.7,34.3,1.85,43.1,75.1,VUS
VAR01206,70.0,,Other,37.1,Never,None,Yes,Breast,MLH1,Missense,14.0,Yes,12.13,0.355,0.113,0.0,0.0,-8.7,-5.29,0.01525224,0.591,,0.0,,31.9,,11.2,0.0,Benign
VAR01207,44.0,Male,White,22.7,Never,Heavy,Yes,Colorectal,MLH1,Splice_site,23.0,No,9.12,0.801,0.014,0.572,,6.2,10.0,1e-07,0.618,464.0,8.33,57.8,26.4,2.83,2000.0,45.6,Pathogenic
VAR01208,65.0,Female,White,30.3,Never,,Yes,Prostate,PTEN,Frameshift,19.0,Yes,18.52,0.958,,1.0,0.059,6.2,,1.2e-07,0.251,494.0,9.04,,,8.63,383.6,94.8,Benign
VAR01209,,Male,Hispanic,24.1,Former,Heavy,No,Colorectal,,Missense,13.0,No,0.0,0.57,0.614,0.55,0.0,-5.2,7.56,0.45989945,,178.0,,43.6,58.0,,179.9,0.6,VUS
VAR01210,56.0,Female,,30.1,Former,None,No,Lung,BRCA1,Missense,18.0,No,17.01,0.773,,0.0,0.415,-2.14,,0.30783496,1.0,,13.67,,,0.71,,23.8,Benign
VAR01211,48.0,Male,White,26.4,Never,,Yes,Lung,MLH1,Nonsense,8.0,Yes,37.25,,0.586,1.0,0.246,6.06,,0.45506537,0.19,408.0,0.0,0.0,30.8,4.51,262.8,0.0,Pathogenic
VAR01212,,Male,White,29.9,Former,None,No,Lung,,Missense,5.0,No,27.97,0.299,0.817,0.385,,2.24,-0.21,1e-07,0.273,472.0,,,45.0,1.79,173.4,2.6,Benign
VAR01213,45.0,,Asian,20.4,Never,,No,Ovarian,BRCA2,Missense,,,2.73,0.0,0.041,0.0,0.307,4.86,1.68,0.03055253,0.593,372.0,0.0,0.0,21.8,0.79,1.0,71.8,Benign
VAR01214,56.0,,White,31.5,Never,None,,Lung,TP53,Missense,14.0,Yes,15.28,0.832,0.481,1.0,0.048,6.2,10.0,1e-07,0.55,,0.45,,0.7,1.68,5.3,4.3,Pathogenic
VAR01215,46.0,,White,28.5,,None,,Ovarian,MSH2,,9.0,No,0.0,0.063,0.128,0.637,0.0,-0.18,1.14,0.00118652,0.606,406.0,0.0,17.5,,0.1,2.9,0.0,Benign
VAR01216,79.0,Male,White,28.3,Never,Moderate,No,Ovarian,BRCA1,Missense,25.0,,12.27,0.0,0.752,1.0,,-4.68,2.51,0.00042057,0.811,37.0,0.0,0.0,0.0,5.96,258.2,16.6,Benign
VAR01217,68.0,Male,Black,37.3,Never,Moderate,No,,,,,No,30.0,0.577,,0.158,0.099,,2.71,2.27e-06,0.954,,0.0,,60.0,,364.4,38.6,Benign
VAR01218,43.0,,White,25.6,Never,,Yes,Ovarian,,Frameshift,16.0,Yes,26.82,1.0,0.689,1.0,0.375,6.2,10.0,1e-07,0.539,224.0,14.78,9.4,2.5,,,33.3,Pathogenic
VAR01219,63.0,Male,,29.2,Former,Moderate,Yes,,APC,Synonymous,19.0,No,,,0.908,0.0,,6.2,-8.91,,0.52,246.0,19.78,5.7,48.2,6.63,1.1,6.2,Benign
VAR01220,59.0,Male,Hispanic,28.0,Never,Moderate,Yes,Lung,MSH2,Synonymous,,No,7.9,0.331,,1.0,0.465,2.64,9.32,0.01708221,0.438,153.0,2.29,,56.6,0.1,1.0,46.6,Benign
VAR01221,49.0,Female,White,28.5,Current,Moderate,Yes,Colorectal,BRCA1,Synonymous,15.0,No,12.0,0.572,0.361,0.0,0.024,,4.01,,0.02,258.0,19.52,0.0,0.0,51.7,1.0,65.2,Benign
VAR01222,66.0,Female,,38.6,Never,Moderate,No,,TP53,Synonymous,25.0,No,23.7,0.115,1.0,0.537,0.0,-0.75,3.22,2.257e-05,,259.0,17.39,9.7,0.0,0.46,3.2,38.0,Benign
VAR01223,61.0,Male,Hispanic,27.8,Never,Moderate,No,Breast,ATM,Missense,17.0,No,,,0.0,0.35,0.089,6.2,-6.86,0.02710654,0.02,291.0,,,,1.33,3.8,54.5,Benign
VAR01224,59.0,Male,Hispanic,24.7,Never,,No,Lung,ATM,Missense,23.0,No,15.85,0.081,0.197,,,,8.42,0.08350138,0.507,351.0,0.0,100.0,50.9,16.18,17.9,16.9,Benign
VAR01225,55.0,Male,,36.9,Former,None,,Colorectal,BRCA2,Missense,2.0,No,16.89,0.0,0.221,0.911,,-9.81,-5.99,0.5,0.02,182.0,0.0,38.2,35.8,0.11,78.6,0.0,Benign
VAR01226,,Female,White,,Never,Moderate,No,Lung,,Synonymous,20.0,Yes,8.17,0.535,0.0,0.0,,-4.01,,0.00095302,0.02,270.0,11.26,7.3,8.3,0.97,37.6,0.0,VUS
VAR01227,55.0,Female,White,19.5,Current,Moderate,Yes,Colorectal,APC,Missense,18.0,Yes,26.3,1.0,0.0,0.723,0.107,2.19,3.43,5.117e-05,,310.0,20.7,0.0,51.1,1.02,8.0,0.0,Pathogenic
VAR01228,57.0,Male,White,23.8,,Heavy,Yes,Prostate,TP53,Missense,25.0,,6.09,0.6,0.497,1.0,0.0,0.5,10.0,0.00040518,0.545,,6.47,0.0,63.6,7.3,14.1,13.2,Benign
VAR01229,48.0,Male,White,21.3,Never,Moderate,Yes,Breast,BRCA2,Missense,27.0,Yes,2.23,0.178,,0.252,0.0,-3.74,-3.32,0.5,0.343,312.0,0.0,7.1,,0.32,,68.0,Benign
VAR01230,74.0,,White,18.5,Never,Moderate,No,Lung,PALB2,Splice_site,4.0,Yes,,0.234,0.0,,0.758,5.38,0.97,,0.331,,12.38,84.6,30.2,23.02,13.6,15.8,Pathogenic
VAR01231,42.0,Female,White,25.7,Never,,No,Ovarian,,Missense,14.0,No,17.84,,0.304,,0.0,3.44,,0.00098288,0.02,403.0,16.18,0.0,,,9.8,100.0,Benign
VAR01232,62.0,Female,Asian,27.1,,Heavy,No,Ovarian,TP53,,26.0,Yes,,0.0,0.156,0.071,,2.1,,0.00591122,0.11,175.0,,32.0,18.3,0.1,116.6,11.3,Benign
VAR01233,52.0,,Hispanic,33.4,Former,Moderate,No,,BRCA2,Synonymous,22.0,No,3.58,0.0,0.0,0.0,0.0,-0.13,,0.02255629,0.638,303.0,13.65,0.0,7.2,13.69,169.6,0.0,Benign
VAR01234,79.0,Male,Hispanic,30.6,Never,None,Yes,Prostate,BRCA1,Missense,3.0,No,9.98,0.0,1.0,0.686,0.277,5.97,,0.28176137,0.243,456.0,,57.3,4.2,117.81,2.4,0.0,Benign
VAR01235,,Female,Black,30.4,Current,Moderate,No,Breast,MSH2,Synonymous,15.0,No,0.0,0.0,0.175,,,-3.14,-2.35,0.00045464,0.02,129.0,22.46,,,0.35,19.0,15.2,Benign
VAR01236,46.0,Female,Black,23.0,Never,Moderate,,Breast,BRCA2,Missense,10.0,No,20.65,0.081,0.0,0.842,0.15,-0.6,2.23,0.22036368,0.02,319.0,0.0,0.0,38.9,0.8,103.9,70.6,Benign
VAR01237,39.0,Female,White,31.9,Former,,No,,,,20.0,Yes,21.49,1.0,0.471,0.33,0.75,2.3,10.0,1e-07,0.179,153.0,4.91,7.8,14.1,0.31,28.9,56.5,Pathogenic
VAR01238,,Female,Black,34.5,Former,None,No,Breast,,Missense,14.0,No,,0.0,,0.488,,3.47,2.64,0.00593298,,273.0,0.0,89.7,53.2,2.08,7.6,0.0,Benign
VAR01239,38.0,Male,White,29.5,Never,Moderate,Yes,,CHEK2,Missense,,No,15.27,0.789,0.666,0.211,0.106,,8.23,1e-07,0.227,231.0,0.68,14.8,33.1,23.23,,85.7,Benign
VAR01240,50.0,Female,White,,Never,Moderate,No,Breast,BRCA1,Missense,12.0,Yes,16.05,0.761,,0.0,0.0,2.32,,0.00039979,0.02,361.0,26.86,62.6,,0.56,88.1,0.0,Benign
VAR01241,24.0,Female,Other,21.2,,Moderate,,Ovarian,BRCA2,Frameshift,,Yes,14.46,1.0,,1.0,0.417,6.2,,0.5,0.778,288.0,2.72,51.3,49.4,0.68,36.8,20.7,Pathogenic
VAR01242,56.0,Female,Asian,32.8,Current,None,Yes,Breast,ATM,Splice_site,10.0,Yes,31.15,0.0,0.0,1.0,0.0,,4.51,6.434e-05,,180.0,0.62,55.5,21.9,,3.2,58.7,VUS
VAR01243,,Male,White,36.4,,None,Yes,Colorectal,PALB2,Missense,6.0,No,17.98,,,1.0,0.206,-6.77,4.8,9.699e-05,0.037,488.0,0.0,,,,1.0,56.3,Benign
VAR01244,,Male,Hispanic,29.1,Former,Moderate,,Breast,PTEN,Missense,4.0,No,39.1,0.072,0.901,0.181,0.0,,10.0,0.02608576,0.68,340.0,15.21,11.9,,0.53,28.8,55.2,Benign
VAR01245,67.0,Female,White,24.5,Never,None,No,Colorectal,BRCA2,Missense,,Yes,18.39,1.0,0.178,1.0,0.376,,3.06,8.42e-06,0.697,429.0,10.7,0.0,13.2,2.34,142.8,0.0,VUS
VAR01246,39.0,Male,White,26.7,Never,Moderate,No,Prostate,BRCA1,Missense,2.0,Yes,7.14,0.0,0.548,0.486,0.004,,3.77,2.51e-06,0.237,200.0,25.68,0.0,26.1,0.1,1.4,80.7,Benign
VAR01247,66.0,Female,,25.4,Current,Moderate,No,Breast,,Synonymous,2.0,No,0.0,0.116,0.299,0.0,0.0,-10.74,-3.14,1e-07,,277.0,,6.6,29.4,0.4,204.9,0.0,Benign
VAR01248,43.0,Female,,25.7,,None,Yes,Lung,,Nonsense,,Yes,35.78,0.821,0.366,0.429,0.545,-2.57,10.0,1.33e-06,0.629,430.0,0.0,22.3,24.0,,17.7,,Pathogenic
VAR01249,77.0,,Black,30.7,Former,Moderate,No,Breast,BRCA1,Synonymous,15.0,No,7.93,0.0,,0.175,0.0,4.14,,0.00047689,0.38,238.0,,10.4,29.7,,,35.7,Benign
VAR01250,66.0,Male,,28.9,Never,None,No,Lung,APC,Synonymous,22.0,No,23.56,0.0,0.0,0.076,0.0,-3.77,-0.74,0.00034135,0.602,319.0,23.91,48.9,29.7,8.58,60.4,41.2,Benign
VAR01251,39.0,Male,White,32.5,Never,Moderate,Yes,Breast,PTEN,Missense,17.0,,,0.0,0.0,0.946,0.0,6.2,10.0,0.00016694,0.691,313.0,2.83,100.0,,17.79,32.0,43.7,Benign
VAR01252,40.0,,Other,29.4,Never,Moderate,Yes,Lung,,Nonsense,,,35.43,1.0,0.0,0.681,0.6,1.54,,0.00367856,1.0,60.0,,0.0,13.2,17.9,28.2,96.5,Pathogenic
VAR01253,64.0,Female,White,,,Moderate,No,Lung,ATM,Synonymous,18.0,No,,0.0,1.0,0.312,0.0,2.71,-10.16,0.09542646,0.234,312.0,0.0,,4.0,1.01,142.5,19.3,Benign
VAR01254,52.0,Female,White,25.0,Former,Moderate,,,PTEN,Nonsense,,No,0.0,0.0,1.0,0.0,0.876,0.21,-2.59,6.036e-05,0.282,,6.68,0.0,9.3,2.38,860.6,,VUS
VAR01255,54.0,Female,White,24.7,Never,None,No,Prostate,MLH1,Missense,,No,17.89,,0.924,1.0,0.581,3.46,-3.19,0.00341066,0.433,302.0,0.0,0.0,,5.17,76.0,0.0,Benign
VAR01256,,Female,White,26.6,Never,Moderate,No,,CHEK2,,18.0,,0.0,,0.476,0.0,0.0,-0.65,10.0,0.5,0.359,241.0,20.99,,34.4,0.89,6.7,86.8,Benign
VAR01257,46.0,Female,White,36.5,Never,None,No,Breast,TP53,Synonymous,18.0,,5.49,0.0,1.0,0.157,0.304,1.47,6.1,0.24435638,1.0,178.0,0.8,13.3,53.6,38.49,1.0,0.0,Benign
VAR01258,53.0,Male,Black,37.3,Former,Heavy,Yes,Breast,PTEN,Frameshift,12.0,,25.73,,0.0,,,6.2,,,0.74,231.0,24.57,20.4,22.4,,186.2,100.0,Pathogenic
VAR01259,,Female,,31.7,,None,No,Lung,TP53,Frameshift,5.0,No,27.87,0.913,0.0,0.829,0.204,6.2,-0.94,1.1e-07,,,20.43,73.8,44.7,2.53,46.1,32.8,Pathogenic
VAR01260,67.0,Male,White,28.1,Former,Moderate,No,Breast,PALB2,Synonymous,1.0,No,,0.0,0.0,0.0,0.187,-2.63,1.14,0.5,0.02,,0.0,100.0,9.9,25.09,2.7,34.7,Benign
VAR01261,54.0,Female,,20.7,Current,None,No,Prostate,,Missense,21.0,No,,0.473,0.381,0.0,0.0,-8.02,10.0,0.5,1.0,258.0,,,19.9,,5.1,1.1,Benign
VAR01262,52.0,Female,White,28.6,Never,,No,Pancreatic,CHEK2,,5.0,No,13.72,0.146,0.128,0.326,0.326,0.0,6.76,0.25645122,0.192,332.0,13.73,,19.4,,,,Benign
VAR01263,29.0,Female,,23.5,,None,Yes,Breast,MSH2,Splice_site,8.0,Yes,26.29,0.819,0.794,0.792,,6.2,3.61,0.5,0.659,342.0,,35.8,33.2,9.53,417.4,35.9,Pathogenic
VAR01264,42.0,Male,White,35.7,Never,None,No,Breast,PTEN,Missense,19.0,Yes,49.2,0.0,1.0,0.402,0.466,1.2,6.06,,0.342,261.0,13.43,59.3,11.4,4.64,291.3,49.7,Benign
VAR01265,60.0,Female,White,19.5,Never,None,No,Colorectal,MLH1,Synonymous,12.0,No,2.61,0.055,,0.0,,-3.49,-6.98,0.5,0.689,427.0,0.0,0.0,35.8,200.0,242.1,33.9,Benign
VAR01266,54.0,Female,Other,29.4,Former,None,Yes,Colorectal,BRCA2,Missense,23.0,No,0.0,0.0,0.779,1.0,0.0,1.19,-4.29,,,279.0,12.64,0.0,,0.46,34.5,67.1,Benign
VAR01267,,Male,,23.1,Former,Moderate,No,Colorectal,MSH2,Splice_site,10.0,No,0.0,0.0,0.254,0.158,0.312,3.5,-10.75,0.00120919,0.4,258.0,9.67,29.6,25.4,3.81,1.4,40.0,Benign
VAR01268,70.0,Male,White,27.5,Never,Moderate,No,Breast,CHEK2,Synonymous,25.0,Yes,18.37,,0.0,0.0,0.418,6.2,0.4,3.3e-06,0.121,442.0,,72.4,12.2,1.03,,33.2,Benign
VAR01269,41.0,Male,White,,Current,,No,Prostate,BRCA2,Synonymous,10.0,Yes,0.0,0.869,,0.299,0.0,-0.53,5.1,3.276e-05,1.0,335.0,19.4,0.0,0.0,60.4,90.7,83.7,Benign
VAR01270,49.0,Female,White,,Never,,Yes,Lung,BRCA2,Missense,3.0,No,8.95,0.6,,0.652,0.0,6.2,,1e-07,0.204,57.0,2.15,76.1,14.3,,30.6,71.5,Pathogenic
VAR01271,58.0,,,27.2,,Moderate,Yes,Breast,PTEN,Missense,20.0,Yes,0.0,0.0,0.765,0.0,0.184,6.2,,2.74e-06,0.585,28.0,0.0,,35.9,0.67,35.0,0.0,Benign
VAR01272,46.0,Male,White,,Never,,Yes,Breast,BRCA2,Missense,18.0,Yes,21.46,0.485,0.198,,0.0,2.61,-2.4,5.742e-05,1.0,495.0,4.78,11.9,0.0,14.42,,0.0,VUS
VAR01273,75.0,Male,White,24.2,Former,Moderate,Yes,Lung,,Missense,27.0,,28.96,0.0,0.912,0.688,0.0,1.69,,0.00255812,0.811,,,47.7,0.0,0.46,195.4,90.5,Benign
VAR01274,68.0,Male,Black,28.7,Never,,No,,PTEN,Missense,3.0,No,0.0,0.16,0.319,0.379,0.0,6.2,,0.5,,301.0,0.47,0.0,17.1,3.64,184.5,,Benign
VAR01275,60.0,,,32.5,,,No,Prostate,APC,Synonymous,15.0,No,,,0.0,0.24,1.0,-3.88,8.93,2.8e-06,0.42,76.0,10.61,60.7,7.1,10.05,,,Benign
VAR01276,75.0,Female,White,29.2,Current,Moderate,No,Colorectal,APC,Synonymous,20.0,Yes,,1.0,0.402,1.0,0.0,,2.45,0.00038476,0.179,,25.78,28.0,80.1,0.13,1.6,30.4,Pathogenic
VAR01277,37.0,Male,Asian,24.9,,Moderate,Yes,Pancreatic,MSH2,,11.0,No,,0.005,0.25,0.0,0.412,,-0.46,0.0114017,1.0,,6.76,48.2,26.5,0.45,784.7,0.0,Benign
VAR01278,56.0,Male,White,26.1,Never,Heavy,No,Lung,ATM,,,No,17.49,0.551,1.0,0.301,,-0.66,-2.2,0.02101252,0.255,285.0,30.34,26.7,14.9,,40.2,94.9,Benign
VAR01279,61.0,Female,Asian,32.6,Former,Moderate,No,,TP53,Missense,8.0,No,3.08,0.503,0.0,0.85,0.0,,3.09,0.00145991,0.319,240.0,0.0,21.7,42.6,3.91,8.9,,Benign
VAR01280,44.0,Male,,22.0,Former,Heavy,No,Lung,APC,Missense,1.0,Yes,23.66,0.0,0.271,0.746,0.0,,10.0,0.5,0.02,288.0,13.62,0.0,21.0,0.23,1.0,,Benign
VAR01281,60.0,Male,White,22.8,Never,Moderate,No,Colorectal,CHEK2,Splice_site,17.0,No,0.0,0.265,0.843,,0.0,,10.0,2.977e-05,0.219,341.0,11.6,0.0,20.6,3.32,104.7,6.8,Pathogenic
VAR01282,42.0,Female,Hispanic,30.5,,Moderate,No,,PALB2,Synonymous,,No,0.0,,,0.297,0.0,-5.77,-0.27,0.00010766,,361.0,7.83,0.0,55.0,0.1,61.3,0.9,Benign
VAR01283,65.0,,Hispanic,25.3,Current,Moderate,No,Lung,,Synonymous,13.0,No,15.13,0.0,0.442,0.0,0.0,,3.74,0.00488023,,313.0,0.0,41.2,0.0,3.48,9.2,0.0,Benign
VAR01284,,Male,Black,,Former,Moderate,Yes,Colorectal,PALB2,Missense,2.0,No,14.93,0.0,0.691,0.282,0.0,5.92,,0.02339898,0.462,332.0,2.2,8.3,4.8,5.63,46.7,45.6,Benign
VAR01285,56.0,Female,Black,34.3,Never,None,Yes,Colorectal,BRCA1,Nonsense,21.0,Yes,36.14,1.0,0.109,0.505,0.389,2.71,10.0,,0.98,124.0,,0.0,31.7,4.12,,,Pathogenic
VAR01286,28.0,Female,White,22.0,Current,None,,,,,25.0,No,,1.0,0.0,0.443,,6.2,,1.9e-06,0.02,311.0,6.09,61.7,4.9,,1.8,51.2,Pathogenic
VAR01287,39.0,Male,White,,Never,None,Yes,Breast,ATM,Frameshift,17.0,Yes,9.98,0.414,0.0,1.0,0.119,6.2,10.0,4.895e-05,1.0,,11.97,31.0,4.7,200.0,638.0,64.5,Pathogenic
VAR01288,,Female,,24.4,Never,None,,Ovarian,MLH1,Missense,3.0,,15.73,0.878,0.151,0.519,0.714,6.2,9.42,7.481e-05,0.02,311.0,45.26,,37.0,,4.1,17.6,Pathogenic
VAR01289,52.0,Male,White,26.0,Current,Heavy,Yes,Breast,MLH1,Nonsense,,Yes,50.0,0.921,,0.483,0.171,-1.37,2.86,2.02e-06,0.843,483.0,23.59,57.3,,,,75.8,Pathogenic
VAR01290,21.0,Female,White,23.1,Never,Moderate,Yes,Ovarian,MLH1,Missense,16.0,No,0.0,0.0,0.518,0.385,0.0,-1.03,8.05,0.5,0.02,291.0,0.0,28.6,28.8,1.74,9.4,9.0,Benign
VAR01291,68.0,Female,White,31.1,Never,,Yes,Colorectal,PALB2,Missense,26.0,Yes,5.7,1.0,0.0,0.122,0.0,6.2,7.7,3.034e-05,0.548,174.0,15.81,100.0,17.6,57.86,1155.5,38.9,Benign
VAR01292,58.0,Male,White,28.1,Former,Moderate,No,Prostate,TP53,Missense,14.0,No,18.71,1.0,0.0,,0.074,-0.25,3.23,0.00053078,0.748,320.0,11.91,56.3,,,2.7,56.6,Benign
VAR01293,41.0,Male,Hispanic,,Former,None,Yes,Colorectal,PALB2,,1.0,Yes,11.32,0.508,,0.093,1.0,4.0,-1.71,0.00279549,0.167,257.0,14.41,,20.4,0.1,28.9,0.0,Pathogenic
VAR01294,66.0,Female,Hispanic,24.5,Never,Moderate,No,Prostate,,Missense,,Yes,50.0,1.0,0.443,0.068,0.713,3.56,1.0,1e-07,,,12.06,48.4,37.2,0.76,1.0,87.5,VUS
VAR01295,43.0,Male,Hispanic,38.2,Never,Heavy,No,Pancreatic,MSH2,Frameshift,,Yes,50.0,0.531,0.524,1.0,,,,1e-07,0.909,286.0,5.24,28.9,,2.26,144.1,51.3,Pathogenic
VAR01296,46.0,Male,White,18.0,Never,None,No,Breast,PALB2,Synonymous,7.0,No,8.96,0.0,0.0,0.148,,2.03,,0.00015402,0.699,482.0,12.72,2.3,9.5,4.11,2.7,9.2,VUS
VAR01297,,Male,White,19.6,Never,Moderate,,,PTEN,,12.0,No,12.87,0.117,0.61,0.0,,,10.0,3.27e-06,0.02,279.0,9.66,55.1,0.0,0.14,6.0,87.2,Benign
VAR01298,78.0,Male,Hispanic,36.3,,Heavy,No,Breast,MSH2,Missense,2.0,Yes,,0.794,0.025,0.902,,,8.12,0.01882316,,,18.06,,19.6,10.18,221.0,62.9,VUS
VAR01299,73.0,Female,White,29.9,Never,,No,Prostate,CHEK2,Frameshift,4.0,,44.25,0.733,0.063,1.0,,5.23,5.68,0.00019261,1.0,399.0,24.75,,11.6,34.77,7.6,0.0,Pathogenic
VAR01300,61.0,Female,Black,29.2,Current,Moderate,,Colorectal,APC,,9.0,Yes,0.0,0.516,1.0,,0.0,,-5.09,0.5,0.86,580.0,17.29,,9.2,0.38,51.4,56.8,Benign
VAR01301,58.0,Female,Black,29.7,Former,None,No,,PTEN,Synonymous,3.0,Yes,6.9,0.883,0.483,1.0,1.0,-0.86,10.0,,0.02,370.0,,0.0,0.0,4.48,87.2,76.4,Pathogenic
VAR01302,66.0,,White,30.4,Former,None,No,Breast,CHEK2,Missense,8.0,No,9.87,0.796,0.18,0.0,0.0,-1.06,3.14,0.06171215,,328.0,3.73,45.2,14.7,13.61,,0.0,Benign
VAR01303,,Male,White,29.0,,,Yes,Lung,BRCA2,Synonymous,18.0,No,16.63,0.421,0.426,0.229,0.229,1.29,-19.03,0.5,0.382,330.0,16.38,0.0,22.8,100.9,1.5,16.7,Benign
VAR01304,60.0,,Black,22.7,Current,None,,Breast,ATM,Nonsense,11.0,Yes,4.63,1.0,0.0,0.904,0.365,6.2,10.0,6.28e-06,0.766,351.0,1.49,46.6,11.4,45.44,62.7,84.6,Pathogenic
VAR01305,45.0,Female,White,31.6,Former,Moderate,No,Ovarian,TP53,Missense,4.0,Yes,6.64,0.005,0.427,0.622,0.16,2.67,5.53,0.05457376,0.777,291.0,0.0,43.9,21.1,1.06,15.6,0.0,VUS
VAR01306,60.0,Female,Asian,30.8,Never,Moderate,No,Prostate,MLH1,Missense,17.0,No,0.0,0.087,0.0,0.706,0.0,3.95,,0.00142846,0.02,,0.0,73.5,33.7,6.37,9.3,,Benign
VAR01307,53.0,Female,Black,34.6,Former,None,No,Breast,BRCA1,Missense,24.0,No,3.01,0.179,0.709,0.0,0.637,4.25,5.05,,0.319,371.0,0.0,0.0,47.5,1.5,105.8,4.7,Pathogenic
VAR01308,63.0,,White,36.3,Never,Moderate,No,,ATM,,16.0,No,0.0,0.0,0.0,,0.059,-12.0,1.66,3.432e-05,0.02,,13.87,85.5,,0.51,1.0,,Benign
VAR01309,58.0,Male,Hispanic,29.2,Never,Moderate,No,Lung,ATM,Missense,9.0,,0.0,,0.0,,0.0,,-7.16,4e-07,0.02,115.0,7.86,69.1,10.3,6.97,3.7,63.4,Benign
VAR01310,18.0,,,21.4,Never,Heavy,No,Ovarian,PALB2,Missense,22.0,Yes,38.26,0.954,1.0,0.391,0.616,2.82,10.0,3e-07,0.691,176.0,24.02,60.3,8.5,13.73,39.2,24.1,Pathogenic
VAR01311,58.0,Female,White,36.4,Never,,No,Breast,MLH1,Missense,10.0,No,12.43,0.483,0.373,0.321,0.0,6.2,3.89,0.00153016,0.319,501.0,13.25,5.2,0.0,2.42,757.7,0.0,Benign
VAR01312,64.0,Female,Other,22.4,,Moderate,Yes,,CHEK2,Missense,1.0,No,16.84,,1.0,0.314,0.2,3.68,-1.93,0.02964914,0.541,285.0,20.53,62.9,,20.18,1.0,46.9,Benign
VAR01313,62.0,Male,Hispanic,,Former,,No,Pancreatic,TP53,,,No,5.97,,,0.231,0.0,4.48,-3.81,0.03198923,0.11,405.0,21.82,97.4,,1.36,29.3,,Benign
VAR01314,51.0,Female,,,Never,Heavy,Yes,Lung,APC,Missense,20.0,Yes,39.29,0.278,0.0,0.689,0.223,6.2,5.61,1e-07,0.801,243.0,26.23,,47.6,,26.0,36.4,Pathogenic
VAR01315,77.0,Female,Hispanic,,Never,Moderate,No,Ovarian,ATM,Splice_site,6.0,No,7.45,0.002,0.035,0.908,0.416,,0.12,8.99e-06,,418.0,19.53,79.3,25.3,3.72,116.2,0.0,Benign
VAR01316,60.0,Female,White,31.3,Never,None,No,Prostate,BRCA2,Synonymous,11.0,Yes,0.26,0.0,1.0,0.314,0.821,4.3,4.75,,0.159,364.0,,59.7,12.0,4.83,3.1,3.8,Benign
VAR01317,62.0,Female,White,28.7,Current,Moderate,Yes,Breast,MLH1,Missense,1.0,Yes,16.99,,0.0,0.121,0.0,0.4,-0.39,,0.02,539.0,35.15,70.7,21.1,0.35,10.9,0.0,Benign
VAR01318,70.0,Male,White,,Never,,No,Breast,,Synonymous,13.0,No,1.33,0.402,1.0,0.235,0.074,6.2,-1.49,,0.469,465.0,7.05,51.1,18.1,129.45,2.0,9.5,Benign
VAR01319,60.0,Male,White,23.4,Never,Moderate,No,Breast,MLH1,Frameshift,13.0,,,0.952,,0.779,0.0,,3.65,,1.0,401.0,,24.5,9.1,,,0.0,VUS
VAR01320,44.0,Male,,,Former,None,No,Lung,MSH2,Synonymous,7.0,Yes,24.83,0.0,0.609,0.312,,5.22,-1.64,,0.505,255.0,,0.0,,2.47,,0.0,Benign
VAR01321,24.0,Male,White,23.7,,,,Ovarian,MLH1,Missense,15.0,No,23.34,0.349,0.183,0.0,0.0,-1.15,0.38,4.452e-05,0.307,191.0,0.0,0.0,6.3,2.58,49.2,34.2,Benign
VAR01322,50.0,Female,Hispanic,26.5,,Moderate,No,,PTEN,Missense,19.0,Yes,3.32,0.833,0.108,1.0,0.192,3.59,9.81,0.21882465,,305.0,,47.1,47.0,2.1,9.4,15.2,Benign
VAR01323,66.0,Female,,,Former,None,No,Breast,MLH1,Synonymous,13.0,Yes,21.75,0.0,0.826,0.443,0.0,-6.65,-1.94,,,322.0,,10.0,0.0,52.99,162.4,10.8,Benign
VAR01324,51.0,,,,Never,None,No,Lung,PALB2,Missense,22.0,No,0.0,0.0,1.0,0.0,0.0,,0.0,1.39e-06,0.814,275.0,0.0,0.0,43.7,,2000.0,0.0,Benign
VAR01325,66.0,Female,Hispanic,,Current,Heavy,Yes,Prostate,PTEN,Synonymous,13.0,No,3.41,0.0,0.646,0.0,0.545,-0.19,-4.01,0.00033784,,398.0,0.0,0.0,13.0,9.33,2.6,0.0,Benign
VAR01326,58.0,Female,,,Former,Moderate,Yes,Ovarian,CHEK2,Synonymous,12.0,No,0.0,,,0.562,,0.29,,0.01083046,0.02,329.0,0.0,0.0,0.0,200.0,65.9,7.4,Benign
VAR01327,72.0,Female,White,34.5,Former,Moderate,Yes,Breast,MSH2,,18.0,Yes,11.66,0.0,0.247,1.0,,-6.75,-8.79,0.5,0.838,320.0,0.0,32.8,0.0,9.7,23.9,,VUS
VAR01328,52.0,,Asian,29.7,Never,Moderate,No,Lung,PALB2,Missense,5.0,,,0.398,1.0,0.437,0.0,0.65,-4.43,0.01714944,0.02,488.0,13.5,,20.8,0.37,259.6,,Benign
VAR01329,62.0,Female,Hispanic,26.8,Former,,No,Breast,,Missense,23.0,No,16.75,0.082,0.667,0.522,0.0,1.09,5.3,,0.075,332.0,0.0,27.5,14.4,11.64,4.7,25.1,Benign
VAR01330,63.0,Male,White,25.3,,Moderate,No,Breast,PTEN,Splice_site,17.0,,14.61,0.999,1.0,,0.656,,-0.15,7.84e-06,0.519,171.0,,,29.3,7.54,213.3,25.0,Benign
VAR01331,76.0,Male,White,22.8,Never,Moderate,No,Lung,PTEN,Splice_site,10.0,No,10.17,0.538,0.077,0.202,0.297,-4.74,6.36,0.00720648,0.099,433.0,0.0,,14.3,45.31,14.1,0.0,Benign
VAR01332,30.0,Male,,37.2,Former,None,,Colorectal,PALB2,Frameshift,7.0,,25.49,0.414,,0.017,,5.52,5.28,1e-07,,343.0,0.0,0.0,,23.7,23.0,99.1,Pathogenic
VAR01333,49.0,Female,Black,27.8,Former,,Yes,Prostate,APC,Missense,22.0,Yes,34.44,,0.883,0.096,0.0,3.97,,0.03270994,0.314,290.0,0.0,20.1,22.2,4.28,36.5,0.0,VUS
VAR01334,67.0,,Black,,Never,Moderate,No,Breast,MLH1,Synonymous,1.0,No,0.0,0.538,0.62,0.617,0.192,0.27,0.03,0.00476683,,215.0,,50.5,33.7,18.62,,0.0,Benign
VAR01335,72.0,Male,White,29.1,Current,None,,Breast,BRCA1,Missense,2.0,Yes,17.5,,0.294,1.0,0.89,5.0,-1.64,1.88e-06,0.02,459.0,17.58,42.7,37.6,0.15,4.4,27.8,Pathogenic
VAR01336,59.0,Male,Hispanic,33.5,Never,Heavy,No,Lung,PTEN,Missense,17.0,Yes,14.48,0.718,0.071,0.097,0.283,0.62,-4.4,0.04353789,0.091,506.0,0.0,20.0,31.1,,19.7,0.0,Benign
VAR01337,52.0,Male,White,28.3,,Heavy,No,Lung,CHEK2,,,,,0.066,0.351,0.0,0.704,-1.98,6.55,0.00015774,0.295,246.0,0.0,85.0,16.6,8.16,484.3,0.0,Benign
VAR01338,66.0,Female,White,23.0,Never,Moderate,No,Ovarian,,Missense,,No,,0.548,0.121,0.291,0.209,-0.31,-0.83,0.00016282,0.769,353.0,18.5,0.0,47.6,0.15,1.0,59.1,Benign
VAR01339,67.0,,,22.5,Never,None,No,Colorectal,PALB2,Missense,11.0,No,3.89,0.091,0.508,0.02,0.039,-5.88,0.61,1.176e-05,0.02,368.0,13.91,65.7,20.8,3.19,57.8,53.2,Benign
VAR01340,51.0,Male,Other,22.9,Current,,No,Breast,APC,Missense,22.0,No,0.0,0.0,0.458,,,-2.16,1.59,0.5,0.854,128.0,35.75,,,0.61,221.2,0.0,Benign
VAR01341,60.0,Male,Hispanic,35.1,Never,Moderate,,Colorectal,BRCA1,Missense,13.0,No,0.0,0.0,0.291,0.269,0.215,,-9.08,0.00069463,0.403,315.0,2.39,100.0,14.3,,16.9,,Benign
VAR01342,70.0,Female,White,27.1,Current,,Yes,Pancreatic,PALB2,Missense,,No,24.06,1.0,0.735,0.0,0.392,6.2,,7.77e-05,0.529,128.0,12.97,35.4,28.9,20.33,12.5,1.8,VUS
VAR01343,81.0,Female,,,Never,None,No,Breast,,Missense,3.0,No,,0.046,0.028,0.62,0.522,,,0.12579531,0.037,318.0,0.0,0.0,39.9,0.28,18.7,0.0,Benign
VAR01344,66.0,Female,White,29.4,Former,Moderate,No,Colorectal,,Synonymous,20.0,No,3.38,1.0,0.0,0.114,0.0,6.2,-1.79,0.00268283,0.02,569.0,0.0,2.8,,1.53,1.9,8.5,Benign
VAR01345,53.0,Female,,28.2,Never,None,Yes,Breast,TP53,Nonsense,,Yes,15.42,0.849,0.0,1.0,0.436,6.2,5.11,1e-07,0.02,161.0,18.1,0.0,,0.71,24.4,42.1,Pathogenic
VAR01346,55.0,Male,White,25.3,Former,Moderate,No,Ovarian,MLH1,Missense,7.0,No,9.1,0.0,1.0,0.233,0.0,0.82,4.68,0.5,0.476,526.0,0.5,100.0,15.4,3.95,1189.5,56.1,Benign
VAR01347,,Female,Asian,22.4,Current,Moderate,No,Lung,CHEK2,Missense,8.0,No,0.0,0.0,0.8,1.0,0.0,-1.38,-5.09,0.00016781,0.613,515.0,43.32,0.0,41.6,4.96,13.3,0.0,Benign
VAR01348,51.0,Female,Black,22.2,Former,None,Yes,Colorectal,APC,Frameshift,12.0,Yes,42.66,1.0,0.0,1.0,0.567,6.2,1.56,1.2e-07,0.327,319.0,3.09,86.3,22.1,0.28,34.6,32.9,VUS
VAR01349,54.0,Female,White,,,Moderate,No,Breast,APC,Nonsense,8.0,Yes,,0.692,,1.0,0.982,6.2,4.28,1e-06,0.02,377.0,7.11,78.5,,2.42,,,Pathogenic
VAR01350,42.0,Male,White,28.7,Former,Moderate,No,Colorectal,BRCA1,,23.0,No,,,0.484,0.395,0.587,2.5,2.92,0.00013661,0.116,289.0,7.13,,0.0,1.66,49.0,0.0,Benign
VAR01351,73.0,Female,White,29.9,Former,Moderate,No,Breast,,Frameshift,11.0,No,12.71,1.0,0.74,1.0,0.224,-2.78,-1.46,0.00015223,0.507,271.0,19.17,0.0,32.9,3.14,1.4,0.0,Benign
VAR01352,37.0,Female,,28.7,Never,Heavy,Yes,Ovarian,APC,Missense,1.0,Yes,37.89,1.0,0.472,0.877,1.0,,2.51,,0.597,342.0,24.98,79.9,11.5,36.28,24.9,39.9,Pathogenic
VAR01353,50.0,,Hispanic,29.1,Former,None,No,,PTEN,Missense,13.0,No,12.03,0.333,0.645,,0.0,-4.05,10.0,1e-07,0.632,235.0,0.0,4.0,2.4,0.33,1.0,23.8,Benign
VAR01354,53.0,Male,White,25.2,Former,None,Yes,Breast,BRCA1,Synonymous,4.0,,28.04,1.0,0.099,0.955,0.827,6.2,6.75,0.00015858,0.02,372.0,31.3,38.8,,2.1,,80.3,Pathogenic
VAR01355,82.0,Male,Hispanic,26.5,Former,Moderate,No,,,Missense,6.0,No,14.75,0.546,1.0,0.0,,2.78,4.92,0.5,,325.0,3.71,25.1,,38.55,26.9,,Benign
VAR01356,47.0,Male,White,33.3,Never,Moderate,Yes,,TP53,Missense,16.0,,41.15,0.205,0.304,0.949,0.0,3.39,-4.9,1e-07,,203.0,0.0,0.0,25.1,25.61,6.4,100.0,Pathogenic
VAR01357,46.0,Female,White,34.6,Never,None,Yes,,APC,Missense,17.0,Yes,40.75,0.92,0.532,0.89,0.0,-0.69,-6.05,0.00704134,0.654,398.0,7.6,19.5,31.2,0.38,,11.2,VUS
VAR01358,45.0,Male,Other,21.4,Current,Heavy,Yes,Breast,ATM,Frameshift,18.0,Yes,10.64,0.759,0.061,1.0,0.399,,10.0,1e-07,0.267,401.0,0.0,86.2,18.1,3.9,7.6,92.6,Pathogenic
VAR01359,74.0,Male,White,26.5,Former,,No,Colorectal,BRCA2,Missense,11.0,Yes,0.0,1.0,0.0,1.0,0.549,4.48,4.98,2.1e-07,0.745,444.0,29.57,0.0,22.7,11.85,209.8,46.2,Pathogenic
VAR01360,19.0,Female,White,31.7,Never,None,No,Breast,TP53,Missense,23.0,No,0.0,0.411,0.0,0.612,0.0,1.28,,0.01826956,0.02,267.0,10.83,52.3,21.2,15.85,4.8,48.1,Benign
VAR01361,40.0,,Black,36.9,Current,Moderate,No,Breast,PTEN,Missense,2.0,Yes,0.0,1.0,0.532,0.939,0.47,-6.93,-1.32,,0.557,433.0,25.81,22.5,1.1,7.74,916.5,16.4,VUS
VAR01362,90.0,,White,36.4,,Heavy,,Breast,MSH2,Missense,,No,0.0,0.078,1.0,0.667,,-3.89,6.94,0.01625943,0.227,558.0,22.71,0.0,,5.81,,0.0,Benign
VAR01363,64.0,,White,,Never,Moderate,,Lung,BRCA1,Missense,7.0,No,0.0,0.0,0.76,,0.35,-2.58,4.92,9.9e-07,0.202,323.0,0.0,32.6,6.5,6.11,20.8,0.0,Benign
VAR01364,42.0,Female,White,33.9,Former,,,Breast,,Missense,2.0,No,1.44,0.436,0.827,,0.0,5.44,0.39,,1.0,333.0,9.5,17.3,12.2,,795.2,8.2,Benign
VAR01365,55.0,Female,White,27.8,Former,None,Yes,Pancreatic,APC,Missense,16.0,No,21.47,0.624,0.115,0.133,0.0,-2.02,,0.03973283,0.21,395.0,21.91,75.2,28.6,0.1,633.1,0.0,Benign
VAR01366,57.0,Male,White,32.7,Current,None,No,Colorectal,CHEK2,Missense,2.0,No,17.87,,,0.0,0.0,-7.66,-1.12,3.213e-05,0.172,82.0,9.11,0.0,40.6,0.86,48.4,31.0,Benign
VAR01367,67.0,Female,White,31.4,Former,Moderate,No,Prostate,,Synonymous,17.0,Yes,0.0,0.087,0.0,1.0,0.604,-4.51,,2.127e-05,0.02,170.0,0.0,72.2,10.9,33.04,2.1,44.1,Benign
VAR01368,80.0,Male,,,Never,Moderate,No,Breast,ATM,Missense,,No,0.0,0.0,0.428,0.096,0.0,6.2,-2.47,0.0016787,,259.0,26.22,16.4,,,44.6,,Benign
VAR01369,57.0,,Asian,30.2,Never,None,No,Ovarian,BRCA2,Missense,22.0,Yes,50.0,,0.522,,0.735,3.1,10.0,,0.292,,13.35,56.2,27.9,4.8,70.3,83.7,Pathogenic
VAR01370,45.0,Female,White,32.5,Never,Moderate,,Lung,PALB2,Missense,19.0,Yes,37.37,0.211,0.0,0.708,0.719,0.07,4.01,1e-07,0.507,332.0,1.98,23.2,18.0,2.97,10.7,94.1,Pathogenic
VAR01371,66.0,Female,White,27.4,Current,Moderate,Yes,Ovarian,PALB2,,7.0,,10.72,0.415,0.513,,,-7.11,1.16,0.00975117,0.02,349.0,32.82,,20.5,0.52,2000.0,44.3,Benign
VAR01372,47.0,Female,White,26.3,Never,None,No,Colorectal,MSH2,Synonymous,18.0,No,9.91,0.332,0.894,0.238,0.004,0.61,-1.91,2.05e-06,0.525,169.0,0.0,57.7,20.3,0.4,88.0,0.0,Benign
VAR01373,43.0,Male,,19.6,Never,None,No,Prostate,MSH2,Missense,16.0,Yes,3.44,0.187,1.0,0.335,0.0,1.09,6.72,0.01155278,0.742,447.0,0.0,16.1,26.1,17.99,1.0,,Benign
VAR01374,33.0,,White,30.9,Never,Moderate,Yes,Lung,BRCA2,,14.0,No,39.55,0.782,0.0,1.0,0.975,2.51,-3.3,,0.9,357.0,0.0,4.2,,1.27,49.6,0.0,Benign
VAR01375,,Female,Hispanic,28.5,Never,None,Yes,Prostate,APC,Nonsense,13.0,No,25.01,0.89,0.0,1.0,0.048,6.2,10.0,1.442e-05,0.471,,25.29,79.8,27.3,9.21,46.4,46.5,Pathogenic
VAR01376,44.0,,White,22.9,Never,None,No,Breast,MLH1,Missense,4.0,,10.35,0.268,0.188,,0.511,-5.12,-2.81,0.36260134,0.101,374.0,1.09,,17.1,200.0,,16.2,Benign
VAR01377,41.0,,,25.9,Former,,No,Lung,,Missense,23.0,No,0.0,0.326,0.12,0.0,0.389,-1.18,-2.81,0.00097972,0.073,252.0,0.0,,13.9,,12.2,0.0,Benign
VAR01378,60.0,Male,Black,28.3,,Moderate,No,Lung,MSH2,Missense,,Yes,0.0,,0.362,0.535,0.298,1.83,10.0,0.05829006,0.357,,20.61,,24.5,0.51,1.0,0.0,Benign
VAR01379,36.0,Female,Hispanic,,Current,Moderate,Yes,Lung,MSH2,Frameshift,20.0,,19.33,1.0,0.0,0.544,0.4,2.81,,1.002e-05,0.627,201.0,,5.2,,31.17,549.4,32.7,Pathogenic
VAR01380,18.0,Female,White,27.5,Current,Moderate,Yes,Colorectal,MSH2,Missense,15.0,No,15.66,0.0,0.37,0.546,0.0,-8.9,0.56,1.06e-06,0.579,78.0,1.97,26.9,0.0,,1502.4,0.0,Benign
VAR01381,42.0,Male,White,18.8,Never,Moderate,No,,,Missense,4.0,No,,0.372,0.567,0.175,0.0,2.83,7.17,3.21e-06,0.02,294.0,9.27,54.2,42.6,0.1,6.6,68.4,Benign
VAR01382,50.0,Female,Other,34.2,Current,Moderate,No,Prostate,MLH1,Missense,18.0,,8.76,0.735,0.039,0.415,0.0,-2.37,,0.00032583,0.406,510.0,0.0,0.0,19.7,33.78,13.1,22.7,Benign
VAR01383,48.0,Female,White,27.6,Never,None,No,Breast,PTEN,Missense,26.0,No,0.0,0.0,0.314,0.67,0.195,-4.34,2.43,0.0010864,0.02,,2.79,0.0,18.8,0.37,289.7,22.5,Benign
VAR01384,75.0,Male,Black,22.0,Never,Moderate,No,Breast,MSH2,Missense,4.0,,0.0,0.0,,0.0,0.468,-3.0,-8.14,,0.318,149.0,5.95,2.6,,79.9,6.4,,VUS
VAR01385,48.0,Female,Black,16.0,,Heavy,No,Breast,,,,No,0.0,0.0,0.609,0.268,0.172,,1.03,2.57e-06,0.936,382.0,0.0,29.2,12.8,35.81,148.6,45.5,Benign
VAR01386,63.0,Male,White,32.6,Former,Moderate,,Breast,MLH1,Frameshift,25.0,Yes,25.27,1.0,0.0,0.89,0.559,6.2,10.0,1e-07,0.424,267.0,0.0,38.0,29.7,6.5,34.4,79.6,Pathogenic
VAR01387,56.0,Female,White,,Former,,No,Lung,PTEN,Missense,26.0,,9.62,0.0,0.893,0.351,0.478,,-14.01,0.5,0.02,368.0,0.42,0.0,21.9,0.42,2.5,,Benign
VAR01388,55.0,Male,White,28.6,Never,Moderate,Yes,,MLH1,Missense,13.0,Yes,4.95,0.0,,0.465,,,0.32,,0.497,,20.77,1.4,28.2,,4.4,,Benign
VAR01389,41.0,Female,White,31.8,Former,None,Yes,Ovarian,MSH2,Splice_site,8.0,Yes,14.88,,0.0,,0.0,6.2,,,,264.0,,0.0,11.3,,36.5,,Pathogenic
VAR01390,55.0,Female,White,,Former,,No,Prostate,,Synonymous,8.0,No,5.83,0.0,,0.0,0.0,6.2,-5.55,7.4e-07,0.027,366.0,0.0,0.0,38.3,0.48,19.8,35.3,Benign
VAR01391,46.0,Male,Hispanic,28.5,Former,Heavy,Yes,Prostate,PALB2,Missense,13.0,No,2.92,0.0,0.773,0.0,,6.2,,0.5,0.02,316.0,42.32,3.2,54.0,7.39,1.1,0.0,Benign
VAR01392,58.0,Female,Hispanic,26.2,Never,None,No,Colorectal,PALB2,Frameshift,,Yes,0.0,0.823,0.703,0.0,,-5.94,,1e-07,,,0.0,,5.1,0.23,29.4,,Benign
VAR01393,53.0,Male,Asian,,Former,None,No,,PALB2,Missense,,,9.31,0.0,0.885,0.263,0.036,6.2,,0.5,0.165,262.0,13.7,0.0,35.7,,1.0,0.0,Benign
VAR01394,44.0,Male,,29.6,Former,Moderate,No,Breast,PALB2,,,Yes,36.51,0.061,0.044,0.477,0.0,0.48,-10.91,,0.988,229.0,0.0,18.9,,4.5,94.4,45.0,Benign
VAR01395,69.0,Female,Hispanic,34.5,Never,Moderate,,Colorectal,MLH1,Missense,,No,5.64,0.314,,0.02,,-8.28,-5.13,0.00034951,0.02,,22.99,0.0,28.6,6.71,120.8,0.0,Benign
VAR01396,,Female,White,27.0,Former,Moderate,No,Ovarian,ATM,Synonymous,1.0,Yes,0.0,,0.853,0.636,0.0,,-2.66,0.5,0.02,227.0,4.41,31.5,30.4,31.26,2.8,7.5,Benign
VAR01397,47.0,Male,White,34.9,Never,None,Yes,Breast,PTEN,Synonymous,20.0,,47.14,0.418,0.0,,0.473,0.37,-4.54,2.4e-07,0.6,,8.26,0.0,0.0,,39.7,51.3,VUS
VAR01398,54.0,Male,Black,29.4,Former,,No,Lung,,Frameshift,25.0,Yes,47.8,1.0,0.0,0.855,0.282,6.2,7.05,0.00028789,0.221,322.0,26.49,,,1.29,13.8,100.0,Benign
VAR01399,55.0,,Black,29.4,Former,None,No,Colorectal,MLH1,Splice_site,3.0,No,30.56,,0.845,0.0,,-5.72,2.41,,0.02,,3.69,,17.6,2.6,6.9,43.4,Benign
VAR01400,45.0,Female,White,39.5,Never,Heavy,Yes,Breast,PTEN,Missense,,No,7.34,,0.702,0.0,0.655,4.8,2.32,2.63e-06,0.623,,16.34,0.6,,13.63,9.7,25.8,Benign
VAR01401,57.0,Male,Black,35.8,Never,None,Yes,Lung,APC,Synonymous,5.0,No,0.0,0.0,0.56,0.683,0.571,2.66,10.0,0.5,0.388,322.0,4.47,26.1,16.5,1.58,12.9,34.0,Benign
VAR01402,48.0,Female,,35.9,Former,None,No,,BRCA1,Missense,2.0,Yes,0.0,0.132,0.581,,0.0,5.14,-5.13,4.616e-05,0.772,320.0,0.0,0.0,30.4,0.1,5.1,100.0,Benign
VAR01403,44.0,Male,White,23.5,Former,Moderate,,Ovarian,PTEN,Synonymous,8.0,Yes,25.97,0.498,0.464,0.1,0.0,-2.5,,0.00022298,0.659,285.0,36.18,12.0,,1.41,34.0,0.0,Benign
VAR01404,35.0,,Hispanic,38.5,Former,None,No,Breast,APC,Missense,8.0,Yes,,0.195,0.968,0.655,0.122,2.3,-2.52,0.24705667,0.02,403.0,13.26,,23.2,3.44,735.1,71.6,Benign
VAR01405,,Female,White,,Former,Moderate,No,Breast,PALB2,Missense,26.0,No,0.0,0.122,1.0,0.943,0.87,-4.21,6.18,0.5,0.02,361.0,1.68,100.0,24.7,0.48,56.7,,Benign
VAR01406,59.0,Male,White,,Never,None,No,Colorectal,TP53,Nonsense,4.0,Yes,0.0,0.075,,0.408,0.428,,10.0,1e-07,0.99,257.0,32.1,52.1,7.3,0.1,25.4,,Pathogenic
VAR01407,47.0,Male,,16.7,Never,Moderate,No,Ovarian,CHEK2,Missense,,,7.72,,1.0,0.367,0.392,-0.58,-6.32,0.5,0.298,246.0,0.0,38.2,,4.73,,42.1,Benign
VAR01408,89.0,Female,,29.1,Former,,No,Breast,PTEN,Missense,24.0,No,0.0,0.268,0.336,,0.369,-0.13,9.9,0.00242425,1.0,298.0,0.0,0.0,14.6,0.16,303.2,,Benign
VAR01409,68.0,Male,White,22.1,Never,Moderate,No,Prostate,MLH1,Frameshift,14.0,No,0.0,,0.216,0.764,0.364,0.35,-4.92,0.00152988,0.756,91.0,0.0,0.0,21.0,,157.7,0.0,Benign
VAR01410,70.0,Female,Black,,Former,None,Yes,,CHEK2,,,Yes,17.99,,0.0,0.243,0.856,,10.0,,1.0,352.0,8.01,,9.8,200.0,87.3,56.5,VUS
VAR01411,,Female,White,21.7,Never,None,Yes,Colorectal,TP53,Missense,15.0,No,,0.752,0.0,1.0,0.0,6.2,10.0,2.29e-06,0.123,182.0,3.74,0.0,54.7,0.76,115.4,69.6,Pathogenic
VAR01412,80.0,Female,Black,36.5,Never,None,Yes,Prostate,APC,,,No,0.0,1.0,0.406,0.064,0.0,0.88,3.31,,0.315,453.0,1.93,26.3,0.0,5.15,92.9,40.0,Benign
VAR01413,46.0,,White,30.3,Former,Moderate,No,Colorectal,MSH2,Missense,6.0,No,10.14,0.0,0.984,0.423,0.06,5.93,-1.28,0.02489401,0.69,132.0,0.0,28.4,0.0,4.61,322.5,45.5,Benign
VAR01414,19.0,Female,Other,38.9,Former,Moderate,,Breast,BRCA1,Missense,,Yes,26.01,1.0,0.531,1.0,,6.2,4.54,7.95e-06,0.485,361.0,3.4,45.6,29.7,0.2,7.6,100.0,Pathogenic
VAR01415,50.0,Female,Hispanic,,Former,None,No,Colorectal,TP53,,12.0,No,0.0,0.778,0.3,0.976,0.556,-3.2,3.83,0.00031629,0.374,101.0,12.37,13.8,36.8,0.1,12.8,,Benign
VAR01416,63.0,Female,White,35.2,Never,None,,Ovarian,APC,Nonsense,26.0,Yes,16.58,0.546,0.391,0.846,0.021,-0.73,4.12,0.00801518,0.452,249.0,25.12,0.0,,0.14,,33.0,Benign
VAR01417,,Male,White,,Former,None,No,,MSH2,Synonymous,27.0,No,0.9,0.0,0.549,0.0,0.459,-6.56,5.27,0.00078971,,364.0,6.62,0.0,17.3,1.3,23.8,46.8,Benign
VAR01418,60.0,Male,White,,Never,None,No,Pancreatic,ATM,,,No,,0.242,0.665,0.0,0.0,6.08,,0.00165408,0.02,421.0,0.0,34.2,22.1,200.0,22.8,32.4,Benign
VAR01419,73.0,Male,Hispanic,24.3,Former,Moderate,No,Ovarian,,Splice_site,22.0,No,0.0,0.002,0.837,0.728,0.0,1.98,,0.02649674,0.273,415.0,14.82,100.0,31.0,8.19,155.1,13.8,Benign
VAR01420,61.0,Female,Black,25.3,Former,,No,Breast,BRCA2,Missense,12.0,Yes,11.2,1.0,0.354,0.518,0.0,1.42,9.7,0.00070225,0.176,396.0,22.48,27.1,,0.38,,0.0,Benign
VAR01421,66.0,Male,Hispanic,24.9,Never,,Yes,Breast,APC,Splice_site,19.0,Yes,8.73,,0.452,0.062,0.0,-0.76,,3.13e-05,0.02,408.0,21.72,32.2,0.0,0.38,185.8,10.0,Benign
VAR01422,,Female,Asian,22.9,Former,Moderate,No,Prostate,MLH1,Synonymous,,No,18.15,0.083,1.0,0.0,0.0,-3.91,1.07,0.18162428,,417.0,,96.7,25.5,0.58,,67.9,Benign
VAR01423,42.0,Male,White,21.2,Former,None,No,Breast,CHEK2,,,,,,0.413,0.0,0.461,6.2,-2.72,5.84e-06,,258.0,0.0,16.2,33.5,0.1,7.5,100.0,Benign
VAR01424,77.0,,Black,,Never,,No,Prostate,MLH1,Missense,21.0,Yes,0.0,0.02,0.268,0.0,0.276,6.2,10.0,0.5,0.67,277.0,5.23,,,0.38,1.0,0.0,Benign
VAR01425,53.0,Female,White,28.1,Former,None,Yes,Breast,CHEK2,Splice_site,21.0,Yes,,1.0,0.001,0.736,0.471,6.2,10.0,3.7e-07,0.767,394.0,,52.7,29.8,12.99,13.1,52.5,VUS
VAR01426,44.0,Female,Black,33.3,Never,None,Yes,Lung,ATM,Frameshift,8.0,Yes,29.9,,0.078,0.748,0.474,4.04,10.0,0.00035123,0.807,440.0,0.0,100.0,11.0,3.08,164.1,0.0,Pathogenic
VAR01427,48.0,Male,White,29.0,Current,Moderate,No,,BRCA2,Missense,27.0,No,17.94,,0.0,0.416,0.0,2.28,3.61,,0.02,301.0,6.38,,44.0,1.04,29.1,,Benign
VAR01428,,Male,Hispanic,33.3,Never,None,No,Breast,ATM,Missense,19.0,No,4.81,0.132,0.333,,0.0,5.37,0.44,0.00179738,0.02,259.0,30.14,26.2,0.0,14.17,,,Benign
VAR01429,47.0,Male,White,,Never,None,No,Breast,,Missense,27.0,No,,0.561,0.756,1.0,0.0,0.93,10.0,0.34406192,0.905,255.0,0.0,0.0,17.3,0.23,53.1,0.0,Benign
VAR01430,39.0,Male,White,25.3,Former,,No,Breast,BRCA1,Missense,13.0,Yes,0.0,0.0,1.0,0.0,0.37,6.2,8.46,0.08796741,0.268,226.0,0.0,,32.2,6.05,54.8,0.7,Benign
VAR01431,36.0,Male,White,31.1,,Moderate,No,,ATM,Missense,17.0,,2.55,0.687,0.291,0.0,0.0,6.18,-1.22,0.00704476,0.589,,0.0,32.0,16.8,0.22,1.3,0.0,Benign
VAR01432,53.0,Female,Asian,29.2,,None,No,Breast,APC,Missense,18.0,Yes,0.0,,0.925,0.0,0.0,6.2,-0.91,,0.02,442.0,0.0,3.2,37.4,14.08,265.8,25.4,Benign
VAR01433,48.0,Male,White,,Never,Heavy,No,Colorectal,CHEK2,,5.0,No,18.98,0.789,0.638,1.0,0.614,1.38,2.2,0.00051798,0.23,,21.43,14.0,23.3,2.81,75.2,1.7,Benign
VAR01434,,Female,White,32.2,,None,Yes,,BRCA1,Frameshift,8.0,Yes,,1.0,,0.907,1.0,-6.19,3.09,0.02646294,1.0,315.0,,78.9,,6.99,1.2,97.1,Pathogenic
VAR01435,60.0,Female,White,24.8,Never,None,No,Breast,APC,Missense,27.0,No,40.44,,0.247,0.731,0.546,0.83,-1.39,0.00404095,0.406,528.0,,0.0,32.2,1.85,,15.5,Benign
VAR01436,59.0,Female,,23.6,Never,Moderate,No,Lung,BRCA1,Splice_site,19.0,No,0.09,,1.0,0.0,0.218,-1.23,-8.77,4.08e-05,0.245,318.0,0.0,0.0,21.1,7.71,9.2,0.0,Benign
VAR01437,,Male,Asian,29.9,,Moderate,No,,ATM,,15.0,No,23.83,0.78,1.0,0.051,0.227,,,7.037e-05,,471.0,0.0,71.7,0.0,0.46,1.5,0.0,VUS
VAR01438,54.0,Male,Other,27.5,Never,Moderate,,Pancreatic,BRCA2,Missense,1.0,No,0.3,0.44,1.0,0.0,0.03,6.2,10.0,,0.483,199.0,20.44,,,20.56,1.0,,Benign
VAR01439,,Female,Hispanic,24.9,Never,Moderate,No,Colorectal,TP53,Missense,2.0,,,0.0,1.0,0.026,0.109,-1.97,,1.396e-05,1.0,343.0,16.13,,46.6,1.44,1.0,9.9,Benign
VAR01440,,Female,Hispanic,24.7,,None,No,Ovarian,,Synonymous,,No,28.47,0.0,0.644,0.206,,-3.28,-1.12,0.5,0.367,211.0,,,35.0,6.94,5.6,37.0,Benign
VAR01441,52.0,Female,,,Never,None,No,,TP53,Nonsense,3.0,Yes,15.89,,0.505,1.0,0.603,0.35,4.94,0.0447217,0.732,218.0,3.15,,,15.49,4.9,67.2,VUS
VAR01442,70.0,Male,White,25.5,Never,None,No,,APC,Missense,4.0,No,,0.307,0.344,0.495,0.231,6.2,5.18,2.42e-06,0.293,,28.84,24.2,30.0,0.49,1.2,52.8,Benign
VAR01443,,Male,Black,33.0,Never,Moderate,No,Pancreatic,CHEK2,Synonymous,16.0,No,28.06,,,1.0,0.0,-1.6,5.69,0.19708696,0.02,327.0,8.44,33.5,0.0,6.94,8.4,39.2,Benign
VAR01444,66.0,Female,Black,28.7,Never,Moderate,No,Lung,PALB2,Missense,26.0,,12.79,0.885,0.675,0.119,0.523,1.68,7.28,1.069e-05,0.527,269.0,0.0,45.6,0.0,0.52,760.6,54.9,Benign
VAR01445,50.0,Female,White,32.3,Never,Moderate,No,Lung,TP53,Missense,23.0,Yes,0.0,0.447,0.471,0.327,0.124,6.2,4.42,2.279e-05,0.02,92.0,0.0,,65.4,0.1,3.3,4.5,Benign
VAR01446,,Male,Hispanic,,Never,Heavy,No,Pancreatic,ATM,,13.0,Yes,9.1,,1.0,0.192,0.0,3.52,-0.89,0.00017828,0.764,272.0,,71.2,0.0,3.69,8.1,10.6,Benign
VAR01447,56.0,Female,,24.4,Never,Moderate,Yes,Colorectal,PALB2,Nonsense,,Yes,12.03,0.744,0.569,0.389,0.447,-6.36,10.0,1.6e-07,0.02,,4.18,44.1,16.5,200.0,137.9,,VUS
VAR01448,65.0,Female,,19.3,Never,Heavy,No,Breast,,Frameshift,17.0,Yes,10.38,0.733,0.03,,,-1.7,-0.32,0.15043124,0.02,128.0,,66.4,24.6,,1508.1,0.0,Benign
VAR01449,63.0,Female,,22.9,,Moderate,No,Pancreatic,TP53,Synonymous,26.0,No,0.0,0.231,1.0,0.055,0.0,-2.47,7.3,0.01050326,0.02,,12.26,36.8,28.2,7.2,28.7,,Benign
VAR01450,61.0,Female,Hispanic,24.1,Never,Moderate,No,Prostate,,Splice_site,7.0,No,13.87,0.273,0.74,1.0,0.0,-7.43,-8.9,0.02725808,0.611,393.0,0.0,100.0,22.0,13.73,55.7,10.5,Benign
VAR01451,51.0,Female,Hispanic,23.8,Never,Moderate,No,Breast,ATM,Missense,,,0.0,,0.0,0.0,0.0,,9.0,,0.02,388.0,0.0,0.0,15.3,0.22,143.5,,Benign
VAR01452,46.0,Male,White,32.4,Former,None,No,,TP53,Missense,25.0,Yes,0.0,0.612,0.0,0.022,0.0,-11.89,-4.82,0.00012785,0.564,507.0,0.0,85.9,20.2,0.67,59.8,0.0,Benign
VAR01453,63.0,Female,Hispanic,32.4,Never,,,Prostate,,,27.0,,0.0,0.019,0.0,0.0,0.28,,-8.34,0.00013318,,197.0,0.0,0.0,42.5,33.92,1.0,98.5,Benign
VAR01454,58.0,Female,Hispanic,38.6,Never,Moderate,Yes,Ovarian,,Missense,,Yes,,,0.414,1.0,0.189,4.83,-1.68,0.00128474,0.471,199.0,5.01,60.9,,19.6,6.2,61.4,Pathogenic
VAR01455,49.0,Male,White,23.7,Former,None,No,Lung,,Missense,5.0,Yes,0.0,0.375,,,0.079,-2.72,2.08,0.00035105,,316.0,,62.6,34.3,2.85,102.2,35.6,Benign
VAR01456,70.0,Male,,35.5,Former,None,No,Breast,,,17.0,No,0.0,0.205,0.138,0.196,0.35,-7.73,10.0,,1.0,307.0,2.57,18.8,0.0,0.1,4.9,0.0,Benign
VAR01457,45.0,,White,35.5,Current,Moderate,Yes,Breast,CHEK2,Synonymous,3.0,No,20.26,0.4,0.234,0.0,0.0,6.2,-0.44,6.968e-05,0.02,335.0,11.35,0.0,31.5,0.73,1.0,0.0,Benign
VAR01458,,Female,White,26.3,Current,,,Lung,,Missense,11.0,Yes,22.13,0.272,0.403,0.0,0.367,,0.09,,,412.0,27.43,23.6,,7.34,9.3,0.0,Benign
VAR01459,76.0,Male,,29.9,,None,Yes,Pancreatic,CHEK2,Splice_site,1.0,Yes,0.0,,0.642,0.059,0.762,6.2,,0.00109892,0.409,292.0,22.75,,10.6,0.1,94.3,,VUS
VAR01460,67.0,Female,White,33.7,Former,,No,Colorectal,,Missense,21.0,No,0.0,0.488,0.0,0.583,0.395,-0.07,-2.83,0.5,0.023,434.0,0.0,55.9,55.1,13.54,63.3,0.0,Benign
VAR01461,,Male,,,Never,,No,Breast,PALB2,Synonymous,,No,28.08,0.653,0.026,0.15,0.292,6.2,-0.14,0.5,,235.0,18.51,,0.0,26.49,,17.2,Benign
VAR01462,60.0,Female,White,26.8,Current,Heavy,,Breast,MLH1,Missense,3.0,Yes,14.08,0.0,0.778,,,3.16,-1.4,,0.02,264.0,21.16,0.0,21.4,107.86,1.0,,Benign
VAR01463,58.0,Female,,24.4,Former,Moderate,No,Breast,,Missense,25.0,No,,0.0,0.259,0.495,0.206,1.01,10.0,0.00382789,0.02,,16.61,0.0,43.3,35.7,30.0,18.4,Benign
VAR01464,19.0,Female,,16.0,Never,None,No,Pancreatic,PTEN,Missense,23.0,Yes,21.99,0.362,0.705,0.032,0.501,-2.22,2.73,2.56e-06,0.02,20.0,1.46,10.0,24.8,6.83,1.0,42.4,VUS
VAR01465,44.0,Male,Black,27.9,Never,None,Yes,Ovarian,CHEK2,Missense,23.0,No,0.0,0.521,,0.0,0.0,,5.52,0.00084824,0.385,127.0,26.5,21.6,0.0,,71.0,52.5,Benign
VAR01466,51.0,Female,White,24.0,Former,None,Yes,Pancreatic,TP53,Nonsense,13.0,Yes,31.37,1.0,0.812,0.323,0.419,3.87,2.01,,0.268,418.0,0.43,62.0,47.9,2.34,100.5,,Pathogenic
VAR01467,51.0,Female,,,Never,Moderate,Yes,Prostate,APC,Synonymous,26.0,No,15.43,0.0,,0.05,0.205,-3.21,-6.38,1.126e-05,0.02,,20.93,38.7,0.0,0.77,4.8,0.0,Benign
VAR01468,,Female,White,29.6,Former,Moderate,No,Colorectal,PALB2,Missense,27.0,Yes,15.6,0.713,,0.381,0.13,1.06,6.67,,,179.0,22.58,,0.5,7.58,1.0,43.2,VUS
VAR01469,,Male,,20.2,Never,,Yes,Breast,CHEK2,Synonymous,15.0,Yes,1.8,0.0,0.804,0.493,,0.29,,,0.803,422.0,12.99,,39.4,0.44,292.6,34.9,Benign
VAR01470,51.0,Female,Asian,,Former,None,Yes,Pancreatic,BRCA2,Missense,11.0,Yes,9.29,0.548,0.781,0.196,0.002,4.92,7.87,1.827e-05,0.02,53.0,0.0,,4.7,1.08,40.5,30.7,VUS
VAR01471,,Male,White,29.9,Never,,No,Breast,PALB2,Missense,21.0,Yes,0.0,,0.181,0.734,0.0,-8.06,-4.79,3.17e-06,0.489,207.0,8.83,3.3,17.4,200.0,1.8,1.6,Benign
VAR01472,56.0,Male,Hispanic,25.5,Former,Moderate,Yes,Prostate,ATM,Frameshift,2.0,Yes,,0.678,0.612,,,6.2,5.92,1e-07,0.74,269.0,24.66,1.6,4.5,1.05,1501.4,,Pathogenic
VAR01473,52.0,Female,Black,27.2,Never,Moderate,No,Ovarian,MSH2,Frameshift,,Yes,0.0,0.0,0.656,,0.388,2.61,-7.32,0.01552194,0.885,436.0,6.67,0.0,23.3,4.04,20.2,10.6,Benign
VAR01474,54.0,Male,Other,21.5,Never,Moderate,No,,APC,Missense,1.0,No,0.0,0.241,0.083,0.0,0.0,0.43,-2.31,0.15473361,,519.0,4.85,72.5,43.5,0.1,3.7,26.3,Benign
VAR01475,52.0,Male,White,31.3,Never,Moderate,,,BRCA2,Missense,21.0,No,18.74,0.218,0.0,0.0,0.025,2.52,-8.31,0.01836721,0.999,269.0,0.76,30.9,0.0,0.44,244.0,58.0,Benign
VAR01476,85.0,Female,,28.4,Never,Heavy,No,Ovarian,CHEK2,Missense,,,12.57,0.0,0.619,,0.009,-6.47,-0.99,7.89e-06,0.595,312.0,0.0,0.0,26.4,0.45,128.5,11.3,Benign
VAR01477,27.0,Female,Black,28.8,Never,Moderate,No,Lung,,Splice_site,21.0,No,0.37,0.454,,0.395,0.015,1.06,9.04,1.9e-07,0.02,434.0,,,0.0,1.89,,0.0,Benign
VAR01478,,,White,30.0,Former,Heavy,No,,BRCA1,Synonymous,,No,,0.824,0.006,,0.0,4.3,,1e-07,0.509,567.0,24.15,4.6,59.8,0.44,39.0,0.0,VUS
VAR01479,56.0,Female,White,24.3,Never,None,,Breast,CHEK2,Synonymous,12.0,,7.27,,0.089,0.263,0.501,-0.84,-4.69,2.59e-06,0.343,451.0,0.0,95.6,5.4,1.35,1.2,0.0,Benign
VAR01480,46.0,Female,White,19.9,Former,,Yes,Colorectal,MSH2,Splice_site,18.0,No,0.0,0.323,0.395,0.893,0.95,2.88,-0.25,7.7e-06,0.763,187.0,11.49,0.0,32.1,0.84,1.3,13.2,Benign
VAR01481,,Male,White,32.3,Former,None,No,Ovarian,BRCA2,Nonsense,2.0,Yes,15.57,0.0,1.0,0.207,0.0,4.11,-0.36,0.00018872,,416.0,0.0,,27.3,,6.8,0.0,Benign
VAR01482,67.0,,Black,30.9,Never,None,No,Pancreatic,MLH1,Synonymous,22.0,No,0.0,0.239,0.0,0.384,,-2.81,5.65,0.01102901,0.02,249.0,0.0,,24.4,0.1,1.0,0.0,Benign
VAR01483,55.0,Female,,24.8,,Moderate,Yes,Prostate,ATM,Synonymous,8.0,,0.0,0.12,0.231,1.0,,,-7.38,0.0002834,0.731,474.0,15.99,0.0,14.1,0.1,36.4,78.7,Benign
VAR01484,52.0,Female,White,29.5,,None,No,,MLH1,Missense,,No,0.0,,0.057,0.0,0.631,0.23,-14.97,0.5,0.296,,20.08,37.5,0.0,,14.9,10.0,Benign
VAR01485,52.0,,Asian,33.8,,None,No,Pancreatic,MSH2,Missense,24.0,Yes,,1.0,0.487,1.0,0.204,6.2,,,0.165,207.0,0.0,33.2,48.5,1.15,,42.3,VUS
VAR01486,51.0,Female,White,33.2,Former,None,Yes,Ovarian,BRCA2,,15.0,Yes,29.71,0.731,0.0,0.0,0.604,6.2,10.0,1.38e-06,1.0,442.0,16.96,52.3,5.0,7.34,1869.6,,Pathogenic
VAR01487,55.0,Female,Other,24.7,Former,Moderate,No,Breast,BRCA1,Synonymous,16.0,,0.0,0.0,0.38,0.0,,2.35,-0.42,1e-07,0.15,378.0,,19.2,19.9,5.46,1.1,14.8,Benign
VAR01488,54.0,Male,White,20.1,Current,Heavy,No,Breast,PALB2,,,No,0.0,0.544,,,,-3.19,3.29,0.00012153,0.364,,0.0,25.7,15.8,2.81,25.3,0.0,Benign
VAR01489,55.0,Male,,20.9,,Moderate,,Prostate,,Missense,11.0,No,40.48,0.961,,0.043,,4.29,6.0,5.6e-07,0.489,323.0,0.0,100.0,39.7,0.29,2.5,56.0,Pathogenic
VAR01490,66.0,,Asian,,Never,None,No,Ovarian,TP53,Synonymous,,,25.48,0.248,1.0,,0.145,5.09,5.5,0.12040362,0.566,262.0,0.0,,62.9,0.1,411.7,0.0,Benign
VAR01491,40.0,Male,,34.8,,Moderate,Yes,Prostate,PTEN,Missense,26.0,No,12.36,0.0,1.0,0.173,0.0,-2.05,,1.34e-06,0.904,388.0,0.0,0.0,9.7,1.0,1.5,,Benign
VAR01492,42.0,Female,Hispanic,,Never,None,No,,,Missense,11.0,No,3.51,0.0,,0.589,0.0,2.47,0.34,2.7e-07,1.0,,15.83,31.1,24.5,2.57,1878.0,,Benign
VAR01493,33.0,Male,White,24.5,,Heavy,Yes,Breast,PALB2,Missense,10.0,No,,0.0,1.0,0.572,0.038,2.99,,0.0110154,0.73,530.0,7.31,67.0,41.4,44.87,1.7,0.0,Benign
VAR01494,,,Hispanic,24.4,Never,None,Yes,Colorectal,MLH1,Nonsense,1.0,Yes,28.46,0.273,0.0,0.71,,,10.0,1.84e-06,0.02,300.0,4.03,0.0,46.0,200.0,62.7,0.0,VUS
VAR01495,59.0,Female,,24.8,Never,Heavy,No,Colorectal,,Missense,9.0,No,3.02,0.0,0.74,0.787,0.402,-3.24,-3.56,0.0001051,0.962,89.0,0.0,0.0,19.2,4.95,63.4,0.0,Benign
VAR01496,63.0,Male,White,27.4,Current,Moderate,No,Colorectal,BRCA2,Missense,7.0,No,22.49,0.0,,0.539,0.0,6.2,-3.39,1.757e-05,0.602,260.0,21.27,43.2,19.9,1.99,151.0,0.0,Benign
VAR01497,33.0,Female,,,Never,Moderate,Yes,Prostate,BRCA1,Frameshift,21.0,Yes,43.32,1.0,0.0,,0.051,6.2,2.74,2.6e-07,0.981,336.0,9.86,,45.1,4.01,,37.3,Pathogenic
VAR01498,79.0,Male,White,32.9,,Moderate,No,Lung,ATM,Missense,14.0,No,14.46,0.863,0.288,0.263,0.0,-0.87,-6.28,0.0077226,0.223,351.0,10.29,,0.0,2.12,1.0,0.0,Benign
VAR01499,47.0,Female,White,26.8,Former,None,No,Ovarian,,Missense,10.0,Yes,5.35,0.462,,0.048,,-1.98,-1.2,1e-07,0.389,419.0,0.0,41.5,38.4,0.67,7.2,69.6,VUS
VAR01500,54.0,,Asian,39.9,Former,None,,Lung,CHEK2,Frameshift,26.0,Yes,,0.765,0.181,,0.0,6.2,5.73,2.75e-06,0.919,400.0,0.0,,7.6,81.4,220.9,0.0,Benign
VAR01501,63.0,,White,21.6,Former,None,Yes,Ovarian,CHEK2,,,Yes,,1.0,0.745,,0.41,4.48,1.63,0.00012151,1.0,402.0,27.0,16.4,24.7,1.98,41.0,,Benign
VAR01502,39.0,Female,White,35.4,Never,,,Prostate,BRCA2,Splice_site,12.0,Yes,27.17,1.0,0.303,,0.18,6.2,9.72,3.13e-05,0.601,250.0,13.98,0.0,23.1,,570.8,84.5,Pathogenic
VAR01503,45.0,Female,White,34.5,Current,Moderate,No,Breast,,Missense,20.0,Yes,26.68,0.443,0.0,0.802,0.393,,-4.04,0.36534757,0.02,262.0,15.2,27.4,11.1,,5.2,27.7,Pathogenic
VAR01504,58.0,Male,,25.4,Former,Moderate,Yes,,,Missense,,No,0.0,0.293,0.817,,0.0,1.88,-6.63,,0.601,201.0,10.36,25.4,27.6,0.1,,75.6,Benign
VAR01505,90.0,Female,Asian,25.5,Former,,No,Ovarian,,Synonymous,12.0,No,45.24,0.097,0.408,0.237,0.0,-1.68,,0.00148717,0.272,349.0,19.64,31.2,15.6,0.27,15.1,18.6,Benign
VAR01506,60.0,Female,,22.9,Never,Moderate,Yes,Breast,TP53,Missense,20.0,,16.76,0.057,0.645,0.0,,6.2,,0.5,0.02,415.0,22.12,50.4,40.2,4.87,13.3,25.9,Benign
VAR01507,77.0,Male,,23.0,,None,Yes,Lung,BRCA1,Frameshift,9.0,No,0.0,0.105,0.853,0.498,0.507,2.18,2.39,0.00340716,0.295,438.0,0.0,88.0,8.2,32.0,76.8,29.4,Benign
VAR01508,68.0,Female,Black,27.5,Never,None,Yes,Ovarian,ATM,Nonsense,,Yes,,0.741,0.899,0.783,0.792,0.27,1.24,0.01225848,0.72,44.0,9.17,45.8,3.2,7.18,840.9,66.7,Pathogenic
VAR01509,59.0,Male,,27.6,Former,Moderate,Yes,Lung,BRCA2,Frameshift,,Yes,11.6,,0.479,0.532,0.741,6.2,-2.96,0.00489283,0.889,372.0,0.0,0.0,24.0,14.79,6.8,28.9,VUS
VAR01510,43.0,Female,Black,19.5,Never,None,Yes,Colorectal,BRCA2,Missense,22.0,No,21.08,,0.657,0.227,0.557,,-1.56,0.00565494,,205.0,8.31,,20.7,0.24,,11.2,Benign
VAR01511,70.0,Male,Other,39.0,Never,Moderate,Yes,Breast,TP53,Missense,24.0,Yes,9.38,0.834,1.0,0.0,0.0,-1.03,8.78,0.00235444,0.165,385.0,0.37,23.8,49.2,2.6,37.8,,Benign
VAR01512,37.0,Female,,,Former,Moderate,,Breast,,Missense,,Yes,0.73,0.0,0.0,0.0,0.826,-3.18,4.04,0.00066825,0.307,205.0,1.45,79.1,21.5,0.21,41.3,0.0,Benign
VAR01513,77.0,Female,White,27.8,Never,Moderate,,Lung,ATM,,15.0,No,2.69,,,0.0,0.358,-9.52,-6.99,0.00206514,1.0,401.0,2.68,45.5,22.0,12.52,,24.2,Benign
VAR01514,59.0,Female,Black,24.4,Never,Moderate,Yes,Colorectal,APC,Missense,25.0,No,30.63,0.0,,0.134,0.0,5.51,3.08,2.13e-05,0.914,,1.95,0.0,,2.69,22.9,2.0,Benign
VAR01515,18.0,Male,,26.2,Never,Moderate,Yes,Colorectal,BRCA2,Nonsense,,Yes,41.8,0.888,0.0,0.608,,-3.18,10.0,0.00011472,0.757,251.0,48.15,10.7,,189.46,24.6,76.4,Pathogenic
VAR01516,52.0,Male,White,25.7,Current,Moderate,,Breast,PTEN,Missense,,,6.07,0.655,0.846,0.436,0.103,0.28,8.24,0.5,0.571,408.0,0.0,5.7,1.4,2.35,1321.8,67.0,Pathogenic
VAR01517,64.0,Male,White,27.5,Former,Heavy,,Ovarian,ATM,Missense,,Yes,,0.525,0.957,0.0,0.469,-6.73,10.0,1e-07,0.242,259.0,4.71,24.0,18.6,0.1,45.8,2.4,VUS
VAR01518,53.0,Female,White,27.4,Former,Moderate,No,Lung,CHEK2,Missense,26.0,Yes,12.79,0.036,0.295,0.0,0.0,6.2,5.84,0.5,0.674,425.0,0.0,6.6,5.5,4.9,105.2,0.0,Benign
VAR01519,64.0,Female,Asian,31.5,Current,Moderate,No,Prostate,APC,Missense,6.0,No,0.0,0.434,,1.0,0.0,,-6.1,0.00235422,,402.0,9.59,0.0,31.2,1.08,1.0,0.0,VUS
VAR01520,45.0,Male,White,28.6,Former,None,No,Colorectal,ATM,Synonymous,22.0,Yes,16.48,0.932,,0.0,0.372,1.87,,0.5,,308.0,0.0,0.0,20.0,18.16,13.0,53.2,Benign
VAR01521,39.0,Male,,31.0,,Moderate,No,Colorectal,BRCA2,Missense,,Yes,0.0,0.0,0.0,0.0,0.0,,10.0,9.157e-05,0.02,270.0,4.94,14.9,42.7,0.53,289.7,,Benign
VAR01522,,Female,Hispanic,27.5,Former,,No,Colorectal,TP53,Nonsense,,No,0.0,0.438,0.585,0.187,0.168,-0.1,-1.34,0.00090294,0.02,460.0,0.0,26.8,3.9,,,14.9,Benign
VAR01523,56.0,Male,White,28.7,Current,Moderate,Yes,,PTEN,Missense,12.0,No,1.62,0.729,,0.731,0.133,,-10.1,0.5,0.02,411.0,22.21,,22.7,0.15,17.8,16.7,VUS
VAR01524,51.0,Female,White,26.3,Never,Moderate,Yes,Prostate,BRCA1,Missense,14.0,,,0.003,1.0,0.537,0.0,,,0.00190209,,,0.0,31.5,24.2,47.7,1.0,0.0,Benign
VAR01525,68.0,Female,White,32.5,Former,None,Yes,Breast,PTEN,Splice_site,20.0,Yes,0.18,1.0,1.0,0.507,1.0,6.2,10.0,,0.454,128.0,0.0,100.0,19.2,0.28,29.4,84.9,Pathogenic
VAR01526,45.0,Male,White,29.1,Never,None,No,Lung,MLH1,Frameshift,5.0,,19.62,1.0,0.252,0.0,,-4.09,0.29,,0.02,,0.0,26.7,,0.47,391.1,24.6,Benign
VAR01527,,Female,White,26.7,Former,None,No,Breast,CHEK2,Frameshift,15.0,,19.03,0.847,0.0,0.222,0.0,6.2,5.87,0.00011721,1.0,270.0,13.05,35.1,20.5,12.47,23.5,96.1,VUS
VAR01528,57.0,Female,,26.6,Former,Moderate,No,Breast,PALB2,Missense,,No,6.86,0.679,0.0,0.363,0.06,-4.56,-4.42,0.04444646,0.024,376.0,8.73,0.0,3.0,200.0,58.8,,Benign
VAR01529,36.0,Female,White,27.0,Current,Moderate,No,Breast,APC,Missense,18.0,No,,0.0,0.141,0.224,0.0,5.1,-2.13,0.02462838,0.571,,,49.0,,2.94,8.3,,Benign
VAR01530,39.0,Male,White,27.7,,Heavy,No,,BRCA1,Missense,23.0,No,15.66,0.0,0.652,0.0,0.192,6.2,-10.6,0.26660343,0.021,231.0,14.74,0.0,54.0,0.13,8.2,0.1,Benign
VAR01531,56.0,Female,White,,Never,Moderate,No,Breast,MSH2,Missense,21.0,No,1.07,0.142,0.422,0.0,0.402,-5.6,-5.96,0.00036698,0.683,325.0,0.0,63.0,9.5,0.1,21.2,0.0,Benign
VAR01532,82.0,Male,,24.7,Never,,No,,TP53,Synonymous,,No,0.93,,0.0,0.061,1.0,,9.85,0.0025116,,114.0,2.35,93.7,20.5,18.17,62.6,15.3,Benign
VAR01533,64.0,,White,31.3,Current,Moderate,No,Breast,PALB2,Missense,8.0,No,9.0,0.465,1.0,,0.081,-0.55,-20.0,0.5,0.036,99.0,5.5,,25.4,,123.7,63.9,Benign
VAR01534,34.0,Female,Asian,31.6,Never,Moderate,Yes,Breast,BRCA1,,24.0,,35.09,0.0,0.875,,0.0,6.2,-1.64,0.5,,307.0,8.25,0.0,38.7,24.41,104.9,0.0,Benign
VAR01535,18.0,Female,White,36.4,Never,None,No,Breast,CHEK2,,24.0,,0.0,0.462,1.0,1.0,0.127,-0.62,-2.56,,0.052,612.0,6.68,40.4,35.3,3.5,8.2,0.0,Benign
VAR01536,,Female,White,24.5,Former,Heavy,No,Ovarian,BRCA2,Missense,,,15.89,0.1,0.0,0.059,0.645,-4.68,4.55,0.5,,332.0,9.29,,24.0,,30.8,0.0,Benign
VAR01537,55.0,,Black,,Never,Heavy,No,Prostate,BRCA2,Missense,13.0,Yes,5.75,0.0,1.0,0.0,0.25,2.74,-12.64,3.286e-05,0.02,279.0,12.05,22.2,14.2,7.21,1.0,100.0,Benign
VAR01538,71.0,Female,Black,18.0,Never,None,No,Colorectal,PALB2,,21.0,No,4.53,,,0.384,0.39,-4.27,-4.01,0.008111,0.658,367.0,33.04,,13.3,5.12,34.5,0.0,Benign
VAR01539,,,Black,31.6,,Moderate,No,Breast,ATM,Synonymous,18.0,,0.0,0.04,0.358,,0.359,0.22,-2.91,0.01234124,0.819,384.0,,,30.4,156.3,1.0,0.0,Benign
VAR01540,57.0,Female,White,20.2,Never,None,,Ovarian,PTEN,,24.0,Yes,0.35,,0.052,1.0,0.663,2.73,9.05,1.6e-07,0.234,,0.0,0.0,9.0,,,58.7,Pathogenic
VAR01541,67.0,Male,Black,22.6,Former,Heavy,No,Colorectal,APC,Missense,,,,0.388,0.207,0.303,0.0,2.86,0.74,0.00092256,0.02,,17.54,39.3,0.0,15.78,30.1,27.4,Benign
VAR01542,50.0,,White,,Never,Moderate,No,Breast,ATM,Missense,26.0,,0.0,0.354,0.48,0.001,0.0,-2.05,-9.63,1.2e-07,0.502,147.0,3.71,100.0,17.8,1.91,68.3,48.3,Benign
VAR01543,50.0,Female,,24.4,Never,None,Yes,,CHEK2,Missense,,,24.01,,1.0,0.05,0.0,-2.67,-1.33,0.14985938,0.415,419.0,0.0,,,0.31,1.0,25.3,Benign
VAR01544,,Female,White,23.7,Former,Moderate,Yes,Ovarian,MSH2,,3.0,Yes,,1.0,,0.0,,,,5.2e-07,0.1,268.0,0.0,0.0,15.0,4.54,,0.0,Pathogenic
VAR01545,62.0,Female,Hispanic,25.1,Never,Moderate,No,Colorectal,,,20.0,No,22.17,0.44,1.0,,0.0,3.0,5.28,0.00029791,0.372,372.0,,,,0.1,15.2,,VUS
VAR01546,56.0,Female,Black,31.1,Former,None,No,Lung,MSH2,Missense,26.0,No,0.0,0.642,0.742,0.001,0.821,0.63,,9.948e-05,,436.0,8.57,0.0,23.6,,293.8,,Benign
VAR01547,69.0,Female,Black,22.8,Never,Moderate,No,Colorectal,MLH1,Missense,,No,0.0,0.327,0.496,0.802,0.0,-8.26,10.0,0.15265873,0.353,286.0,16.3,19.3,17.7,4.72,646.6,53.7,Benign
VAR01548,50.0,Female,White,27.2,Never,Moderate,Yes,Breast,MSH2,,5.0,No,0.0,,1.0,0.0,0.082,3.33,-3.38,0.00714444,0.286,159.0,0.0,0.0,,0.76,1.0,34.4,Benign
VAR01549,39.0,Female,Black,25.6,Former,Moderate,Yes,Breast,PTEN,Missense,24.0,No,14.88,0.029,0.728,0.172,0.0,-1.64,-2.78,3.84e-06,0.908,295.0,0.0,0.0,14.7,5.16,2000.0,74.6,Benign
VAR01550,78.0,Female,Hispanic,31.6,Former,Moderate,No,Prostate,PALB2,Missense,3.0,Yes,39.27,0.296,0.0,1.0,0.531,6.07,3.15,1.33e-06,0.627,,5.87,51.0,0.0,47.13,,42.9,Pathogenic
VAR01551,48.0,Male,White,31.7,,None,No,,BRCA1,Missense,18.0,,3.03,0.528,0.171,0.901,0.069,-7.89,-0.42,7.31e-06,,374.0,0.0,0.0,8.0,3.21,80.7,62.5,Benign
VAR01552,49.0,Male,White,18.3,Never,None,,Lung,CHEK2,Missense,4.0,No,17.31,0.316,1.0,0.642,0.0,1.76,6.1,0.0028175,1.0,257.0,0.0,0.0,7.4,2.0,8.1,,Benign
VAR01553,55.0,Female,White,32.7,Never,Moderate,,Prostate,PALB2,Missense,18.0,No,8.2,0.542,0.0,,0.291,1.38,-1.99,0.11824581,0.02,251.0,0.0,30.3,22.1,1.07,65.3,84.7,Benign
VAR01554,,,White,24.4,Never,None,,Colorectal,BRCA1,Splice_site,4.0,Yes,6.99,0.499,0.0,0.23,0.164,3.76,4.01,7.45e-06,0.02,278.0,8.58,100.0,23.0,2.87,100.5,32.2,Pathogenic
VAR01555,51.0,Male,Hispanic,28.7,,Moderate,No,Breast,,,11.0,No,13.96,0.398,0.0,0.568,0.0,-3.53,3.05,0.02911844,0.733,361.0,14.6,60.7,17.4,155.2,150.8,,Benign
VAR01556,56.0,Female,White,,Never,Heavy,No,Lung,CHEK2,Missense,,No,3.27,0.0,,0.0,0.0,5.81,-5.16,0.5,,419.0,2.57,16.4,1.4,0.46,,0.0,Benign
VAR01557,55.0,Female,Hispanic,29.4,Current,Moderate,No,Breast,PTEN,Synonymous,25.0,,0.0,0.0,,0.239,,-2.9,,2.479e-05,0.799,577.0,0.0,100.0,0.0,0.65,73.1,71.4,Benign
VAR01558,58.0,Male,,40.3,Former,,No,Lung,PALB2,Missense,20.0,No,1.85,0.0,0.0,0.309,0.0,4.64,-1.58,0.00021151,0.252,532.0,2.15,0.0,,17.87,115.9,75.7,Benign
VAR01559,25.0,,Black,28.1,Never,Moderate,No,Ovarian,,Synonymous,26.0,No,,0.406,0.124,0.334,0.079,5.26,-4.89,1e-07,0.051,305.0,,42.2,6.7,0.49,,0.0,Benign
VAR01560,76.0,Female,Black,25.2,,Heavy,Yes,Breast,BRCA2,Nonsense,15.0,Yes,,0.56,0.062,,0.619,1.01,,3e-07,0.02,241.0,23.22,100.0,16.8,31.32,20.7,,Pathogenic
VAR01561,54.0,Female,Black,26.3,Never,Moderate,Yes,Breast,BRCA2,Missense,7.0,Yes,4.08,0.0,0.69,0.737,0.148,3.9,-6.14,7.896e-05,0.02,251.0,26.79,,13.3,0.34,,0.0,Benign
VAR01562,64.0,,White,,,None,No,Ovarian,MSH2,Frameshift,12.0,No,6.82,0.0,,0.0,0.125,-1.46,,0.10053733,,176.0,,,37.5,2.4,,0.0,Benign
VAR01563,34.0,Male,,34.7,Former,Moderate,Yes,Colorectal,MLH1,Missense,14.0,Yes,14.85,,0.0,1.0,0.0,,5.92,3.391e-05,0.335,334.0,22.25,11.5,27.2,,663.6,41.3,Pathogenic
VAR01564,50.0,Male,Hispanic,29.1,Current,None,No,Breast,BRCA2,Synonymous,16.0,,16.3,,0.629,0.091,0.093,,-0.99,0.5,1.0,211.0,0.0,3.7,9.1,0.19,992.6,6.9,Benign
VAR01565,47.0,Female,Other,22.3,Never,None,,Breast,,Missense,25.0,Yes,6.2,,1.0,1.0,0.0,-0.02,-8.52,0.00014843,0.121,198.0,9.03,35.2,31.3,11.45,26.7,0.0,Benign
VAR01566,75.0,,White,22.4,Never,None,No,Ovarian,CHEK2,Synonymous,25.0,No,1.32,0.562,0.961,0.96,0.0,0.85,-0.53,0.02353303,0.404,205.0,,0.0,0.0,16.3,26.5,,Benign
VAR01567,48.0,Male,Asian,27.6,Never,,,,BRCA1,Missense,3.0,No,,,0.327,1.0,0.0,,-8.98,0.16359926,0.58,418.0,19.31,0.0,20.2,1.41,25.0,89.2,Pathogenic
VAR01568,65.0,Male,Other,32.2,Never,Moderate,No,,PALB2,Missense,22.0,No,33.41,,0.876,1.0,0.0,3.62,-5.37,,0.253,311.0,0.0,26.0,,,1.0,73.0,VUS
VAR01569,44.0,Male,White,21.7,Current,Heavy,,Lung,APC,Missense,9.0,Yes,0.0,0.0,,,1.0,1.12,10.0,2.932e-05,0.365,170.0,11.17,0.0,27.6,3.44,4.9,57.1,Pathogenic
VAR01570,49.0,,Hispanic,33.1,Former,Moderate,No,Colorectal,PALB2,,16.0,No,34.67,,0.0,,0.577,-0.68,,0.00022475,0.943,417.0,,8.7,14.4,2.46,,,VUS
VAR01571,49.0,Female,Black,27.0,Former,Moderate,Yes,Colorectal,MSH2,Frameshift,26.0,Yes,,0.715,0.746,0.304,0.779,6.2,9.16,5.1e-06,0.598,451.0,21.23,0.0,17.9,22.25,301.6,52.1,Pathogenic
VAR01572,73.0,Male,White,22.8,Former,None,Yes,Breast,MLH1,Nonsense,24.0,No,0.0,0.0,0.774,0.34,0.0,-1.38,,0.03467359,0.824,269.0,,0.0,43.7,32.83,,13.2,Benign
VAR01573,,Male,,25.2,Never,None,Yes,Breast,,Splice_site,14.0,Yes,18.49,0.098,0.213,0.802,0.307,1.85,5.03,,1.0,234.0,6.62,73.5,8.5,0.1,,47.1,VUS
VAR01574,35.0,Male,White,,Former,None,,Breast,PTEN,Nonsense,2.0,Yes,14.03,1.0,,0.877,1.0,0.97,10.0,2.3e-07,,224.0,0.0,42.2,9.3,0.1,27.4,0.0,Benign
VAR01575,,Male,Hispanic,20.6,,Heavy,No,Prostate,PTEN,,26.0,No,0.0,,0.698,0.0,0.0,-1.59,3.04,4.552e-05,0.285,349.0,2.49,8.8,,0.16,9.8,8.1,Benign
VAR01576,,Female,White,23.8,Never,,No,Colorectal,MLH1,,25.0,Yes,36.33,0.667,0.171,0.914,0.455,-0.95,0.34,0.5,0.407,420.0,20.4,,22.9,15.4,,0.0,VUS
VAR01577,45.0,Male,Hispanic,,Never,Moderate,Yes,Breast,,Frameshift,11.0,No,10.52,0.0,0.408,0.0,0.813,3.82,-0.31,4.36e-06,0.142,339.0,10.12,31.2,,3.9,24.1,10.0,Benign
VAR01578,34.0,,Black,28.6,Former,None,,Colorectal,APC,Synonymous,4.0,,,,0.09,0.139,0.0,-0.36,-2.58,,0.215,172.0,24.93,3.4,35.1,0.1,,43.4,VUS
VAR01579,46.0,Female,Black,23.5,Current,Moderate,,Breast,,Missense,15.0,No,18.62,0.0,0.588,0.286,0.103,-4.43,4.45,0.02628974,0.939,437.0,,0.0,21.4,144.51,3.3,0.0,Benign
VAR01580,30.0,Male,White,,Never,Moderate,No,Colorectal,CHEK2,Missense,22.0,No,16.32,0.0,0.118,,0.032,-0.42,6.88,,0.392,314.0,5.23,,28.0,8.13,,,Benign
VAR01581,39.0,Male,White,32.6,Current,Heavy,Yes,,ATM,Missense,13.0,Yes,4.62,0.635,0.0,0.151,0.077,-1.55,-2.32,1e-07,1.0,298.0,,,31.4,2.88,366.2,47.9,Pathogenic
VAR01582,72.0,Male,White,29.2,Current,None,Yes,Prostate,,Missense,,,,0.0,0.682,0.0,0.365,-3.39,-4.95,0.5,0.179,367.0,0.0,74.3,28.5,7.07,27.1,35.1,Benign
VAR01583,61.0,Female,,24.4,Current,,No,Lung,,Missense,13.0,No,17.77,0.0,1.0,0.48,0.0,6.2,-1.66,0.00679732,0.983,435.0,21.98,0.0,19.6,1.28,86.2,31.6,Benign
VAR01584,58.0,Female,,25.2,Never,None,,,APC,,14.0,,0.0,0.663,0.16,,0.366,-4.45,-4.55,0.00013738,1.0,195.0,,49.5,31.7,24.37,,0.0,Benign
VAR01585,39.0,Female,White,28.9,Never,Moderate,,Breast,CHEK2,Splice_site,25.0,Yes,32.49,0.396,0.0,0.0,0.63,,,1e-07,0.485,172.0,,48.8,33.6,,,0.0,Pathogenic
VAR01586,,Male,,20.9,Former,None,,Lung,TP53,Missense,,No,0.0,0.535,0.0,0.567,0.417,6.2,2.88,1e-07,,315.0,39.37,,40.0,66.12,48.2,0.0,Benign
VAR01587,41.0,Male,Black,34.1,Never,Moderate,Yes,Prostate,PALB2,,19.0,,,0.469,0.0,0.174,0.0,1.63,8.69,0.13340071,0.721,316.0,1.42,30.2,63.0,6.84,8.1,0.0,Benign
VAR01588,55.0,Male,,36.0,Never,Moderate,Yes,Ovarian,MLH1,Missense,11.0,No,0.0,0.103,0.0,0.0,,-1.82,-2.6,2.228e-05,0.116,419.0,,48.0,4.0,3.11,25.6,49.0,Benign
VAR01589,67.0,Female,White,26.3,Former,Moderate,No,Prostate,BRCA2,Missense,26.0,Yes,24.42,0.0,1.0,0.0,0.471,-8.54,-2.89,0.00055351,,459.0,0.0,79.1,31.3,21.61,35.2,45.8,Benign
VAR01590,,Female,Asian,29.3,Never,Moderate,Yes,Pancreatic,TP53,Frameshift,7.0,Yes,24.16,,,0.987,0.0,5.56,8.63,1e-07,0.179,265.0,10.07,1.0,21.7,176.03,135.8,33.7,Benign
VAR01591,,Male,White,33.4,Never,None,No,Lung,PTEN,Synonymous,9.0,No,0.0,0.0,0.775,,,-2.99,0.26,0.05219613,0.131,356.0,0.0,,25.6,1.42,37.5,6.6,Benign
VAR01592,46.0,Female,Asian,,,Moderate,No,Breast,APC,Missense,23.0,Yes,0.0,0.0,0.42,0.421,,3.04,-9.23,0.02261347,0.136,371.0,0.0,,35.6,52.45,1.0,0.0,Benign
VAR01593,53.0,Male,Black,35.3,Never,None,Yes,,PALB2,Missense,27.0,Yes,37.58,0.765,0.443,1.0,0.71,0.82,-0.34,0.00074098,0.579,381.0,0.0,0.0,26.0,1.35,1444.4,0.0,VUS
VAR01594,,Male,White,18.8,Current,None,No,Lung,CHEK2,Splice_site,22.0,Yes,1.84,0.732,0.988,,0.204,2.88,-0.14,0.03564966,0.532,142.0,0.0,51.9,2.8,0.57,27.9,42.8,VUS
VAR01595,53.0,,Asian,25.9,Never,None,Yes,Prostate,ATM,Splice_site,20.0,Yes,24.7,0.111,0.535,,,6.2,,4.424e-05,0.083,377.0,28.41,52.8,12.6,5.38,888.1,1.3,Benign
VAR01596,78.0,Female,Asian,30.0,Never,None,Yes,Breast,TP53,Frameshift,,Yes,31.36,0.503,,0.491,0.298,6.2,,1e-07,,229.0,17.25,59.1,32.3,1.06,5.4,39.0,Pathogenic
VAR01597,33.0,,Black,,,None,No,Ovarian,,,4.0,No,0.0,0.0,1.0,0.743,0.572,-5.5,-6.12,0.00108704,0.02,383.0,19.32,3.8,8.0,,,43.6,Benign
VAR01598,53.0,Male,White,36.4,Never,Moderate,No,Breast,,Missense,19.0,,8.41,0.0,1.0,0.343,0.009,,-4.29,0.04650388,0.839,193.0,,0.0,2.2,1.65,11.1,34.9,Benign
VAR01599,72.0,Male,White,,Never,None,No,Colorectal,APC,Missense,12.0,No,8.74,0.464,,0.0,0.0,4.88,6.0,0.00462649,0.642,326.0,0.0,0.0,16.5,,6.6,,Benign
VAR01600,,Male,White,23.4,Former,Moderate,Yes,Lung,TP53,Missense,17.0,No,0.0,0.47,0.0,0.598,0.728,-5.48,-1.11,1e-07,0.241,286.0,0.0,29.3,0.0,0.1,52.5,,VUS
VAR01601,48.0,Female,Hispanic,26.7,Current,None,Yes,Colorectal,BRCA2,Synonymous,,No,8.13,0.17,0.489,0.429,0.387,6.2,2.81,0.00347407,0.269,554.0,0.0,6.5,8.3,15.28,263.3,0.0,Benign
VAR01602,49.0,Male,White,23.8,Never,,No,Colorectal,MLH1,Missense,14.0,,,0.467,0.637,1.0,0.0,1.14,-0.65,8.88e-06,0.071,221.0,20.24,0.0,56.9,1.45,526.9,0.0,Benign
VAR01603,53.0,Male,,,Never,None,No,Lung,BRCA2,Missense,7.0,No,25.77,0.18,0.0,0.829,0.0,,0.75,0.00284594,0.02,213.0,0.0,7.1,12.2,,5.8,0.0,Benign
VAR01604,35.0,Female,,,Former,None,Yes,Colorectal,PTEN,Missense,18.0,No,25.08,0.0,0.58,0.0,,,-2.06,0.5,0.02,481.0,,0.0,,0.42,,,Benign
VAR01605,64.0,Male,,32.3,Never,,No,Lung,APC,Missense,26.0,No,45.63,0.0,0.0,,0.0,0.71,7.58,,0.02,413.0,0.0,0.0,7.1,3.04,119.6,0.0,Benign
VAR01606,,,White,23.1,Never,Heavy,,Breast,ATM,Synonymous,2.0,,,,1.0,0.53,,-2.61,-7.95,,0.791,346.0,,53.0,,,1.6,26.1,VUS
VAR01607,63.0,Female,,16.0,Never,Heavy,No,Breast,BRCA2,Missense,26.0,Yes,16.72,0.0,,0.332,0.0,6.2,,6.87e-06,0.785,263.0,0.0,0.0,,8.81,94.0,90.1,Benign
VAR01608,45.0,Female,Asian,19.5,Never,None,No,Prostate,BRCA2,,,Yes,0.0,,0.149,0.04,0.13,6.2,7.0,0.5,0.02,189.0,23.18,31.8,36.2,200.0,10.2,0.0,Benign
VAR01609,57.0,Male,White,22.4,Never,Heavy,,Colorectal,APC,Synonymous,1.0,,37.68,,0.612,1.0,0.0,,,0.28875831,0.643,268.0,0.54,0.0,16.2,4.02,6.2,,Benign
VAR01610,44.0,Female,White,24.2,Never,Moderate,,Breast,ATM,Missense,,No,,0.0,0.673,0.0,0.0,-7.53,,0.00045932,0.02,256.0,39.92,29.3,13.6,0.69,1.0,22.2,Benign
VAR01611,51.0,Female,White,28.4,Former,Heavy,,Colorectal,CHEK2,Missense,4.0,No,40.66,0.0,0.692,1.0,0.222,2.79,7.6,0.00911229,0.702,238.0,24.06,0.0,19.3,,,,VUS
VAR01612,84.0,Male,,22.1,Never,None,,Lung,BRCA2,Missense,22.0,,,0.0,0.584,0.0,0.482,2.47,3.41,4.802e-05,0.385,259.0,,8.7,22.1,0.64,317.5,53.3,Benign
VAR01613,57.0,,Black,21.4,Never,None,No,Breast,APC,Missense,8.0,No,,0.0,,,0.0,-2.71,5.81,1.5e-07,0.131,254.0,6.96,0.0,26.1,0.94,1.0,32.7,Benign
VAR01614,41.0,Male,White,22.9,Never,,No,Colorectal,CHEK2,Missense,2.0,No,24.32,0.458,0.0,,0.343,2.2,8.02,0.5,0.537,,25.19,,9.5,0.59,36.3,25.2,Benign
VAR01615,58.0,Male,Other,21.9,Never,Moderate,Yes,Breast,BRCA1,Missense,23.0,No,15.19,0.361,0.487,0.0,0.0,-6.04,-8.61,,0.916,162.0,,0.0,5.8,18.25,61.8,82.6,Benign
VAR01616,38.0,Female,Other,24.7,Current,None,No,Prostate,BRCA1,Missense,15.0,,1.51,0.0,1.0,,0.0,6.2,-2.41,0.5,0.02,359.0,14.4,13.9,0.0,15.45,5.0,0.0,Benign
VAR01617,36.0,,Hispanic,24.5,Former,None,Yes,Colorectal,PTEN,Frameshift,17.0,Yes,25.86,0.158,0.0,1.0,0.568,-2.18,0.98,0.00036593,0.998,345.0,42.6,0.0,11.4,3.45,116.4,6.3,Pathogenic
VAR01618,41.0,Male,Hispanic,30.9,Current,Moderate,Yes,Prostate,BRCA1,Synonymous,23.0,No,17.86,0.881,0.524,0.0,0.13,2.86,4.12,3.02e-06,,308.0,10.88,0.0,0.0,0.14,,25.1,VUS
VAR01619,49.0,Female,White,,Never,Heavy,No,Lung,TP53,Missense,16.0,No,18.53,0.526,,0.95,,5.13,8.38,0.01301738,0.989,389.0,0.0,8.4,0.0,0.45,34.5,46.4,VUS
VAR01620,68.0,Female,Black,25.7,Never,Moderate,No,Prostate,BRCA1,Missense,22.0,,,,1.0,0.976,0.0,,-15.31,0.04935151,0.714,363.0,8.42,,17.6,2.25,70.5,,Benign
VAR01621,64.0,Male,,24.8,Never,,,Ovarian,BRCA1,,17.0,Yes,17.0,0.72,0.69,0.999,0.0,6.2,-9.53,0.5,,327.0,22.42,0.0,32.5,28.97,9.6,,Benign
VAR01622,63.0,Male,,31.5,,None,No,Breast,APC,Missense,1.0,,0.0,,0.0,0.371,0.315,-7.8,-12.63,0.00015925,0.106,437.0,10.4,,15.9,0.1,132.9,66.7,Benign
VAR01623,42.0,Male,White,26.7,Former,Heavy,Yes,Prostate,MSH2,Missense,26.0,No,19.71,0.325,1.0,0.0,0.0,0.36,-5.02,0.00067755,0.552,45.0,,64.6,57.9,4.13,1.0,49.2,Benign
VAR01624,45.0,Female,,32.8,Never,None,Yes,Prostate,PALB2,Nonsense,26.0,Yes,,,0.0,0.71,0.069,-2.87,6.29,2.894e-05,0.918,557.0,11.81,23.0,27.5,20.57,266.9,28.9,Pathogenic
VAR01625,60.0,Male,,21.7,Never,None,No,Prostate,BRCA2,,8.0,No,1.91,0.0,0.885,0.351,0.235,,10.0,0.00278289,,445.0,26.77,0.0,25.7,10.75,,81.2,Benign
VAR01626,44.0,Male,Black,27.3,Never,Moderate,No,Pancreatic,TP53,Missense,,Yes,23.43,0.066,0.545,0.968,,2.55,,1e-07,0.684,506.0,0.0,,1.6,,6.4,36.0,Benign
VAR01627,48.0,,Black,24.6,,None,Yes,Colorectal,,,4.0,Yes,,1.0,1.0,0.7,1.0,2.28,10.0,,0.252,220.0,0.0,17.4,,46.13,6.0,41.6,Benign
VAR01628,,Male,White,,Never,Moderate,No,Colorectal,MSH2,Frameshift,8.0,No,49.83,0.222,0.304,1.0,0.0,6.2,7.53,,0.483,324.0,0.0,7.1,32.4,,,0.0,VUS
VAR01629,51.0,Male,,27.2,Former,Moderate,No,Prostate,CHEK2,Missense,17.0,No,11.43,0.21,0.574,0.071,0.0,,3.79,0.00596552,0.319,351.0,22.05,26.9,4.9,11.96,46.8,28.1,Benign
VAR01630,59.0,Female,White,36.2,Current,None,Yes,Breast,ATM,Synonymous,10.0,,,0.389,0.0,0.955,0.723,-6.57,,1.91e-06,0.02,276.0,0.0,,22.7,0.1,1.0,92.1,Benign
VAR01631,77.0,Female,Hispanic,23.2,,,No,,BRCA1,,,No,0.0,0.171,0.326,0.252,0.87,-1.46,-8.67,,,337.0,7.69,19.0,49.5,0.97,10.6,90.6,Benign
VAR01632,50.0,Female,,26.9,Never,None,No,Prostate,BRCA2,Nonsense,3.0,Yes,41.15,0.71,0.0,,0.412,5.32,2.2,1e-07,0.366,346.0,19.95,17.5,26.7,10.27,1.0,38.2,Benign
VAR01633,71.0,Female,,20.9,Never,None,No,Colorectal,TP53,Nonsense,20.0,No,4.93,0.1,,0.472,0.504,2.79,-6.22,0.00058228,0.928,185.0,6.02,14.4,37.3,0.88,,0.0,Benign
VAR01634,63.0,Female,Black,,Never,Heavy,,Ovarian,,Missense,17.0,No,,0.398,0.295,0.465,0.366,5.75,4.27,0.00715035,,399.0,0.0,,15.9,0.29,16.9,,Benign
VAR01635,37.0,Female,Black,23.6,Former,Moderate,No,Lung,,,25.0,Yes,22.98,,0.935,,0.0,-9.28,-5.51,0.10169955,,390.0,7.83,,0.0,0.64,81.6,72.9,Benign
VAR01636,42.0,Male,Hispanic,,,,No,Prostate,APC,Missense,22.0,No,26.42,0.0,0.276,0.496,0.236,6.2,-1.17,0.5,0.814,243.0,,83.5,30.7,9.93,19.5,25.9,Benign
VAR01637,45.0,,Black,25.5,Current,None,No,Breast,ATM,Missense,25.0,No,0.0,0.0,0.783,0.561,0.0,-3.22,-4.02,0.08638209,0.608,,8.04,0.0,19.2,1.96,908.2,48.7,Benign
VAR01638,,Female,Asian,26.4,Current,Moderate,No,Ovarian,PALB2,Missense,22.0,No,0.0,,,1.0,0.0,-0.77,9.17,6.43e-06,0.341,331.0,0.0,31.9,26.3,2.27,,44.8,Benign
VAR01639,51.0,,White,19.3,,Moderate,No,Lung,CHEK2,Nonsense,6.0,Yes,,0.189,0.0,0.937,0.662,4.91,2.03,0.00011764,0.02,227.0,17.65,69.2,22.9,11.2,1.0,95.6,Pathogenic
VAR01640,64.0,Female,White,24.4,,Heavy,No,Prostate,BRCA1,Splice_site,12.0,No,0.0,0.568,0.2,0.0,,-9.38,,0.00050111,0.283,350.0,5.3,0.0,,4.36,82.0,51.2,Benign
VAR01641,72.0,Male,Other,30.0,Former,None,No,Lung,,Missense,19.0,No,0.0,0.174,0.564,0.0,0.0,-0.62,4.32,0.00024279,0.243,233.0,0.0,19.5,,61.82,27.7,0.1,VUS
VAR01642,60.0,Female,White,,,Moderate,No,Colorectal,BRCA1,,27.0,No,,0.497,,1.0,,,,0.00232074,0.304,485.0,13.73,72.5,10.6,29.38,,24.0,Benign
VAR01643,50.0,Female,Hispanic,25.7,Never,None,,Breast,PALB2,Missense,24.0,Yes,24.48,0.355,,0.0,0.0,3.37,9.01,0.00538182,0.254,244.0,3.94,7.9,3.5,6.06,241.1,,Benign
VAR01644,29.0,,,,Current,Moderate,No,Colorectal,PTEN,Missense,,Yes,18.24,0.298,0.573,,0.0,-1.78,2.1,0.5,0.813,222.0,10.45,71.1,36.1,1.38,139.7,54.0,Benign
VAR01645,57.0,Female,,23.6,Never,Moderate,No,Prostate,ATM,Missense,3.0,No,46.71,0.0,0.787,0.214,0.0,1.47,1.89,0.04142086,,323.0,8.74,14.3,,42.78,2.2,38.0,Benign
VAR01646,56.0,,White,29.2,Never,Moderate,No,Ovarian,MSH2,Missense,,No,0.0,0.214,0.54,0.0,0.351,2.6,5.7,3.13e-06,0.145,144.0,20.03,35.7,19.3,86.22,35.3,39.6,Benign
VAR01647,58.0,Male,Black,19.9,Current,,No,Ovarian,TP53,Missense,18.0,No,28.94,0.296,0.0,0.63,0.0,-0.68,3.07,5.2e-07,0.02,,14.05,55.4,6.0,0.1,752.9,32.0,Benign
VAR01648,,Female,Hispanic,31.9,Never,,No,Ovarian,APC,Synonymous,,,15.77,1.0,0.785,0.584,0.0,2.74,5.16,0.09839898,0.02,138.0,,0.0,,2.13,,0.0,Benign
VAR01649,,Male,,29.3,,None,Yes,,PALB2,Missense,8.0,No,0.0,0.023,0.0,0.0,0.761,,4.63,0.05245688,0.872,343.0,0.0,,30.8,1.71,1.0,39.5,Benign
VAR01650,66.0,,White,27.8,Never,Moderate,No,Ovarian,,Synonymous,,Yes,5.69,0.513,0.0,0.989,0.248,-3.8,-1.9,0.5,0.752,422.0,,0.0,4.1,,48.0,0.0,Benign
VAR01651,43.0,Male,,33.1,Never,None,No,Lung,BRCA1,Synonymous,23.0,No,0.0,0.124,0.0,0.0,0.416,,-7.4,0.00144129,0.02,273.0,0.0,67.6,22.1,0.9,8.5,0.0,Benign
VAR01652,49.0,Female,,25.9,,Moderate,No,Colorectal,PALB2,,23.0,No,12.07,0.0,0.471,0.0,0.295,-10.49,-0.94,,0.02,458.0,0.0,3.8,,1.15,19.7,61.4,Benign
VAR01653,55.0,Male,White,24.4,Never,None,No,Lung,CHEK2,Synonymous,,No,23.54,0.576,,1.0,0.435,3.65,-12.47,0.03712804,0.102,226.0,20.62,3.2,23.9,23.95,1.7,3.1,Benign
VAR01654,46.0,Male,Other,34.4,Never,Moderate,Yes,Colorectal,BRCA1,,,No,2.2,1.0,0.0,,0.223,0.88,-4.47,3.9e-07,1.0,269.0,0.0,0.0,10.9,0.14,41.4,0.0,Benign
VAR01655,59.0,Female,White,36.7,Former,Moderate,,Prostate,BRCA2,Missense,11.0,Yes,41.36,0.899,0.226,1.0,0.645,3.79,3.38,1e-07,,418.0,27.29,35.1,9.9,8.58,9.8,28.1,Benign
VAR01656,61.0,Male,White,24.0,Never,None,No,,PALB2,Synonymous,18.0,No,,0.0,,1.0,0.093,4.12,8.35,0.15956179,0.251,,0.0,40.3,48.6,,131.4,46.7,Benign
VAR01657,42.0,Female,White,26.9,Former,None,Yes,Breast,MSH2,Missense,19.0,,,0.393,0.921,0.0,0.0,2.26,-0.78,0.02016536,0.297,,2.32,20.4,5.9,33.81,497.3,0.0,Benign
VAR01658,72.0,Male,White,32.7,Former,None,No,Ovarian,,Synonymous,21.0,No,0.0,0.307,0.193,0.023,0.412,5.34,10.0,0.5,0.02,442.0,6.33,100.0,3.2,3.17,28.7,60.8,Benign
VAR01659,55.0,Male,White,27.1,Former,None,Yes,Pancreatic,BRCA1,Splice_site,16.0,Yes,20.29,1.0,0.186,1.0,0.197,,6.87,0.5,0.338,314.0,30.48,12.0,0.0,28.94,3.0,75.2,VUS
VAR01660,34.0,Female,Hispanic,30.5,Former,Moderate,,Lung,BRCA1,Synonymous,25.0,Yes,19.17,,,,0.089,,-10.09,,,353.0,18.29,0.0,17.4,,2.9,56.6,Benign
VAR01661,,Female,Black,31.4,Current,None,No,Lung,BRCA1,Missense,4.0,Yes,0.0,0.0,,,0.195,-2.77,7.4,0.00034387,0.184,245.0,,12.4,0.0,0.1,28.1,43.1,Benign
VAR01662,56.0,,Hispanic,24.7,Never,None,No,Ovarian,PALB2,Frameshift,15.0,Yes,7.37,1.0,0.0,0.999,0.641,6.2,10.0,1e-07,0.417,532.0,4.41,52.3,,1.68,88.4,,Pathogenic
VAR01663,65.0,Female,White,29.6,,None,Yes,Breast,TP53,Nonsense,7.0,Yes,27.58,1.0,0.526,1.0,0.024,1.54,,4.67e-05,0.658,,13.98,0.0,0.0,189.72,11.1,42.0,Pathogenic
VAR01664,48.0,Female,Black,27.5,Current,None,No,Pancreatic,BRCA2,Nonsense,15.0,Yes,21.5,1.0,0.05,0.477,0.535,1.33,10.0,1e-07,0.048,297.0,44.79,93.0,,17.21,24.7,68.9,Pathogenic
VAR01665,63.0,Female,Asian,21.4,Former,None,Yes,Colorectal,ATM,,24.0,,25.29,,0.0,1.0,0.021,3.47,10.0,1e-07,0.66,343.0,,27.2,61.1,200.0,167.8,21.2,Pathogenic
VAR01666,57.0,Male,Asian,22.6,Never,,No,Lung,CHEK2,Missense,24.0,No,7.14,0.836,0.364,0.564,,6.2,-11.45,0.00148345,0.058,393.0,0.0,95.8,41.4,80.68,325.5,48.8,VUS
VAR01667,39.0,Female,Asian,24.2,Former,None,,,MLH1,Missense,,Yes,42.02,,1.0,0.0,0.368,,,,0.14,392.0,0.0,74.0,0.0,0.7,17.8,,Benign
VAR01668,38.0,Male,,,Former,,No,Lung,,Synonymous,14.0,No,0.73,0.064,,0.0,0.796,4.53,6.17,0.00192405,0.191,22.0,1.99,45.8,22.2,0.16,81.3,0.0,Benign
VAR01669,71.0,Male,,32.3,Never,Moderate,No,Breast,MLH1,Missense,19.0,No,17.22,0.241,0.572,0.0,0.283,1.06,-0.92,0.00078128,,514.0,9.04,17.1,26.3,26.23,18.0,0.0,Benign
VAR01670,72.0,,Hispanic,31.2,,,No,Breast,PTEN,Synonymous,13.0,No,16.17,0.127,0.542,0.312,0.403,3.09,9.54,4.74e-06,0.393,497.0,0.0,,4.2,22.53,39.2,21.7,Benign
VAR01671,60.0,Female,Hispanic,29.7,Former,Moderate,,Breast,,,1.0,Yes,0.0,,0.0,0.458,0.0,3.23,6.2,1e-07,0.319,,17.89,0.0,33.0,2.7,3.7,,Benign
VAR01672,74.0,Female,Black,29.6,Never,Moderate,,Pancreatic,APC,Missense,8.0,,36.22,0.37,0.666,0.491,0.371,-1.53,6.96,0.0221992,0.317,336.0,0.0,0.0,0.0,0.14,,,VUS
VAR01673,70.0,Male,Other,28.9,Never,Moderate,No,Prostate,PALB2,Missense,21.0,No,17.86,0.037,0.148,,0.0,3.18,,,,457.0,22.79,0.0,0.0,0.81,,0.0,Benign
VAR01674,65.0,Male,White,29.5,Never,None,No,Ovarian,BRCA1,Missense,2.0,No,,0.097,0.0,0.27,0.545,0.48,-4.88,0.01705895,0.02,349.0,,30.1,39.0,3.55,44.6,39.5,Benign
VAR01675,44.0,Female,Hispanic,29.9,,Moderate,No,Prostate,BRCA1,Synonymous,18.0,Yes,24.65,0.178,,0.6,0.0,-1.34,-1.68,,0.02,,0.0,,32.2,12.69,50.8,30.7,Benign
VAR01676,79.0,Female,Black,20.5,Never,,No,Breast,APC,Missense,13.0,No,7.25,0.0,0.0,,,-1.12,10.0,0.001633,0.346,397.0,0.0,0.0,55.0,0.31,2.1,40.2,Benign
VAR01677,63.0,Female,Hispanic,23.5,Former,Moderate,No,Breast,APC,Missense,12.0,No,,0.646,,0.568,0.357,,-1.93,0.00631778,0.061,380.0,0.0,,19.9,21.71,41.9,100.0,Benign
VAR01678,,Male,Hispanic,22.4,Never,None,No,Breast,PALB2,Synonymous,20.0,No,0.0,0.338,0.048,0.0,0.746,-0.78,7.17,0.00084867,0.541,433.0,4.92,,49.9,13.31,1.0,0.0,Benign
VAR01679,,Female,White,33.0,Current,Moderate,No,Prostate,MSH2,Missense,7.0,No,20.88,0.0,0.337,0.0,0.484,0.46,-0.97,,,83.0,5.55,79.2,,13.71,90.2,47.1,Benign
VAR01680,59.0,Female,White,35.8,Former,Moderate,No,Breast,ATM,Missense,7.0,Yes,,0.558,0.978,0.372,0.0,4.3,-3.52,2.48e-06,0.02,,,0.0,42.5,8.65,,23.4,VUS
VAR01681,30.0,Male,White,16.7,Former,None,Yes,Breast,,Missense,5.0,,,0.549,,1.0,0.034,6.2,-0.24,0.5,0.47,186.0,6.47,100.0,55.4,0.1,11.0,68.2,Benign
VAR01682,65.0,Female,Hispanic,,,,No,Breast,MLH1,,3.0,Yes,0.0,0.0,0.674,0.055,0.0,3.09,3.76,0.5,0.792,,,42.4,5.4,4.79,10.1,0.0,Benign
VAR01683,42.0,,Hispanic,27.9,Never,,No,Ovarian,BRCA1,Synonymous,,No,10.85,,1.0,0.755,0.222,2.39,,0.5,0.535,,0.0,0.0,0.0,1.38,243.1,0.0,VUS
VAR01684,61.0,Female,Hispanic,32.6,Former,,,Colorectal,BRCA2,Missense,3.0,No,4.09,0.831,0.0,0.363,0.007,,3.36,0.5,0.02,289.0,19.02,0.0,25.8,8.37,2.4,81.8,Benign
VAR01685,49.0,Male,Hispanic,30.0,Never,None,Yes,,ATM,Missense,18.0,No,0.0,,0.742,0.0,0.0,6.2,1.88,0.00051985,,423.0,19.22,36.7,25.4,0.1,57.2,87.3,Benign
VAR01686,53.0,Female,Black,34.7,Never,None,No,,BRCA1,Synonymous,9.0,No,13.64,0.0,0.704,1.0,0.58,-2.72,-6.95,0.00090101,0.141,464.0,9.68,0.0,19.0,0.1,2.9,93.1,Benign
VAR01687,46.0,Male,White,28.5,Never,Heavy,No,Pancreatic,PALB2,Synonymous,10.0,No,32.78,0.02,0.954,0.0,0.589,-2.57,0.29,0.00255287,0.273,417.0,,6.5,39.2,8.6,74.0,0.0,Benign
VAR01688,,Female,Black,,Never,,No,,MSH2,Missense,21.0,Yes,0.0,0.566,0.0,0.0,0.832,,,0.00032194,0.103,403.0,0.97,100.0,1.6,,10.0,12.3,Benign
VAR01689,77.0,,Asian,27.0,Former,Moderate,,,CHEK2,Frameshift,14.0,No,35.72,0.964,0.0,1.0,0.0,-0.21,0.44,0.00035552,,189.0,9.71,20.2,19.6,0.1,1.0,99.1,Pathogenic
VAR01690,74.0,Male,,30.1,Never,Moderate,No,Prostate,BRCA1,Missense,3.0,No,1.38,0.617,0.094,0.21,0.0,2.19,3.02,,0.292,,1.87,0.0,7.9,0.27,1.4,12.2,Benign
VAR01691,61.0,Male,Asian,26.4,Never,Moderate,No,Prostate,TP53,Missense,15.0,No,0.0,0.359,0.0,0.0,0.145,-1.61,-4.06,6.11e-06,0.952,173.0,23.42,56.5,51.2,1.74,14.5,0.0,Benign
VAR01692,56.0,,Other,30.8,Never,Moderate,No,Breast,PTEN,Splice_site,,No,,0.531,1.0,0.0,0.042,-0.65,-2.19,1.67e-06,,,8.03,0.0,35.8,26.2,,,Benign
VAR01693,67.0,Male,White,27.2,Never,,No,Prostate,,Frameshift,17.0,Yes,9.42,1.0,0.273,0.0,0.0,,5.16,0.00040379,0.02,337.0,0.0,47.5,9.1,2.67,10.0,0.0,Benign
VAR01694,71.0,,Hispanic,24.5,Never,Moderate,No,,PTEN,Missense,24.0,No,10.91,0.0,1.0,0.0,0.0,,10.0,0.00017535,0.948,431.0,,,22.7,,3.1,0.0,Benign
VAR01695,41.0,Male,White,,,Moderate,Yes,,CHEK2,Frameshift,17.0,Yes,10.19,1.0,0.386,1.0,0.031,4.24,10.0,,1.0,430.0,5.59,,18.7,2.88,86.7,,Pathogenic
VAR01696,51.0,Female,White,25.5,Current,,,Lung,,Nonsense,,,45.17,1.0,,0.638,1.0,,5.1,4.03e-06,0.349,116.0,14.75,55.4,0.0,,,40.6,Pathogenic
VAR01697,32.0,Female,,28.5,Current,None,No,,MSH2,Synonymous,15.0,Yes,9.28,1.0,0.293,0.0,0.0,0.16,3.75,3.5e-06,0.45,316.0,2.95,8.2,50.5,7.82,413.0,49.6,Benign
VAR01698,,Male,White,17.7,Never,None,No,Prostate,PTEN,,18.0,No,17.35,0.0,0.58,0.0,,6.2,4.3,0.16541617,0.443,290.0,0.0,16.8,14.1,11.07,82.3,7.5,Benign
VAR01699,79.0,Male,White,23.6,Never,Moderate,Yes,Lung,,Splice_site,5.0,Yes,47.13,0.954,0.234,0.818,0.0,5.22,9.96,,,65.0,0.0,100.0,,193.8,11.7,61.3,Pathogenic
VAR01700,57.0,Female,Black,,,Heavy,No,Colorectal,APC,Missense,27.0,Yes,0.0,,0.712,0.0,0.121,,1.11,3.36e-06,0.02,411.0,,20.6,22.5,2.72,106.8,20.2,Benign
VAR01701,24.0,Female,White,24.4,Former,Moderate,,Breast,MLH1,Missense,1.0,,37.93,,,0.738,0.335,2.43,10.0,1e-07,0.507,408.0,31.58,29.0,44.4,21.86,84.6,0.0,Pathogenic
VAR01702,64.0,Male,White,33.5,Former,Moderate,No,Prostate,BRCA2,Missense,27.0,Yes,5.41,0.394,0.996,0.383,0.214,-8.3,-3.55,0.0011527,,253.0,,15.3,22.4,0.1,,0.0,Benign
VAR01703,,,White,21.6,,Moderate,No,Breast,APC,,16.0,No,24.05,,0.872,0.0,0.0,5.4,,0.3223436,,286.0,10.87,38.0,27.5,3.59,69.3,45.8,Benign
VAR01704,47.0,,White,31.0,Never,Heavy,No,Prostate,BRCA1,Missense,10.0,No,0.0,0.534,1.0,0.0,0.077,6.2,2.55,0.00164864,0.985,336.0,27.81,2.2,14.4,0.14,14.7,,Benign
VAR01705,64.0,Female,Asian,41.7,Former,Moderate,No,Lung,,Synonymous,12.0,No,,0.131,1.0,0.0,,4.34,-1.64,2.9e-07,0.49,366.0,19.52,0.0,0.0,0.65,27.5,17.4,Benign
VAR01706,59.0,,White,34.8,Current,,No,Breast,PALB2,Missense,3.0,No,0.0,0.0,0.245,0.931,,-3.32,10.0,0.03930503,0.02,,5.65,0.0,52.0,0.94,70.9,0.0,Benign
VAR01707,50.0,,White,,Never,Moderate,No,Colorectal,,Synonymous,12.0,No,14.33,0.386,0.0,1.0,0.787,-3.47,-2.61,0.03526719,0.768,,2.82,0.0,10.9,2.44,7.2,37.8,Benign
VAR01708,48.0,Male,Other,31.8,Former,Moderate,No,Pancreatic,ATM,,2.0,No,12.48,0.0,0.253,0.224,0.0,3.85,6.84,,0.093,201.0,14.97,,48.3,0.72,13.3,0.4,Benign
VAR01709,54.0,Female,Hispanic,,Former,None,Yes,Pancreatic,TP53,,,Yes,25.55,0.723,0.0,,0.809,2.43,,6.59e-06,0.719,484.0,34.11,,59.6,2.22,2.3,,Pathogenic
VAR01710,51.0,Female,Black,19.6,Never,None,Yes,Breast,MLH1,Missense,4.0,No,0.0,0.0,0.068,0.0,,-3.42,-8.49,0.5,0.024,454.0,16.05,10.5,,9.63,1.0,,Benign
VAR01711,42.0,Male,Hispanic,27.6,Current,None,No,Breast,ATM,Missense,4.0,Yes,2.19,0.205,0.599,0.0,0.364,-3.92,4.07,1.917e-05,0.02,200.0,8.6,11.6,6.8,2.96,1.0,21.2,Benign
VAR01712,52.0,Female,White,29.5,,None,No,Breast,BRCA2,,20.0,No,22.54,0.0,,0.436,0.202,6.2,-3.78,0.5,0.031,221.0,22.94,29.1,11.5,2.14,44.4,13.8,Benign
VAR01713,,Male,Hispanic,33.0,Former,None,No,Lung,APC,Missense,5.0,No,31.43,0.165,0.868,0.0,0.349,,10.0,0.5,0.02,203.0,8.5,0.0,0.0,2.44,,2.6,Benign
VAR01714,,Male,White,24.7,Never,Heavy,No,Breast,PALB2,Missense,,Yes,,0.0,0.699,,0.398,4.28,,0.00677313,0.02,157.0,,89.5,28.2,1.52,,70.0,Benign
VAR01715,38.0,Male,White,28.5,,None,No,Breast,MLH1,Missense,18.0,No,16.3,0.171,0.729,0.0,0.218,3.0,-5.48,,1.0,535.0,14.89,70.3,,19.69,7.1,19.4,Benign
VAR01716,68.0,Male,White,28.3,Former,Moderate,No,Ovarian,PALB2,Nonsense,14.0,No,16.06,0.712,0.0,0.0,0.182,-2.48,-12.25,0.5,,239.0,0.0,44.8,,2.34,1.6,0.0,VUS
VAR01717,,,Hispanic,,Never,None,,,MSH2,Missense,14.0,,15.07,0.0,0.12,0.404,0.478,,-4.49,0.44073645,0.02,404.0,47.87,48.9,30.4,200.0,28.5,0.0,Benign
VAR01718,50.0,Male,White,27.1,Never,Heavy,No,Ovarian,TP53,Missense,12.0,,38.37,0.0,,0.957,0.0,,4.91,0.05540422,1.0,,8.21,0.0,17.9,6.4,,26.2,Benign
VAR01719,44.0,Male,White,,,,Yes,Lung,,,17.0,Yes,36.2,1.0,0.318,0.736,0.208,6.2,-0.47,1.87e-06,0.117,296.0,10.41,,,23.77,1045.3,77.8,Pathogenic
VAR01720,58.0,Female,White,,Never,Heavy,No,Breast,BRCA1,Synonymous,,Yes,9.37,0.596,1.0,0.353,0.0,-3.64,3.58,0.5,0.181,288.0,17.82,0.0,,1.27,12.4,,Benign
VAR01721,61.0,Male,Hispanic,28.5,Former,Moderate,Yes,Lung,APC,,4.0,,16.41,0.755,0.312,0.884,0.48,4.9,,2.5e-07,0.452,360.0,25.81,0.0,28.0,12.3,19.6,1.5,VUS
VAR01722,71.0,Male,,,Never,Moderate,No,Colorectal,MSH2,Synonymous,27.0,No,5.48,0.0,0.681,,0.331,-1.75,-5.81,0.3161914,,300.0,,,,20.91,1.0,36.8,Benign
VAR01723,43.0,Female,White,30.8,Never,None,,Prostate,,Missense,22.0,Yes,34.09,0.493,0.0,0.377,0.0,0.59,5.28,4.1e-07,0.958,402.0,0.0,100.0,22.2,7.71,,55.0,Pathogenic
VAR01724,64.0,Male,White,,Never,,No,Lung,MLH1,Synonymous,12.0,Yes,0.0,0.029,0.444,0.317,0.0,5.4,-5.6,2e-07,0.299,447.0,1.37,,11.1,1.09,479.1,32.2,Benign
VAR01725,59.0,Female,Hispanic,30.9,Never,Moderate,No,,BRCA1,Missense,11.0,No,0.0,0.153,1.0,0.297,0.355,-1.87,5.75,8.68e-06,0.083,252.0,,,24.3,24.52,27.8,0.0,Benign
VAR01726,34.0,Female,White,22.3,Never,None,No,Ovarian,ATM,Missense,20.0,No,6.99,0.0,,0.0,0.0,-7.82,-11.14,0.02452571,0.746,342.0,0.0,,5.4,150.58,285.1,50.0,Benign
VAR01727,,Male,Asian,28.0,Never,None,No,Breast,APC,Missense,17.0,Yes,,0.333,0.353,1.0,,6.2,10.0,8.8e-06,0.02,140.0,12.65,0.0,38.3,0.22,1.0,81.8,Pathogenic
VAR01728,,Female,White,22.9,Never,Moderate,,Breast,TP53,Synonymous,22.0,No,,0.948,1.0,0.0,0.559,,-2.32,0.00309663,0.423,263.0,6.53,26.2,15.7,1.15,19.7,53.5,VUS
VAR01729,61.0,,,28.0,Never,None,No,Pancreatic,BRCA1,Missense,13.0,Yes,18.61,0.274,1.0,0.267,0.0,1.22,1.07,0.00031675,,322.0,0.0,1.3,0.0,2.24,,0.2,Benign
VAR01730,61.0,Female,White,23.0,Former,Moderate,Yes,,APC,,12.0,No,12.13,0.738,0.566,0.997,,4.4,3.27,,0.02,298.0,15.26,57.1,18.1,1.15,1.0,0.0,Benign
VAR01731,59.0,,White,33.9,Never,None,No,Prostate,BRCA1,Missense,13.0,,19.86,0.766,0.496,0.217,0.0,3.01,2.4,0.02047865,1.0,308.0,20.02,,20.6,2.5,2.4,17.9,VUS
VAR01732,50.0,Female,White,31.4,Former,None,No,Breast,MLH1,Missense,8.0,,9.85,0.038,0.361,0.0,0.188,4.54,10.0,0.5,0.403,,8.76,88.0,13.2,0.3,1581.1,0.0,Benign
VAR01733,67.0,Male,White,33.3,Never,None,Yes,,APC,Synonymous,,No,,,0.794,0.494,0.0,,-2.3,0.00027496,,400.0,,26.7,0.0,17.36,2.5,2.1,Benign
VAR01734,32.0,Male,Asian,32.8,Former,,No,Prostate,,,22.0,Yes,14.21,1.0,0.0,1.0,0.0,,-2.59,0.00081396,0.302,86.0,3.85,72.7,19.6,5.24,867.5,85.2,Pathogenic
VAR01735,55.0,Male,White,,Former,Moderate,,Lung,BRCA1,Frameshift,3.0,No,19.14,,0.722,0.0,0.0,-0.85,10.0,0.09641627,0.02,340.0,4.33,0.0,24.9,,,,Benign
VAR01736,49.0,Male,White,25.4,Never,Moderate,Yes,Breast,APC,Synonymous,3.0,No,0.0,0.629,,0.0,0.271,-5.99,2.67,0.0050175,0.02,285.0,,0.0,29.6,1.35,370.6,87.2,Benign
VAR01737,,Male,White,36.2,Former,None,No,Prostate,BRCA1,Missense,3.0,,21.47,0.174,0.0,,0.062,-10.67,1.31,1.63e-06,0.217,267.0,0.0,46.2,40.2,0.58,96.5,0.0,Benign
VAR01738,62.0,Female,White,26.7,,None,No,Prostate,APC,Missense,9.0,No,22.36,,,,,-0.9,10.0,0.5,0.02,474.0,0.0,24.2,,0.62,459.2,0.0,Benign
VAR01739,70.0,Male,White,20.7,,Moderate,No,Breast,BRCA1,,3.0,No,3.82,,0.528,0.402,0.409,-3.08,,0.01022473,,127.0,0.0,,,72.28,5.7,0.0,Benign
VAR01740,52.0,Female,White,32.5,,None,Yes,Pancreatic,,Synonymous,16.0,Yes,0.0,0.156,0.878,0.0,,-3.01,-0.16,8.96e-05,,,29.58,77.4,32.2,0.31,34.9,39.1,Benign
VAR01741,66.0,Female,White,28.2,Former,None,No,Prostate,,Missense,,Yes,,0.0,0.691,0.514,0.479,2.02,-6.47,1.711e-05,0.547,,2.12,32.1,11.8,1.07,24.4,,Benign
VAR01742,57.0,Female,,35.0,Never,Moderate,No,Breast,TP53,Nonsense,20.0,No,7.31,0.146,0.0,0.743,0.0,6.2,-0.31,0.01095106,1.0,328.0,,52.8,,,2000.0,0.0,Benign
VAR01743,,Male,Asian,28.7,Current,Moderate,Yes,Ovarian,BRCA1,Missense,26.0,No,37.88,0.707,0.481,1.0,1.0,0.7,-2.93,1e-07,1.0,216.0,,,20.6,13.66,365.7,71.4,Pathogenic
VAR01744,49.0,,Black,27.4,Never,None,Yes,,BRCA1,Splice_site,,Yes,0.0,0.571,0.975,0.752,1.0,5.22,6.66,,0.655,296.0,38.11,31.8,18.6,31.67,28.4,61.0,Pathogenic
VAR01745,52.0,Male,Asian,,Former,None,No,Colorectal,PALB2,,19.0,No,0.0,0.54,0.124,0.284,0.423,-2.08,0.51,8.936e-05,0.345,515.0,23.25,0.0,0.0,0.1,2000.0,0.0,Benign
VAR01746,,Female,,19.8,Current,Heavy,No,Prostate,PALB2,Missense,20.0,No,,0.0,0.195,0.0,,-3.99,0.19,0.00325922,0.056,449.0,0.0,100.0,,0.54,2000.0,83.5,Benign
VAR01747,58.0,Female,Asian,24.6,Current,Heavy,Yes,Prostate,,Frameshift,13.0,Yes,0.0,0.934,,,0.659,0.18,-8.19,,0.192,263.0,14.59,54.2,28.1,0.93,8.4,79.1,Pathogenic
VAR01748,59.0,Female,White,23.1,Former,,No,Breast,ATM,Synonymous,21.0,No,0.21,0.0,0.488,0.696,,6.2,5.25,0.00041846,0.02,,0.0,30.1,35.4,1.16,36.0,39.0,Benign
VAR01749,35.0,Male,White,16.5,Former,Moderate,,Colorectal,PALB2,Missense,3.0,Yes,0.0,0.0,1.0,,0.0,,-1.04,0.00075713,0.973,,15.27,0.0,0.0,7.84,7.1,0.0,Benign
VAR01750,,Female,Hispanic,,Never,Heavy,,Colorectal,CHEK2,Missense,17.0,Yes,,0.0,0.578,0.976,0.0,,10.0,,0.222,40.0,22.61,32.7,34.9,2.71,1.0,0.0,VUS
VAR01751,58.0,Female,,24.7,Never,Moderate,Yes,Colorectal,TP53,Nonsense,23.0,No,20.31,0.994,0.0,0.49,0.406,1.68,3.17,1e-07,,308.0,39.31,51.5,18.8,4.95,63.4,100.0,Pathogenic
VAR01752,45.0,,White,32.0,Current,,No,Lung,PALB2,,11.0,No,15.14,0.0,0.261,0.085,0.0,0.81,-3.57,9.147e-05,0.02,521.0,25.29,0.0,5.9,0.12,1.0,0.0,Benign
VAR01753,60.0,Female,Hispanic,29.4,Never,Moderate,No,Lung,APC,Missense,6.0,No,4.06,0.257,0.0,0.106,0.643,,1.46,0.00017991,0.291,303.0,12.06,49.0,13.7,,22.1,37.3,Benign
VAR01754,65.0,,Black,30.5,Former,None,Yes,,MSH2,,,No,0.0,0.353,1.0,0.954,,6.2,-5.89,0.00221697,0.02,487.0,12.73,12.3,7.3,21.75,19.6,61.5,VUS
VAR01755,36.0,Female,White,25.2,,Moderate,Yes,Ovarian,MSH2,Missense,8.0,,30.29,0.243,0.428,1.0,1.0,5.26,10.0,0.06566208,0.717,162.0,,0.0,27.9,,30.5,0.0,VUS
VAR01756,35.0,Female,White,23.7,Never,Moderate,Yes,Prostate,PALB2,Missense,23.0,,50.0,0.714,0.122,0.893,0.68,4.37,-1.15,,0.393,176.0,36.79,11.0,14.2,,19.7,34.6,VUS
VAR01757,,Male,White,27.9,Never,None,No,Ovarian,APC,Missense,23.0,No,24.93,0.0,0.603,0.339,0.0,1.03,-4.75,0.00968072,0.336,445.0,0.0,58.7,20.5,35.38,6.3,0.0,Benign
VAR01758,58.0,Female,Other,32.1,,Moderate,No,,PALB2,Missense,,,31.78,0.553,,0.947,0.857,,9.5,7.51e-06,0.331,414.0,0.0,0.0,,,1.0,53.6,VUS
VAR01759,51.0,Female,White,27.2,Never,Moderate,No,Pancreatic,MSH2,Missense,7.0,No,4.92,0.0,0.0,,0.0,0.4,2.13,0.00096391,,317.0,0.0,100.0,19.7,8.1,1.0,0.0,Benign
VAR01760,40.0,Male,,24.0,Never,None,No,Prostate,MSH2,Missense,8.0,,,1.0,0.0,,1.0,2.63,7.71,1.6e-07,,,28.04,,,35.12,35.2,17.0,Pathogenic
VAR01761,49.0,Male,White,21.5,Current,Moderate,No,Lung,PALB2,Missense,23.0,Yes,0.0,,,0.0,0.673,1.23,-7.77,0.5,0.699,255.0,19.48,100.0,0.0,6.73,16.1,0.0,Benign
VAR01762,41.0,Male,,,Former,None,Yes,Ovarian,MLH1,Synonymous,16.0,No,,,0.442,0.426,0.608,4.1,6.92,1e-07,0.02,196.0,12.23,0.0,69.9,9.81,,14.2,Benign
VAR01763,67.0,Female,Hispanic,,Former,Moderate,No,,BRCA2,Missense,22.0,,0.0,0.0,0.544,0.0,,5.88,-5.7,4.15e-06,0.485,363.0,10.38,0.0,22.7,0.74,5.7,0.0,Benign
VAR01764,43.0,Female,,27.1,Never,Heavy,No,Lung,,Splice_site,,Yes,27.34,0.531,0.977,1.0,0.547,4.89,,0.00489776,0.276,288.0,0.0,23.8,75.1,22.59,2.5,,VUS
VAR01765,70.0,Female,,26.3,,Moderate,No,Ovarian,CHEK2,Synonymous,23.0,Yes,0.0,,0.41,0.148,0.036,1.54,3.13,0.5,,366.0,9.8,,20.6,0.1,,8.9,Benign
VAR01766,50.0,,White,,Former,Moderate,,Breast,MLH1,,13.0,No,0.0,0.417,,1.0,0.918,5.93,0.65,0.5,0.49,,24.74,3.1,21.4,2.04,1.0,55.7,VUS
VAR01767,42.0,Female,Asian,29.0,Never,Moderate,No,Ovarian,PALB2,,19.0,No,0.0,0.361,,0.134,0.154,-11.94,-0.71,0.01416624,,,,84.7,16.7,16.79,28.0,13.8,Benign
VAR01768,,Male,White,30.3,Never,Moderate,Yes,Colorectal,MSH2,Missense,23.0,Yes,47.71,0.882,0.0,1.0,,,10.0,3.814e-05,,527.0,0.0,25.1,32.1,107.36,164.4,62.7,Pathogenic
VAR01769,22.0,Male,White,37.3,Current,Moderate,Yes,Pancreatic,MLH1,,10.0,No,,0.336,0.626,0.0,0.226,-2.16,-1.21,1e-07,0.02,,10.36,0.0,,5.9,,0.0,Benign
VAR01770,50.0,Female,White,31.3,,None,Yes,Lung,APC,Nonsense,22.0,Yes,,0.703,0.0,0.739,0.933,5.06,,2.55e-06,0.551,337.0,23.73,50.7,0.0,61.63,,71.5,Benign
VAR01771,50.0,Female,Other,35.5,Current,Moderate,Yes,Breast,BRCA1,Frameshift,18.0,,17.39,0.936,0.15,0.878,0.917,6.2,4.36,5.901e-05,1.0,310.0,24.42,93.6,2.9,,,,Benign
VAR01772,67.0,Male,Asian,23.4,,Moderate,No,Ovarian,CHEK2,,,No,22.23,0.0,0.462,0.384,,6.16,2.61,0.00016018,0.027,354.0,22.95,0.0,,9.42,3.3,69.1,Benign
VAR01773,31.0,,Black,,Never,Moderate,,Colorectal,MSH2,Synonymous,23.0,No,,0.0,0.481,0.0,0.494,,1.92,0.00149313,0.904,325.0,8.25,0.0,23.8,11.0,11.6,,Benign
VAR01774,70.0,Female,White,27.4,Never,Moderate,No,Colorectal,ATM,Missense,12.0,No,24.27,1.0,0.652,0.181,0.494,-1.05,1.96,0.16434458,,439.0,0.0,28.4,24.6,0.1,4.5,56.8,VUS
VAR01775,67.0,Female,White,31.8,,None,No,Breast,TP53,Synonymous,21.0,Yes,1.77,0.369,,0.247,0.0,-3.55,10.0,0.5,0.02,354.0,13.23,0.0,23.8,12.68,1.0,0.0,Benign
VAR01776,,,White,31.0,Former,None,No,Pancreatic,CHEK2,Synonymous,3.0,No,,1.0,1.0,0.409,,-2.26,10.0,0.01030984,0.02,248.0,22.64,,,3.15,4.1,45.2,Benign
VAR01777,55.0,Male,White,33.6,Former,None,,Prostate,ATM,Synonymous,,Yes,,0.055,,0.181,0.641,-5.73,-6.77,0.00188543,1.0,,0.0,78.5,0.0,3.9,194.4,,Benign
VAR01778,69.0,Female,White,16.0,,Moderate,No,Pancreatic,,Missense,27.0,No,0.0,1.0,0.43,,0.682,6.2,-7.83,,,,4.08,2.1,42.3,,,0.0,Benign
VAR01779,36.0,Female,,33.8,Current,None,Yes,Colorectal,PTEN,Missense,27.0,No,22.0,,0.113,0.0,0.802,5.54,10.0,5.561e-05,,231.0,,42.2,25.4,0.95,178.9,65.0,VUS
VAR01780,65.0,Male,Black,29.2,Former,Heavy,No,Prostate,ATM,Frameshift,23.0,Yes,32.12,0.701,0.72,0.463,0.0,,7.51,0.5,0.02,395.0,2.08,40.2,32.1,2.6,2.6,52.7,Benign
VAR01781,46.0,Female,Asian,19.8,Former,None,No,Lung,TP53,Missense,19.0,Yes,14.06,,1.0,0.643,0.0,0.57,10.0,0.00013002,0.293,311.0,28.37,0.0,38.9,,522.2,0.0,Benign
VAR01782,,Male,White,31.1,Former,Moderate,No,Colorectal,BRCA1,Missense,21.0,,9.64,0.255,0.97,0.705,,-1.48,-2.0,0.17278796,,364.0,0.0,0.0,,5.54,42.4,2.3,Pathogenic
VAR01783,37.0,Female,White,28.3,Former,None,Yes,Breast,BRCA2,Frameshift,26.0,Yes,14.72,0.728,0.0,0.979,1.0,5.51,5.49,2.25e-06,0.378,,0.0,,22.8,0.1,108.3,45.2,Benign
VAR01784,56.0,Male,White,29.4,Former,,No,Breast,CHEK2,Synonymous,20.0,No,22.78,,,,0.379,-2.99,,7.641e-05,0.024,285.0,33.44,20.1,41.8,10.05,15.8,27.4,Benign
VAR01785,41.0,Male,White,32.5,Never,Moderate,,,TP53,,8.0,Yes,,1.0,0.149,0.731,0.356,-2.13,7.41,,0.02,373.0,21.61,46.8,0.0,22.02,1.0,88.6,Pathogenic
VAR01786,,Male,Black,29.7,Current,Heavy,No,Prostate,BRCA2,,,No,16.83,0.176,1.0,0.281,0.108,-2.1,-3.22,0.00027471,0.02,434.0,12.66,,1.3,0.16,530.5,,Benign
VAR01787,,Female,Hispanic,20.1,,Moderate,,Lung,PALB2,Splice_site,27.0,No,,,0.698,0.19,0.34,6.2,-4.12,0.5,,157.0,8.18,12.6,,0.52,38.2,0.0,Benign
VAR01788,28.0,,White,26.8,Current,Moderate,No,Pancreatic,TP53,Missense,,Yes,23.55,,0.679,0.0,0.354,-6.26,6.62,9.2e-06,0.485,492.0,0.0,26.1,,26.63,1.5,13.3,Benign
VAR01789,74.0,Female,White,19.4,Never,None,,Colorectal,CHEK2,Synonymous,25.0,No,23.85,0.824,0.0,0.0,0.746,5.49,-0.18,0.00892193,0.52,479.0,2.31,0.0,32.0,0.31,2000.0,0.0,Benign
VAR01790,68.0,,Asian,30.7,Never,Moderate,,Breast,BRCA1,Synonymous,26.0,No,23.28,,0.938,0.0,,3.05,6.0,4.04e-05,,432.0,,34.4,25.0,,18.9,66.6,Benign
VAR01791,38.0,Female,White,34.5,Never,None,Yes,Colorectal,PTEN,Nonsense,2.0,,8.21,0.093,0.0,0.755,0.974,2.98,5.82,0.00220185,0.02,459.0,3.39,0.0,0.0,0.7,16.2,36.0,Pathogenic
VAR01792,56.0,,,21.3,Former,Heavy,No,,PTEN,,,No,0.0,0.034,0.594,0.362,0.0,3.91,4.25,0.14156577,0.406,278.0,25.11,100.0,0.0,18.97,,62.5,Benign
VAR01793,69.0,Female,,24.1,,Moderate,,Prostate,,,16.0,No,,0.169,0.28,0.0,0.0,,-7.47,0.00195105,0.417,232.0,10.89,43.7,6.1,,,15.1,Benign
VAR01794,,Male,,23.1,Former,,No,Breast,BRCA2,Missense,11.0,Yes,0.0,,0.251,0.068,0.0,-9.23,-5.42,0.00230432,0.02,329.0,,29.9,40.8,,1.0,0.0,Benign
VAR01795,54.0,Female,White,25.2,,Moderate,No,Breast,MSH2,Missense,14.0,Yes,50.0,1.0,0.325,0.959,0.628,2.96,9.36,0.03363419,,353.0,0.0,0.0,0.2,8.0,13.5,95.8,Pathogenic
VAR01796,70.0,Female,Hispanic,,Never,None,No,Colorectal,BRCA1,Nonsense,12.0,,,0.697,0.548,1.0,0.0,-1.21,10.0,0.18189272,1.0,,11.95,64.4,0.0,,13.3,,Benign
VAR01797,47.0,Female,Asian,25.3,Never,Moderate,No,Prostate,MSH2,Missense,23.0,No,0.0,0.114,0.0,,0.29,6.2,3.74,3.534e-05,,385.0,5.1,0.0,18.3,0.28,70.4,16.5,Benign
VAR01798,,Male,White,30.8,Former,Moderate,No,,MSH2,Synonymous,12.0,,7.12,1.0,0.453,0.0,0.351,-1.32,,0.48980965,0.149,,0.0,43.4,,2.42,1.0,3.1,Benign
VAR01799,56.0,,White,32.8,Current,Moderate,No,Breast,TP53,Missense,4.0,Yes,,0.021,0.36,0.0,0.144,-0.46,10.0,,0.977,418.0,6.58,0.0,50.9,0.48,2.5,0.0,Benign
VAR01800,48.0,,Hispanic,33.0,Never,Moderate,No,Lung,ATM,Nonsense,11.0,Yes,,0.658,0.656,1.0,0.831,-0.48,5.13,5.95e-06,0.703,325.0,7.04,0.0,23.0,0.77,2.0,62.4,Pathogenic
VAR01801,47.0,Female,Black,21.9,,None,Yes,Breast,PTEN,,15.0,Yes,23.69,,0.0,1.0,0.191,4.51,1.48,1e-07,,52.0,16.71,100.0,13.4,78.97,369.6,27.5,Pathogenic
VAR01802,57.0,,White,34.4,,Moderate,,Lung,BRCA2,Missense,13.0,No,15.01,0.0,1.0,0.693,0.0,-4.91,0.84,0.24922933,0.269,151.0,0.0,42.3,13.6,200.0,94.4,0.0,Benign
VAR01803,56.0,Female,White,,Former,,No,Lung,CHEK2,Missense,,No,0.0,0.0,0.97,,0.0,5.44,3.15,,0.198,310.0,0.0,1.5,9.4,,1.0,9.5,Benign
VAR01804,,Female,Hispanic,35.3,Former,None,Yes,Breast,,Missense,27.0,Yes,1.82,1.0,0.0,1.0,,2.89,-1.48,7.8e-07,,391.0,14.33,100.0,11.2,12.08,20.5,27.0,Pathogenic
VAR01805,62.0,Female,White,26.7,Never,Moderate,No,,BRCA2,Synonymous,11.0,Yes,16.52,1.0,0.0,0.775,1.0,-0.62,7.31,1e-07,0.184,164.0,7.47,37.2,63.6,35.94,1243.8,34.6,Benign
VAR01806,43.0,Male,White,23.7,Never,,No,Breast,MLH1,,23.0,No,0.0,0.0,0.237,,0.674,6.08,,0.00694922,0.069,,1.28,68.8,37.4,0.65,110.3,10.8,Benign
VAR01807,53.0,Female,White,22.6,Former,Moderate,No,Breast,PTEN,Missense,27.0,No,0.0,,0.706,0.676,0.0,-5.44,-1.09,0.00373792,0.69,398.0,0.0,0.0,,0.38,,39.1,Benign
VAR01808,48.0,Female,White,22.0,Never,Heavy,No,Lung,CHEK2,Frameshift,23.0,No,2.8,1.0,0.0,1.0,,5.96,5.51,1e-07,0.396,313.0,12.2,24.2,23.9,4.96,115.0,32.4,Pathogenic
VAR01809,61.0,Female,Asian,27.6,Never,None,No,,CHEK2,Synonymous,15.0,,10.14,0.0,0.493,0.0,0.0,,0.6,0.00301945,0.386,252.0,14.97,5.7,6.5,2.55,127.8,0.0,Benign
VAR01810,24.0,,,31.7,Never,None,Yes,Breast,CHEK2,Missense,27.0,Yes,22.7,1.0,0.0,0.73,1.0,6.13,-5.84,5.6e-07,0.926,157.0,16.84,0.0,38.1,0.1,2000.0,,Pathogenic
VAR01811,68.0,Male,,34.0,Former,,Yes,Lung,BRCA2,Missense,12.0,No,0.0,0.659,0.899,0.0,0.277,5.36,1.43,0.5,0.224,405.0,0.84,,0.0,4.21,,0.0,Pathogenic
VAR01812,47.0,Female,,25.1,,None,No,,TP53,Synonymous,,No,9.67,0.549,0.633,0.723,0.389,,6.31,4.615e-05,0.02,248.0,,,9.0,13.34,509.7,,Benign
VAR01813,72.0,Female,White,27.3,Never,None,No,,MSH2,Missense,24.0,No,20.01,,0.321,0.359,0.0,-4.87,9.67,0.03745654,0.747,501.0,0.0,10.7,,6.91,4.7,58.5,Benign
VAR01814,50.0,Male,White,27.0,Current,Moderate,,Prostate,CHEK2,Missense,25.0,No,26.86,0.0,0.432,,0.252,-4.73,,6.3e-07,0.19,339.0,0.0,9.8,35.2,1.42,4.2,14.0,Benign
VAR01815,55.0,Female,,24.3,Former,Moderate,No,Colorectal,TP53,Missense,4.0,No,0.0,0.081,0.21,0.502,0.833,0.25,,,1.0,361.0,17.75,0.0,18.7,0.12,11.6,0.0,Benign
VAR01816,81.0,Male,Hispanic,,Never,Moderate,,Ovarian,,Missense,9.0,No,0.0,0.753,0.704,0.0,0.183,6.2,10.0,0.01888322,0.774,412.0,17.24,60.9,0.0,6.44,26.9,7.3,Benign
VAR01817,52.0,,Hispanic,29.3,Never,,,,BRCA2,Missense,8.0,No,,0.177,0.0,0.663,0.021,5.36,-3.99,0.02501328,0.572,280.0,10.36,0.0,16.4,0.48,115.3,0.0,Benign
VAR01818,72.0,Female,,,Never,Moderate,No,,CHEK2,Missense,23.0,Yes,0.0,0.518,0.992,0.0,0.0,5.83,,0.00128518,0.445,372.0,1.15,20.3,18.0,1.26,14.3,,Benign
VAR01819,57.0,Female,,29.3,Never,None,No,Colorectal,TP53,Missense,8.0,,,0.839,0.635,0.0,0.0,-4.37,0.91,0.5,0.822,249.0,24.25,0.0,44.7,2.49,5.2,1.0,Benign
VAR01820,57.0,Female,White,30.6,Never,None,No,Pancreatic,MSH2,Synonymous,18.0,Yes,16.55,1.0,0.0,0.461,,6.2,10.0,3.3e-07,0.625,,21.81,15.7,23.1,26.78,4.9,2.4,Pathogenic
VAR01821,,Female,White,30.5,Never,Moderate,No,Lung,CHEK2,Missense,26.0,,0.52,0.063,0.838,0.242,,4.99,4.85,0.03804058,0.02,220.0,0.0,0.0,17.2,21.79,77.7,0.0,Benign
VAR01822,67.0,,Other,23.3,Never,Moderate,Yes,Ovarian,,Missense,25.0,No,0.0,0.442,0.74,0.165,0.25,1.89,-14.12,0.00042528,0.307,266.0,28.15,16.3,18.9,3.81,20.0,41.6,Benign
VAR01823,,Female,,32.0,Former,Heavy,,,TP53,Nonsense,24.0,Yes,,0.02,0.0,,,1.93,0.43,1e-07,,546.0,10.73,12.2,0.0,5.3,83.4,54.9,Pathogenic
VAR01824,43.0,Female,Black,28.8,Never,None,No,Breast,,Missense,15.0,No,0.0,0.403,1.0,0.0,0.0,4.92,,3.09e-06,0.02,221.0,19.17,29.6,,12.31,47.8,27.2,Benign
VAR01825,47.0,Female,Hispanic,25.3,,Moderate,,Pancreatic,BRCA1,Synonymous,,Yes,,0.564,0.0,,0.251,-2.28,,8.83e-06,1.0,388.0,13.09,100.0,0.0,0.41,586.2,45.4,VUS
VAR01826,53.0,,White,28.7,Current,Moderate,No,Ovarian,MSH2,Missense,20.0,Yes,14.37,0.849,0.574,1.0,0.444,6.2,5.69,7.596e-05,0.458,295.0,,45.2,54.1,1.18,627.6,0.0,Pathogenic
VAR01827,53.0,,White,29.2,Never,None,No,Lung,PALB2,Nonsense,9.0,No,,0.708,0.47,0.577,,-1.23,3.06,0.5,0.586,195.0,0.0,37.5,9.1,52.73,,3.2,Benign
VAR01828,,Male,White,32.9,Former,Moderate,No,Lung,APC,Missense,14.0,Yes,25.36,0.307,,0.725,0.443,-3.98,,0.07466463,0.842,407.0,0.0,0.0,29.5,,12.5,73.1,Benign
VAR01829,73.0,Female,,22.3,Never,None,No,,TP53,Synonymous,13.0,No,0.0,0.247,1.0,0.096,0.235,-1.34,6.22,0.00037949,0.604,265.0,0.0,25.3,0.0,0.1,,80.6,Benign
VAR01830,43.0,Male,Other,34.1,Former,Moderate,No,Lung,PALB2,Synonymous,22.0,No,,1.0,0.341,0.014,0.422,6.2,8.81,7.256e-05,0.305,271.0,7.99,13.3,10.7,0.86,,,Benign
VAR01831,46.0,Female,White,,Never,Moderate,No,Ovarian,CHEK2,Missense,16.0,No,6.76,0.0,0.364,0.142,0.28,-4.8,4.79,0.00634469,0.518,439.0,6.96,0.0,11.7,17.23,,0.0,Benign
VAR01832,37.0,Male,Other,25.0,Never,None,No,,TP53,Synonymous,13.0,,0.0,,,0.622,0.424,5.01,-6.93,,0.269,291.0,0.0,0.0,27.1,5.47,3.4,0.0,Benign
VAR01833,81.0,Male,White,24.8,Former,Moderate,No,,ATM,Synonymous,15.0,Yes,,0.945,,1.0,0.308,5.52,6.08,0.05363708,0.358,345.0,,43.5,14.9,2.19,90.6,8.3,VUS
VAR01834,60.0,,White,22.5,Never,None,No,Prostate,BRCA2,,5.0,Yes,5.35,0.565,0.387,0.0,0.2,-0.34,7.62,0.02019508,0.02,317.0,,0.0,5.8,0.19,21.4,36.9,Benign
VAR01835,62.0,Female,Asian,18.8,Never,Moderate,No,Prostate,BRCA1,Synonymous,7.0,No,0.0,0.0,0.346,0.06,,-2.01,3.66,1.069e-05,0.241,310.0,15.4,,0.0,,2.0,49.2,Benign
VAR01836,35.0,Female,,30.9,Never,Moderate,Yes,Breast,APC,Frameshift,22.0,Yes,40.74,0.936,0.0,0.916,0.441,-0.88,,0.01132042,,175.0,4.23,93.4,,,1132.1,0.0,Benign
VAR01837,52.0,Male,White,37.4,Never,Moderate,Yes,Prostate,TP53,Nonsense,4.0,Yes,36.13,0.414,0.0,,0.66,6.2,8.0,1e-07,0.518,414.0,10.89,100.0,8.1,86.4,119.4,41.1,Benign
VAR01838,,Female,Black,,Never,None,Yes,Prostate,,Missense,19.0,Yes,,0.524,0.409,0.595,0.097,,5.7,3.36e-06,0.349,344.0,0.0,0.0,10.4,1.01,51.8,,Pathogenic
VAR01839,51.0,Female,Asian,22.7,Never,Moderate,Yes,Breast,,Synonymous,25.0,No,17.84,0.483,0.677,0.418,0.0,,,0.01682838,0.63,410.0,0.0,70.5,7.0,,361.5,0.0,VUS
VAR01840,70.0,Male,Hispanic,31.3,Never,,Yes,Pancreatic,ATM,Synonymous,19.0,Yes,17.28,0.0,,0.0,0.1,1.9,10.0,0.15816453,0.02,,21.82,0.0,42.7,5.93,2.6,0.0,Benign
VAR01841,86.0,Male,Black,,Former,Moderate,No,,ATM,Missense,18.0,,2.35,0.074,,0.581,0.0,-5.65,-5.79,,0.02,436.0,27.41,0.0,,1.96,4.0,46.7,Benign
VAR01842,40.0,Male,White,31.7,Former,Moderate,,Prostate,MSH2,Nonsense,20.0,Yes,50.0,0.204,0.0,1.0,1.0,,5.76,5.8e-07,0.112,337.0,,0.0,8.7,4.17,,62.6,VUS
VAR01843,43.0,Male,White,27.0,Never,,No,Colorectal,APC,Missense,4.0,No,8.16,0.477,0.0,0.051,0.0,-5.61,-1.44,1.144e-05,0.344,471.0,1.45,0.0,21.1,0.17,,28.1,Benign
VAR01844,45.0,Male,Black,24.6,Current,Moderate,Yes,Pancreatic,,,,,6.38,0.924,0.052,1.0,0.381,-2.15,-7.61,0.00863038,,220.0,0.0,17.9,39.3,,40.8,65.7,Benign
VAR01845,73.0,Female,White,26.4,Never,Moderate,Yes,Ovarian,,,27.0,Yes,36.51,,0.51,,0.171,5.12,10.0,0.00025658,0.981,233.0,30.09,0.0,17.2,2.51,2000.0,43.9,Benign
VAR01846,70.0,Male,White,16.0,Never,Moderate,No,,BRCA2,,12.0,Yes,0.0,0.0,1.0,0.0,0.049,1.74,3.94,1e-07,0.368,517.0,0.0,0.0,18.3,0.69,1.7,8.7,Benign
VAR01847,54.0,Male,White,21.8,,None,Yes,Prostate,BRCA2,Splice_site,12.0,Yes,0.13,0.0,0.129,0.56,0.0,6.2,2.34,0.0577941,0.35,411.0,37.83,,15.4,,22.5,,Benign
VAR01848,,Male,White,32.2,Former,,No,,BRCA1,Missense,5.0,,,0.157,1.0,0.0,0.0,0.51,-3.15,0.00015659,0.02,525.0,7.13,27.7,9.0,138.44,9.5,0.0,Benign
VAR01849,45.0,Female,,33.5,Never,Moderate,No,Lung,BRCA1,Missense,20.0,Yes,19.53,0.554,0.0,0.528,0.179,0.99,4.35,0.00148657,0.229,387.0,0.0,22.9,50.8,19.46,53.7,46.2,Benign
VAR01850,64.0,,White,,Current,,Yes,Lung,ATM,Frameshift,1.0,Yes,37.4,0.738,0.0,1.0,0.302,3.71,4.85,,0.02,,47.45,96.3,2.9,118.85,338.9,71.8,Benign
VAR01851,47.0,,White,,Current,,Yes,,MLH1,Frameshift,5.0,Yes,26.74,1.0,0.0,0.688,0.78,6.2,9.53,1e-07,0.727,525.0,,0.0,24.7,1.32,71.6,62.7,Pathogenic
VAR01852,53.0,Female,White,16.2,,Moderate,No,Breast,APC,,7.0,No,12.26,0.474,0.416,0.0,0.582,-4.65,9.85,0.5,0.699,,0.0,65.5,,1.58,44.9,0.0,Benign
VAR01853,64.0,Female,,24.3,Former,,No,Breast,,Missense,26.0,Yes,23.13,0.0,0.211,0.0,0.0,,-14.59,0.0003725,0.02,408.0,0.0,65.7,28.2,0.4,7.5,40.5,Benign
VAR01854,54.0,,Black,34.1,Former,Moderate,Yes,Breast,TP53,Splice_site,26.0,,0.0,0.257,0.612,0.742,0.499,0.49,7.11,0.00236226,0.369,41.0,3.79,0.0,16.5,3.13,996.1,80.4,Benign
VAR01855,51.0,,White,35.6,Current,Moderate,,,MLH1,Frameshift,3.0,No,15.95,,,0.361,0.0,-1.92,,9.3e-07,0.374,486.0,25.6,10.3,21.9,0.5,7.9,48.2,VUS
VAR01856,56.0,Female,White,34.3,,None,,Prostate,MLH1,,4.0,Yes,0.0,0.0,0.0,0.363,0.0,6.2,,0.5,0.856,207.0,1.17,31.7,19.1,0.27,,0.0,Benign
VAR01857,66.0,Female,White,26.3,,None,No,,MLH1,Missense,26.0,Yes,19.66,0.044,0.612,0.194,0.0,1.95,5.67,0.03479064,0.02,286.0,0.0,60.2,0.0,0.1,4.2,82.6,Benign
VAR01858,77.0,Female,Black,21.0,Former,None,No,Colorectal,BRCA2,,18.0,,0.0,0.569,1.0,,0.0,-5.08,8.51,0.00222495,0.031,214.0,1.69,,16.4,6.42,2000.0,31.4,Benign
VAR01859,64.0,Male,Black,27.3,Never,Moderate,No,Breast,BRCA1,Missense,20.0,No,0.0,,0.348,0.371,0.0,2.36,-4.55,0.45174518,,385.0,1.61,0.0,0.0,29.3,1.0,81.2,Benign
VAR01860,62.0,Female,Black,,Former,Moderate,Yes,Prostate,,Missense,16.0,Yes,26.08,0.619,0.0,1.0,0.28,6.2,8.01,1.861e-05,0.315,300.0,33.15,56.2,21.5,46.78,131.6,,Benign
VAR01861,53.0,Female,Black,35.3,Former,None,No,Breast,,Synonymous,,No,17.75,1.0,0.133,0.273,0.066,-2.77,-0.14,,0.167,472.0,,20.8,8.3,12.34,,0.0,Benign
VAR01862,,Female,White,28.6,Former,Moderate,No,Breast,TP53,,20.0,No,45.67,0.0,1.0,0.101,0.0,6.2,-2.14,0.00121813,0.159,248.0,0.0,18.9,13.4,13.82,56.9,45.4,Benign
VAR01863,62.0,Female,White,27.6,Never,Moderate,No,Prostate,PTEN,,5.0,Yes,,0.763,0.941,0.097,0.0,4.54,10.0,1e-07,0.683,190.0,5.86,0.0,17.9,,466.3,0.0,VUS
VAR01864,,Female,White,27.9,Never,Moderate,No,Breast,BRCA2,Synonymous,,No,0.0,0.535,,0.0,0.0,1.42,-0.44,0.00031944,0.827,,0.0,0.0,20.1,0.1,5.9,87.9,Benign
VAR01865,38.0,Female,White,29.5,Former,Moderate,No,,,Missense,23.0,No,11.6,0.307,1.0,0.039,0.044,5.95,-10.88,0.0001452,0.315,500.0,,1.5,0.0,,418.0,64.3,Benign
VAR01866,52.0,,White,30.6,Never,Heavy,,Ovarian,MSH2,Synonymous,11.0,No,0.0,0.0,0.292,0.208,0.371,1.43,3.56,0.01536692,0.236,435.0,5.28,0.0,10.7,1.3,258.2,0.0,Benign
VAR01867,51.0,Female,Hispanic,,Never,Moderate,,Lung,CHEK2,Frameshift,2.0,Yes,41.17,0.399,,0.0,0.554,6.2,6.33,7.6e-07,,447.0,18.43,84.5,,0.1,,96.5,Pathogenic
VAR01868,49.0,,White,,Never,,No,Breast,TP53,Missense,12.0,,5.36,0.513,0.031,0.525,0.825,0.92,5.17,0.12028096,0.437,259.0,,,45.8,8.02,15.2,17.7,Benign
VAR01869,74.0,Female,Black,34.4,Current,Moderate,No,Ovarian,CHEK2,Synonymous,,No,28.4,0.9,0.0,0.595,,-6.09,0.06,0.00047359,0.472,,30.05,0.0,64.1,7.39,,17.4,VUS
VAR01870,62.0,Female,,19.3,Never,Moderate,No,Colorectal,ATM,Synonymous,13.0,No,4.09,0.207,0.266,0.0,0.172,2.37,-10.05,2.183e-05,,476.0,0.54,100.0,53.3,7.53,2.5,0.0,Benign
VAR01871,,Female,White,35.7,Former,,No,Lung,,Missense,19.0,No,16.58,0.0,0.342,0.0,,1.65,-5.34,0.5,0.02,168.0,6.76,36.8,4.3,16.72,1.2,,Benign
VAR01872,59.0,Female,,17.9,Never,Moderate,No,,MLH1,,10.0,No,0.0,0.235,0.759,,0.0,-1.23,,0.00028366,0.239,321.0,27.93,24.7,,0.1,76.1,42.2,Benign
VAR01873,57.0,,White,24.6,Former,Moderate,No,Breast,MSH2,Synonymous,3.0,No,38.51,0.92,,0.0,0.0,-11.1,-5.67,0.0572656,0.02,247.0,,12.4,37.9,0.47,,26.5,Benign
VAR01874,44.0,Female,White,32.4,Never,,No,Lung,BRCA1,Missense,25.0,No,0.0,0.0,0.49,0.022,0.392,3.33,,,0.125,328.0,4.74,0.0,29.9,0.22,50.3,0.0,Benign
VAR01875,56.0,Male,White,27.5,Never,,No,Breast,BRCA1,Missense,15.0,No,0.0,0.086,0.064,0.106,0.409,-3.41,5.38,,0.02,132.0,42.95,0.0,17.3,,215.5,35.7,Benign
VAR01876,56.0,Female,Hispanic,20.9,Never,None,No,Prostate,,Missense,,No,0.0,0.257,,0.682,0.19,,-7.9,2.5e-07,0.191,414.0,5.37,0.0,23.4,0.55,17.2,53.9,Benign
VAR01877,37.0,Male,White,29.6,Never,None,,Pancreatic,TP53,Synonymous,16.0,No,24.45,0.841,1.0,0.584,0.783,-4.23,7.46,0.5,0.538,,31.64,7.8,25.6,0.1,560.5,90.1,VUS
VAR01878,45.0,Male,Asian,27.8,Former,Moderate,No,Breast,BRCA1,Nonsense,25.0,Yes,,0.589,,1.0,0.642,-4.11,-1.5,0.00011955,0.02,435.0,5.18,0.0,7.6,21.13,1.0,44.6,Pathogenic
VAR01879,,Female,Other,26.4,Former,,Yes,,CHEK2,Missense,1.0,,0.0,0.451,1.0,,0.177,2.6,-1.6,0.00073633,0.213,198.0,0.0,55.8,23.6,41.45,1483.4,,Benign
VAR01880,61.0,Female,Hispanic,24.4,,Heavy,No,Prostate,PALB2,Missense,22.0,No,23.7,0.863,1.0,0.0,0.671,6.2,0.58,0.06308259,0.312,368.0,0.0,0.0,0.0,0.52,16.8,0.0,Benign
VAR01881,,Female,White,27.3,Former,Moderate,No,,PTEN,Missense,11.0,Yes,0.0,,0.228,1.0,0.0,-2.14,-1.09,1.97e-06,0.234,301.0,14.56,,,0.65,3.2,,Benign
VAR01882,48.0,Female,Black,24.6,Former,,No,,PTEN,Missense,,No,14.1,0.0,0.952,0.033,0.64,4.24,4.72,0.00080238,0.02,320.0,16.04,,12.8,14.39,13.8,48.9,Benign
VAR01883,62.0,Female,White,39.7,,Moderate,No,Colorectal,,Missense,1.0,No,17.8,0.188,0.108,0.0,,0.07,0.12,0.1679301,0.751,,,34.2,29.6,2.1,876.0,92.1,Benign
VAR01884,54.0,Female,Asian,26.3,Former,,Yes,,BRCA2,Missense,25.0,Yes,4.14,0.676,1.0,0.316,0.0,1.75,,,0.746,272.0,,0.0,,7.96,3.6,,Benign
VAR01885,19.0,Male,White,25.6,Never,None,No,Breast,MLH1,Synonymous,27.0,No,22.33,,0.956,0.0,0.0,0.2,-14.17,0.00240451,0.83,,18.25,0.0,22.3,0.29,,68.2,Benign
VAR01886,50.0,,,24.8,Never,Moderate,,Pancreatic,PALB2,,15.0,Yes,5.73,0.717,0.0,0.156,0.146,4.06,3.32,0.01489795,,,0.0,0.0,31.1,8.84,,22.6,Benign
VAR01887,,Male,White,36.4,Former,None,No,Prostate,BRCA1,Missense,6.0,Yes,13.34,0.0,0.747,0.0,0.597,,10.0,0.5,0.422,328.0,6.98,28.5,40.3,,,44.5,Benign
VAR01888,34.0,Male,Hispanic,19.3,Former,Moderate,No,Prostate,ATM,Missense,,No,3.68,,0.13,,0.0,0.95,-2.3,0.14838695,0.044,422.0,29.22,0.0,22.0,0.95,391.2,0.0,Benign
VAR01889,57.0,Female,Asian,29.3,Former,None,,Prostate,,Synonymous,19.0,No,0.0,0.0,0.383,0.701,0.0,5.66,4.96,1e-07,0.02,,2.04,78.9,,2.23,36.7,,Benign
VAR01890,,,White,,,,Yes,Pancreatic,PTEN,Missense,22.0,Yes,26.05,,0.0,0.729,0.357,6.2,1.31,2.4e-06,0.048,388.0,0.0,37.0,28.9,0.1,16.7,12.4,Pathogenic
VAR01891,46.0,Male,White,20.4,Former,None,No,,ATM,Missense,,No,0.0,,0.995,0.0,0.0,1.98,7.01,,0.434,231.0,21.14,15.2,,1.37,,59.2,Benign
VAR01892,,Female,Hispanic,,Never,Moderate,No,,,,14.0,Yes,29.93,0.081,0.215,0.598,0.0,0.94,4.07,2.17e-06,0.701,269.0,8.08,0.0,21.0,2.61,23.9,99.1,Benign
VAR01893,39.0,Female,Hispanic,29.1,Never,None,No,Breast,ATM,Missense,21.0,,,0.0,0.0,0.0,0.056,-1.14,-1.51,,0.89,305.0,5.62,30.8,16.6,1.02,69.5,23.8,Benign
VAR01894,77.0,Female,Hispanic,23.2,Former,Moderate,No,Ovarian,MLH1,,20.0,No,27.29,0.135,0.154,0.234,0.699,-1.1,-1.92,0.5,0.329,260.0,0.3,64.0,31.6,0.41,153.0,0.9,Benign
VAR01895,51.0,Female,,28.8,Former,None,,Ovarian,PTEN,Missense,10.0,Yes,25.18,1.0,0.0,,0.24,-2.27,10.0,1e-07,0.233,419.0,25.88,0.0,,90.04,3.2,100.0,Benign
VAR01896,57.0,Female,Black,36.1,Never,None,No,,APC,Synonymous,,Yes,,0.419,0.751,0.0,0.137,2.79,1.06,0.00023046,0.309,440.0,0.0,0.0,22.8,33.39,5.5,,Benign
VAR01897,74.0,Female,,28.4,Never,None,No,,MLH1,Missense,5.0,No,0.0,,1.0,,0.133,6.2,,2.759e-05,0.758,391.0,26.24,6.9,27.7,2.68,631.4,76.0,Benign
VAR01898,65.0,Female,White,20.2,Former,Heavy,No,Colorectal,,Synonymous,23.0,No,3.14,0.095,0.802,0.253,0.0,1.84,-8.83,0.02585727,,42.0,7.19,4.4,23.6,5.26,61.6,33.3,Benign
VAR01899,45.0,Male,White,23.3,Never,Moderate,No,,BRCA2,Synonymous,15.0,No,0.0,,,,0.157,0.58,4.51,0.01214576,0.844,,20.19,,,0.1,,0.0,Benign
VAR01900,48.0,Female,,26.1,Never,Moderate,Yes,,MSH2,Synonymous,21.0,No,41.13,0.0,0.912,0.0,0.0,3.23,-4.01,0.5,0.803,413.0,18.55,34.6,43.2,,,9.9,Benign
VAR01901,62.0,Female,White,25.7,Former,Moderate,No,Ovarian,PTEN,Missense,19.0,No,0.0,0.0,0.951,0.122,0.215,-9.14,1.02,,0.922,302.0,0.0,67.2,31.5,0.93,1.0,21.3,Benign
VAR01902,48.0,Female,Hispanic,28.3,Former,Moderate,No,Lung,PTEN,Splice_site,3.0,No,26.17,0.0,1.0,0.911,0.01,-1.81,4.5,0.04817219,0.381,296.0,12.69,14.9,55.4,0.27,94.6,16.7,Benign
VAR01903,,Male,White,29.1,Never,None,No,Colorectal,,Missense,21.0,Yes,26.39,0.565,,0.71,0.0,0.16,-6.78,1e-07,0.468,423.0,2.24,0.0,17.8,20.3,2000.0,0.0,Benign
VAR01904,55.0,Male,White,,,Moderate,No,,ATM,Missense,22.0,No,25.94,0.0,0.942,0.055,0.0,,-5.59,8.4e-07,0.795,429.0,15.19,0.0,10.8,0.66,21.9,17.0,Benign
VAR01905,37.0,Female,White,27.5,Former,Moderate,No,Prostate,MLH1,Missense,2.0,Yes,0.0,,0.69,0.163,,1.23,10.0,0.5,0.566,,5.15,100.0,,0.19,36.1,,Benign
VAR01906,77.0,Male,Asian,21.7,Never,None,Yes,Lung,BRCA1,Missense,,No,36.43,,0.322,0.441,,,-1.8,0.5,0.714,156.0,0.0,0.0,62.9,164.6,8.2,0.0,Benign
VAR01907,54.0,Female,Hispanic,33.3,Never,None,Yes,Breast,MLH1,Splice_site,21.0,Yes,50.0,0.912,0.192,1.0,0.799,6.2,10.0,3.073e-05,0.265,197.0,24.07,59.1,,200.0,3.9,21.7,Benign
VAR01908,,,White,33.8,Never,Moderate,No,,TP53,Synonymous,10.0,,13.78,0.178,,,0.0,,10.0,0.5,0.937,363.0,0.0,,35.6,11.48,5.4,6.6,Benign
VAR01909,43.0,Female,Hispanic,28.7,Never,None,No,Colorectal,APC,Frameshift,4.0,,20.67,0.35,0.0,1.0,0.346,3.93,8.01,1e-07,,,14.98,6.2,52.4,0.1,364.0,43.2,Pathogenic
VAR01910,27.0,Female,White,,Former,None,Yes,Breast,MLH1,Frameshift,,Yes,14.44,1.0,0.657,0.174,0.175,6.2,1.07,,0.987,500.0,,83.2,,109.92,162.0,46.6,Pathogenic
VAR01911,42.0,Male,Hispanic,30.6,Never,,Yes,Prostate,PALB2,Missense,15.0,No,15.43,0.0,0.341,0.0,0.0,1.17,,7.32e-06,0.312,335.0,25.62,0.0,8.9,50.58,2.2,87.2,Benign
VAR01912,69.0,Male,Hispanic,,Current,None,No,Breast,BRCA1,Synonymous,11.0,No,9.02,0.576,0.436,0.0,0.965,2.66,-0.39,0.01563893,0.126,243.0,11.63,,38.0,0.1,,12.7,Benign
VAR01913,85.0,Male,,17.2,Never,,No,Pancreatic,MLH1,Missense,15.0,No,10.88,0.908,0.806,0.0,0.0,,1.22,0.5,0.02,262.0,,33.0,17.6,0.1,4.1,0.0,Benign
VAR01914,,Female,Other,30.3,Former,,No,Breast,CHEK2,Missense,11.0,,,0.086,,,0.0,-3.41,5.32,,0.259,453.0,,0.0,0.0,0.77,27.3,4.0,Benign
VAR01915,51.0,Male,White,32.0,Never,Moderate,Yes,Lung,MLH1,Frameshift,4.0,Yes,28.52,1.0,0.265,0.115,0.074,,10.0,,0.02,181.0,27.72,60.8,49.0,10.61,24.9,41.0,Pathogenic
VAR01916,46.0,Female,Black,34.7,Former,Moderate,,,BRCA1,Frameshift,16.0,Yes,,0.913,0.0,0.743,0.481,6.2,-6.13,0.00058565,0.132,108.0,1.95,10.1,2.0,,34.1,,Benign
VAR01917,40.0,Male,White,23.8,Current,Moderate,Yes,Prostate,ATM,Splice_site,27.0,Yes,40.84,1.0,0.469,0.443,0.209,6.2,10.0,1.2e-07,,211.0,,33.6,8.4,0.1,2.9,49.7,Benign
VAR01918,83.0,,,28.6,Never,Moderate,No,Prostate,,Synonymous,26.0,Yes,,0.0,0.646,0.0,0.16,1.18,2.52,,0.02,352.0,0.0,45.2,,110.58,970.2,0.0,Benign
VAR01919,54.0,Female,White,28.7,Never,Heavy,No,Breast,PTEN,Synonymous,18.0,No,6.28,0.0,0.548,0.82,0.0,3.91,-2.81,1.467e-05,,496.0,2.06,0.0,0.0,0.1,37.9,12.0,Benign
VAR01920,84.0,Female,White,27.9,Current,None,No,Breast,PALB2,Missense,,No,0.0,0.0,,0.0,0.0,6.2,5.43,0.00204297,1.0,454.0,0.0,0.0,23.4,15.19,5.1,,Benign
VAR01921,74.0,Female,White,28.1,,,No,Lung,TP53,Missense,7.0,No,0.0,0.839,0.54,1.0,0.0,6.2,,0.09370493,0.147,272.0,11.8,0.0,26.2,2.31,2.6,9.5,Benign
VAR01922,,Female,,27.7,Current,,No,Breast,MSH2,,9.0,No,8.0,0.227,0.63,,0.111,-0.81,-4.0,0.00023016,0.901,351.0,,0.0,40.9,41.44,,19.2,VUS
VAR01923,47.0,,White,28.6,Never,Moderate,No,Breast,TP53,Frameshift,2.0,No,17.98,0.512,0.448,0.198,0.34,5.26,7.47,0.5,0.02,358.0,,0.0,,,320.2,0.0,Benign
VAR01924,47.0,Female,Black,31.2,Never,None,No,Pancreatic,APC,Missense,4.0,No,0.0,,0.407,0.0,0.384,0.1,1.22,2.08e-06,0.518,344.0,3.86,,34.8,2.14,,36.0,Benign
VAR01925,55.0,Male,White,33.6,Never,,No,Lung,MLH1,Missense,,No,0.0,,,0.021,0.631,-6.82,10.0,,0.499,103.0,10.52,18.2,37.9,10.29,3.8,0.0,Benign
VAR01926,55.0,Female,Hispanic,23.7,Former,Moderate,,Breast,,Missense,12.0,No,19.93,0.0,,,0.0,4.31,-3.52,,1.0,285.0,22.45,55.9,48.1,0.47,6.2,38.8,Benign
VAR01927,90.0,Female,White,26.6,Never,Moderate,Yes,Colorectal,BRCA2,Synonymous,23.0,Yes,4.31,0.0,0.0,0.529,0.0,6.2,3.48,,,,6.69,0.0,13.4,2.12,1.0,0.0,VUS
VAR01928,42.0,Male,Black,25.4,Never,Moderate,No,Breast,BRCA1,Missense,2.0,No,0.0,0.072,,0.112,0.0,4.93,3.24,0.00338593,0.544,525.0,7.36,17.1,3.8,0.15,1.0,0.0,Benign
VAR01929,59.0,Female,,,Former,Moderate,No,Prostate,APC,,3.0,No,20.8,0.099,0.431,,0.039,-0.27,3.36,0.16061592,0.273,364.0,,75.4,4.7,11.44,25.2,32.8,Benign
VAR01930,64.0,Female,White,19.4,Never,None,Yes,,TP53,Missense,19.0,Yes,15.23,0.0,1.0,0.666,0.0,,4.71,0.5,0.194,440.0,0.0,31.6,,29.13,,0.0,Benign
VAR01931,56.0,Male,White,,Former,Moderate,No,Ovarian,PALB2,Missense,7.0,,4.73,0.292,,0.394,,3.68,3.7,0.5,0.292,417.0,8.81,57.6,16.5,6.36,7.5,0.0,Benign
VAR01932,57.0,Male,Asian,29.9,Never,Moderate,No,Breast,,Splice_site,7.0,No,2.47,1.0,1.0,0.349,0.327,3.11,0.92,0.00776177,0.271,278.0,0.0,15.6,,3.9,5.4,35.5,Benign
VAR01933,42.0,Female,White,,Former,Heavy,No,,ATM,Missense,,,13.98,0.906,0.573,0.796,,6.1,-11.43,0.0417828,0.084,173.0,1.54,51.7,41.0,1.31,39.9,0.0,Benign
VAR01934,53.0,,White,27.5,Never,Moderate,Yes,Breast,APC,Frameshift,25.0,Yes,36.49,,0.0,1.0,0.741,6.2,,9.89e-06,0.633,444.0,43.05,30.2,32.0,200.0,55.6,94.8,Pathogenic
VAR01935,63.0,Female,White,29.6,Former,Moderate,Yes,Lung,MLH1,Splice_site,,No,11.29,0.234,0.461,0.43,0.175,-2.13,-14.15,,0.02,524.0,,0.0,50.0,2.28,232.9,15.1,Benign
VAR01936,60.0,Male,Hispanic,,Never,Moderate,,Colorectal,BRCA1,Missense,21.0,Yes,9.9,0.499,0.396,0.0,0.0,0.62,-6.97,2.36e-06,0.182,274.0,9.1,45.1,26.7,,2000.0,,Benign
VAR01937,,,Asian,25.4,Never,,Yes,Prostate,,Splice_site,10.0,,18.45,0.92,0.0,0.384,0.459,2.5,2.06,,,451.0,0.0,53.5,31.6,16.18,2.9,,Benign
VAR01938,70.0,Male,,21.6,,None,No,,,Frameshift,23.0,Yes,19.39,1.0,0.0,0.576,0.929,,10.0,0.00031447,0.471,337.0,19.17,39.6,14.5,5.56,2.0,51.3,Pathogenic
VAR01939,68.0,Male,Black,27.0,Former,Moderate,No,Prostate,,Missense,12.0,No,5.29,0.333,0.41,0.18,,-8.0,-0.6,0.5,,168.0,,0.0,,192.11,952.1,16.0,Benign
VAR01940,57.0,Female,White,36.9,Never,None,No,Pancreatic,PALB2,Missense,5.0,No,0.0,0.25,0.0,0.987,0.412,6.2,10.0,0.5,0.318,325.0,0.0,83.3,12.1,2.4,15.8,7.4,Benign
VAR01941,41.0,Female,White,21.7,Never,None,No,Breast,BRCA1,Missense,14.0,No,0.0,0.0,0.403,1.0,0.439,,-7.94,,0.673,257.0,,,8.6,0.14,131.3,,Benign
VAR01942,44.0,Male,White,30.8,Former,Moderate,Yes,,ATM,Missense,8.0,Yes,26.59,0.966,0.102,1.0,0.312,,-0.43,1.5e-07,0.447,369.0,4.32,11.3,0.0,174.94,,8.4,Benign
VAR01943,53.0,Male,,33.3,Never,None,No,Pancreatic,PALB2,Missense,5.0,No,23.58,0.0,0.167,0.489,,0.88,-13.38,0.13314225,0.02,364.0,0.0,77.7,25.0,4.63,1.4,39.6,Benign
VAR01944,59.0,,,16.0,Never,Moderate,,Colorectal,,,5.0,No,0.0,0.322,0.418,0.0,,-5.77,-6.42,5.16e-06,0.337,249.0,0.0,75.5,38.4,,152.2,0.0,Benign
VAR01945,46.0,,Black,29.6,Never,Moderate,Yes,Prostate,MSH2,Splice_site,11.0,Yes,21.83,0.0,0.12,,0.7,3.27,2.51,0.03036453,0.099,176.0,3.43,29.5,13.5,200.0,,86.6,Pathogenic
VAR01946,,Female,White,30.5,Never,Moderate,No,Prostate,,,1.0,No,12.29,0.322,1.0,0.0,0.555,1.27,,,0.224,270.0,7.61,0.0,29.0,2.3,,0.0,Benign
VAR01947,37.0,Male,White,26.2,Never,Moderate,No,Ovarian,PTEN,Frameshift,2.0,Yes,,0.356,0.557,0.566,,6.2,10.0,5.3e-07,0.809,490.0,8.76,57.8,11.6,1.54,320.0,93.7,Pathogenic
VAR01948,35.0,Female,White,24.3,Never,Moderate,No,Breast,TP53,Nonsense,16.0,,36.35,0.783,0.7,0.504,0.29,1.15,,0.174045,1.0,191.0,0.0,9.8,19.1,18.24,3.4,,Benign
VAR01949,53.0,Male,White,24.5,,Moderate,No,Ovarian,MLH1,Frameshift,,No,3.94,0.242,0.536,0.0,0.205,-1.35,-1.16,4.174e-05,0.02,400.0,13.46,100.0,,18.52,826.5,43.1,Benign
VAR01950,37.0,Female,,25.9,Never,Heavy,No,Colorectal,CHEK2,Synonymous,21.0,Yes,39.07,0.202,0.724,,0.623,-4.62,5.62,3.84e-06,0.25,,22.43,0.0,27.3,16.93,69.0,0.0,Benign
VAR01951,43.0,,White,26.0,Former,Moderate,No,Colorectal,CHEK2,Missense,27.0,Yes,15.18,0.386,1.0,0.642,0.0,,8.82,0.5,0.357,259.0,15.09,83.7,32.4,41.54,11.1,21.7,Benign
VAR01952,51.0,,White,,Former,Moderate,No,Lung,MSH2,Missense,,No,20.82,0.0,0.796,0.832,0.647,0.85,-3.27,6.99e-06,0.371,,8.49,0.9,52.8,0.1,22.9,0.0,Benign
VAR01953,39.0,Female,White,25.8,Never,Moderate,No,,,Missense,2.0,Yes,0.0,,0.678,0.351,,0.88,-2.65,0.01087889,,385.0,4.92,8.2,11.7,14.22,1.0,,Benign
VAR01954,61.0,Male,Hispanic,,,None,Yes,Prostate,TP53,Missense,6.0,Yes,15.14,0.517,,,0.098,-5.74,-1.92,,0.587,317.0,14.2,0.0,,2.92,1.0,0.9,Benign
VAR01955,66.0,Male,Asian,21.4,Former,,No,Breast,ATM,Missense,2.0,,22.18,0.0,0.574,0.0,0.0,2.89,,1e-07,0.166,265.0,0.0,23.0,42.2,,121.5,39.4,Benign
VAR01956,49.0,Male,,18.8,Never,,Yes,Colorectal,,Missense,8.0,No,0.0,0.0,,0.0,0.0,,8.43,6.85e-06,0.267,372.0,17.78,,15.9,0.85,31.3,39.4,Benign
VAR01957,50.0,Female,Black,33.5,Former,None,Yes,Breast,ATM,Missense,25.0,,0.0,0.01,0.775,0.762,0.658,6.2,-2.88,0.01857253,0.516,499.0,0.0,8.3,31.0,1.02,,,Benign
VAR01958,60.0,Male,Asian,,Never,None,No,Breast,PALB2,Missense,23.0,Yes,24.32,,0.277,,0.496,5.62,2.96,0.02115906,0.175,456.0,0.0,0.0,12.9,2.4,84.3,47.5,VUS
VAR01959,47.0,Female,White,25.6,Never,,Yes,,BRCA1,Missense,27.0,No,4.61,0.0,0.443,1.0,0.0,1.07,,3.41e-05,0.102,334.0,14.59,0.0,29.1,3.28,1.0,94.1,Benign
VAR01960,46.0,Male,Black,,Never,Heavy,Yes,Prostate,CHEK2,Missense,22.0,No,29.17,,0.816,0.699,0.187,-5.52,,,0.322,20.0,,8.4,32.7,0.1,1.5,0.0,Benign
VAR01961,68.0,Female,White,28.5,Former,Moderate,Yes,Ovarian,BRCA1,Missense,23.0,Yes,19.52,0.511,0.0,1.0,,,10.0,,0.272,294.0,2.42,92.7,45.5,,,44.0,Pathogenic
VAR01962,63.0,Male,White,24.9,Never,None,Yes,Breast,ATM,,16.0,Yes,,0.688,0.0,1.0,0.0,,,0.00023148,0.109,210.0,0.0,48.3,8.2,38.76,9.7,0.0,Pathogenic
VAR01963,64.0,Female,White,30.0,Never,Moderate,,,,Frameshift,4.0,No,0.0,0.092,0.119,0.87,0.0,1.06,4.34,0.48792523,0.02,298.0,14.35,10.6,30.8,6.59,26.6,30.7,Benign
VAR01964,64.0,Female,White,22.7,Never,Moderate,Yes,Lung,ATM,Frameshift,21.0,Yes,,,0.0,0.674,0.0,,3.69,8.73e-06,0.502,282.0,1.84,100.0,19.4,17.12,746.0,14.9,Pathogenic
VAR01965,26.0,,Hispanic,,Former,Moderate,Yes,Colorectal,,Splice_site,18.0,Yes,50.0,0.794,0.0,,0.55,0.66,-3.45,1.3e-07,1.0,285.0,32.46,,0.0,37.67,,47.2,Benign
VAR01966,74.0,Female,White,16.4,Never,Moderate,No,Breast,TP53,Synonymous,,Yes,0.0,0.363,0.104,0.0,,-1.76,-6.35,,0.515,438.0,16.75,,,4.04,400.9,0.0,Benign
VAR01967,61.0,Female,,33.4,Former,None,No,Ovarian,,Synonymous,19.0,No,0.0,0.293,1.0,0.146,0.0,,1.68,0.0015647,0.02,295.0,9.7,0.0,8.5,200.0,49.1,8.6,Benign
VAR01968,69.0,Female,Asian,26.6,Never,None,No,Breast,APC,,15.0,No,,0.091,,0.0,0.372,-8.28,,0.11065158,1.0,290.0,28.39,19.5,29.7,2.48,6.5,20.4,Benign
VAR01969,61.0,,White,,Never,Moderate,,Ovarian,APC,Missense,21.0,No,39.1,0.491,0.161,0.0,0.0,6.2,3.21,0.00013458,0.139,,0.0,0.0,,19.07,,0.0,Benign
VAR01970,,Female,White,,Never,,Yes,Breast,,Missense,18.0,No,39.68,0.0,0.0,1.0,0.441,6.2,1.8,7.7e-07,1.0,204.0,14.82,9.4,23.6,0.76,189.9,60.8,Pathogenic
VAR01971,52.0,Female,White,,Current,Moderate,No,Lung,TP53,Synonymous,4.0,Yes,32.45,0.017,,0.666,0.0,-4.02,-9.4,,0.319,,0.0,29.1,22.2,1.86,14.4,0.0,Benign
VAR01972,61.0,Male,White,27.5,Never,,Yes,Prostate,PALB2,Synonymous,17.0,No,1.94,0.0,0.388,1.0,0.3,,6.91,1e-07,0.462,169.0,0.0,9.8,33.7,25.23,126.8,0.0,Benign
VAR01973,52.0,Male,Other,29.4,Never,Moderate,No,Breast,MSH2,Missense,11.0,No,,0.234,0.239,0.24,0.606,1.58,2.65,0.5,0.196,388.0,0.0,0.0,13.4,1.73,4.1,39.5,Benign
VAR01974,67.0,Male,Black,22.7,Former,Moderate,No,,BRCA1,Missense,5.0,No,0.92,0.0,1.0,0.516,0.121,0.0,-10.56,,0.225,,18.74,0.0,0.0,0.76,995.2,23.2,Benign
VAR01975,31.0,Male,,21.6,Never,,Yes,Prostate,MSH2,Missense,8.0,Yes,26.04,1.0,0.0,0.0,0.675,6.2,10.0,1e-07,1.0,548.0,,,38.7,10.18,2000.0,0.0,Pathogenic
VAR01976,49.0,Male,White,27.0,Never,None,No,Colorectal,BRCA1,Missense,23.0,No,8.17,0.51,0.575,0.651,,2.4,1.57,0.00651688,0.275,140.0,2.2,7.6,,,,2.3,Benign
VAR01977,83.0,Male,Hispanic,24.1,Never,Moderate,Yes,Lung,APC,Missense,18.0,No,4.63,,0.486,0.0,0.0,1.03,-1.92,0.00021799,,427.0,38.0,0.0,41.8,0.35,,0.0,Benign
VAR01978,48.0,Male,,34.6,Former,Heavy,No,Prostate,BRCA1,Missense,2.0,No,,0.282,0.428,0.36,0.589,-4.43,,7.02e-06,0.37,,0.0,0.0,21.7,1.1,1.0,65.5,Benign
VAR01979,53.0,Male,White,,Never,,No,Lung,,Missense,10.0,No,0.0,0.0,0.0,0.177,0.0,-1.49,,0.5,,210.0,0.0,29.1,23.2,3.89,,,Benign
VAR01980,45.0,,White,23.9,Former,,No,,PTEN,Synonymous,19.0,Yes,0.0,,,0.073,0.0,2.13,2.81,0.28226241,0.612,84.0,0.0,4.4,33.0,,2.1,0.0,Benign
VAR01981,56.0,,White,26.1,Former,Moderate,,Ovarian,MSH2,Frameshift,,Yes,,0.568,0.128,0.121,0.063,6.2,10.0,1.03e-06,0.47,328.0,18.35,44.6,33.6,,9.2,,Benign
VAR01982,42.0,Male,White,28.2,Never,None,Yes,Pancreatic,PTEN,Splice_site,21.0,Yes,31.23,0.414,0.388,0.503,0.709,6.2,9.5,3.42e-06,0.189,350.0,26.25,100.0,,0.74,20.8,67.8,Pathogenic
VAR01983,54.0,Male,Asian,27.2,Never,None,No,Lung,,Missense,17.0,No,9.67,0.0,0.787,0.0,0.0,-1.58,2.28,0.01133324,0.031,285.0,17.1,51.5,,1.42,2.7,0.0,Benign
VAR01984,67.0,Male,Black,28.9,Former,Moderate,No,Breast,MLH1,,2.0,Yes,25.19,0.138,1.0,0.0,,0.86,-3.97,2.6e-07,,80.0,1.25,16.1,,0.17,26.5,20.8,Benign
VAR01985,,Female,White,,Current,None,Yes,Colorectal,MLH1,,24.0,No,50.0,,0.0,1.0,,1.8,7.49,0.5,0.02,261.0,28.72,0.0,0.0,2.33,1.0,59.1,Pathogenic
VAR01986,,Female,Asian,,Former,None,No,Breast,BRCA1,Missense,16.0,,0.0,0.0,0.435,0.015,0.116,5.48,7.23,0.00322832,0.508,334.0,0.0,85.9,39.7,107.02,206.9,0.0,Benign
VAR01987,67.0,Male,White,16.7,Never,Moderate,Yes,Colorectal,APC,Synonymous,25.0,No,8.37,0.265,1.0,0.0,0.499,,1.31,0.5,0.02,219.0,,20.8,,0.29,1.3,32.6,Benign
VAR01988,70.0,Male,White,25.6,Former,,,Breast,MSH2,,6.0,No,4.77,0.621,1.0,0.541,0.681,-2.18,,2.1e-05,0.423,317.0,21.04,100.0,12.8,0.6,12.4,0.0,Benign
VAR01989,58.0,Male,Asian,30.3,Former,,No,Lung,,Missense,19.0,,0.0,0.359,0.0,0.371,0.0,0.78,7.22,0.06879431,0.912,439.0,0.0,0.0,,1.12,,0.0,Benign
VAR01990,90.0,,Asian,25.7,Current,Moderate,No,Colorectal,TP53,Nonsense,1.0,Yes,19.68,0.129,0.083,1.0,0.841,-2.81,,1e-07,0.149,257.0,6.18,0.0,28.7,0.1,503.0,100.0,Pathogenic
VAR01991,66.0,Male,,33.7,Never,,No,Colorectal,MLH1,Nonsense,5.0,No,50.0,0.718,0.0,1.0,0.533,6.2,3.45,1e-07,0.74,200.0,2.42,98.0,19.7,0.13,18.1,16.0,Pathogenic
VAR01992,56.0,Male,White,,Former,Moderate,Yes,Lung,PTEN,Nonsense,24.0,,18.03,1.0,,0.0,0.0,3.39,10.0,0.00041273,0.992,311.0,42.67,,34.0,15.41,1440.7,77.6,Benign
VAR01993,,Female,Other,34.3,Former,None,Yes,Breast,BRCA2,Missense,25.0,Yes,15.42,,1.0,1.0,0.658,6.2,-3.12,7.54e-06,0.278,520.0,0.0,,31.3,1.4,97.2,66.8,Pathogenic
VAR01994,55.0,Male,Hispanic,33.3,Current,None,No,Ovarian,PTEN,Missense,26.0,No,7.18,0.328,1.0,,,-2.31,0.07,0.00012614,0.078,376.0,0.0,0.0,7.3,104.73,1.8,0.0,Benign
VAR01995,74.0,Female,Black,32.8,Former,,No,Colorectal,CHEK2,Missense,6.0,No,26.28,0.099,0.0,1.0,0.0,0.13,-3.96,,,154.0,21.62,0.0,7.4,0.38,12.6,0.0,VUS
VAR01996,78.0,Female,White,21.5,Current,Heavy,,Colorectal,,Splice_site,25.0,No,3.2,0.005,0.175,,0.0,5.13,1.06,0.00017666,0.875,469.0,0.0,0.0,17.1,,16.3,0.0,Benign
VAR01997,,Female,White,27.6,,None,No,Pancreatic,BRCA2,Missense,2.0,No,10.01,0.0,0.55,0.776,0.0,4.06,-5.03,0.01175844,1.0,274.0,1.12,,34.9,0.1,109.9,49.2,Benign
VAR01998,62.0,Female,Hispanic,33.6,Never,Heavy,No,Ovarian,BRCA2,Splice_site,11.0,Yes,,1.0,0.0,0.714,,6.2,10.0,1e-07,0.209,294.0,,16.0,31.7,,61.1,,Pathogenic
VAR01999,,Female,Asian,28.9,Never,Moderate,No,Colorectal,MLH1,Frameshift,12.0,No,,0.487,0.703,0.352,0.107,-0.77,,0.00528554,0.622,178.0,0.72,0.0,33.4,,10.6,75.2,Benign
VAR02000,62.0,Female,Black,30.3,Former,Moderate,No,Pancreatic,TP53,,22.0,,,0.0,,0.0,0.869,-4.72,4.99,6.998e-05,0.148,,,21.2,17.4,11.9,2.8,,Benign
VAR02001,36.0,,White,20.6,Never,Moderate,,Lung,PALB2,Missense,19.0,Yes,41.93,1.0,0.0,,0.058,6.2,-2.91,1e-07,0.046,105.0,18.68,33.9,40.1,1.21,130.3,100.0,Pathogenic
VAR02002,37.0,,Black,37.1,Former,None,No,Ovarian,MLH1,Missense,10.0,,0.0,0.0,0.165,,0.445,2.85,-1.12,0.00112549,0.252,196.0,0.0,0.0,28.3,0.77,7.7,50.3,Benign
VAR02003,59.0,Female,White,23.5,Current,Moderate,Yes,Ovarian,TP53,,5.0,,3.24,0.102,,0.202,0.166,1.53,-7.26,1e-07,0.253,387.0,,39.4,11.4,1.92,3.1,77.9,Benign
VAR02004,62.0,Male,White,17.5,Current,None,No,Prostate,PALB2,Frameshift,10.0,Yes,29.62,0.0,,0.0,1.0,5.55,10.0,,0.441,334.0,32.87,31.1,17.3,200.0,,31.7,VUS
VAR02005,64.0,Female,White,25.7,Former,Moderate,No,Colorectal,PALB2,,9.0,Yes,19.23,0.265,0.185,1.0,0.524,-1.13,1.62,,0.696,237.0,16.62,93.8,36.6,87.49,499.0,38.6,Pathogenic
VAR02006,62.0,Female,White,16.0,Former,,No,Breast,,Missense,19.0,No,8.8,0.0,0.206,,0.018,-1.58,0.25,0.07621217,,299.0,13.57,95.6,,0.9,1.0,0.0,Benign
VAR02007,59.0,,,22.1,Never,Heavy,No,Colorectal,MSH2,Missense,,Yes,21.55,0.482,0.595,0.475,0.806,0.05,8.72,0.0014624,1.0,397.0,19.71,,0.0,,131.2,,Pathogenic
VAR02008,43.0,Male,,,Never,None,No,Breast,BRCA2,Synonymous,12.0,No,1.93,0.462,1.0,0.0,0.245,1.26,-3.9,,1.0,362.0,0.0,36.2,26.8,0.37,19.1,10.5,Benign
VAR02009,55.0,,White,25.6,,Moderate,No,Colorectal,PTEN,Missense,17.0,No,26.38,0.144,0.549,0.83,0.433,-5.77,-6.76,1e-07,0.356,393.0,0.0,42.5,0.0,,4.8,11.0,Benign
VAR02010,36.0,Male,Asian,20.4,Former,None,No,,MSH2,Missense,18.0,No,0.0,0.0,0.424,0.0,0.276,,1.97,0.00059021,0.143,189.0,11.61,98.9,8.5,20.65,3.1,58.5,Benign
VAR02011,,Male,,,Never,None,No,Pancreatic,BRCA1,Missense,20.0,Yes,13.49,0.289,1.0,0.461,0.0,6.2,,4.5e-07,0.32,242.0,28.75,0.0,30.4,0.62,24.4,57.5,VUS
VAR02012,66.0,Male,White,23.0,Never,None,No,Lung,CHEK2,,,No,11.97,0.0,1.0,0.36,0.259,,9.25,0.5,0.253,533.0,14.56,0.0,24.1,30.05,,,Benign
VAR02013,46.0,,White,31.8,Former,Moderate,No,Prostate,BRCA2,Missense,,No,22.78,,0.0,0.625,0.25,,-0.06,0.0003101,0.102,276.0,,0.0,7.4,,4.4,21.2,Benign
VAR02014,67.0,Male,Hispanic,23.1,Never,Moderate,No,Prostate,BRCA2,Synonymous,,No,6.08,0.0,1.0,0.565,0.0,1.37,-8.49,0.28925689,0.02,269.0,12.16,0.0,14.1,1.72,207.5,26.8,Benign
VAR02015,,Female,White,28.9,Former,Moderate,No,Pancreatic,MSH2,Frameshift,12.0,No,23.26,0.0,1.0,0.621,0.162,-1.4,-0.87,0.5,0.02,334.0,19.44,1.7,38.7,0.1,12.5,18.6,Benign
VAR02016,44.0,Female,White,21.8,Never,Moderate,No,,TP53,Missense,,Yes,27.14,0.744,0.362,0.761,0.0,6.2,10.0,1e-07,0.807,344.0,,1.2,23.4,24.62,41.2,95.0,Pathogenic
VAR02017,64.0,Female,White,40.5,Former,,,Prostate,CHEK2,Synonymous,23.0,No,9.88,0.383,0.321,0.648,0.147,0.0,-4.35,0.00384577,,210.0,14.92,35.5,22.0,0.17,2.5,36.2,Benign
VAR02018,47.0,Male,White,30.0,Never,Moderate,No,Breast,TP53,Missense,17.0,No,9.28,,,0.0,0.328,-8.01,-11.43,0.0031342,0.487,46.0,9.86,39.1,,,207.9,4.2,Benign
VAR02019,32.0,,Hispanic,26.8,Former,None,No,Breast,,Missense,12.0,No,18.32,0.157,1.0,0.0,0.443,-2.31,0.02,0.5,0.248,285.0,0.0,17.7,36.0,57.32,362.4,65.6,Benign
VAR02020,,Female,White,26.0,Former,Moderate,,Breast,MLH1,Splice_site,25.0,Yes,36.53,,0.449,0.093,0.744,6.2,10.0,0.00317679,,318.0,10.69,51.6,15.1,0.1,69.1,26.9,Benign
VAR02021,50.0,Male,White,,Never,,No,Lung,MLH1,Frameshift,12.0,,0.0,,0.818,1.0,0.0,-4.62,2.27,6.2e-06,0.02,,20.25,92.5,33.0,,600.0,12.5,Benign
VAR02022,50.0,Male,White,23.7,Never,Moderate,No,Pancreatic,BRCA1,Synonymous,21.0,No,11.42,0.183,1.0,0.0,0.0,-4.71,3.34,8.014e-05,0.076,349.0,0.0,33.1,17.4,0.62,4.8,7.6,Benign
VAR02023,82.0,,White,23.6,Current,None,No,Pancreatic,,Missense,16.0,No,,0.134,0.056,0.941,0.435,-0.41,6.83,0.00018341,0.043,357.0,0.0,0.0,23.7,0.91,,1.4,Benign
VAR02024,36.0,Female,White,35.9,Never,Moderate,Yes,Prostate,CHEK2,Missense,1.0,No,31.02,0.107,0.506,0.482,0.21,-9.37,10.0,2.57e-05,0.02,427.0,16.29,0.0,0.0,0.12,7.2,4.5,Benign
VAR02025,61.0,Female,Asian,24.7,Former,Moderate,No,Prostate,TP53,Synonymous,20.0,Yes,,0.0,0.643,0.305,0.247,3.82,-16.17,0.00042132,,199.0,11.57,0.0,,191.82,5.6,53.3,Benign
VAR02026,43.0,Female,White,16.9,Never,,Yes,Colorectal,BRCA2,Missense,25.0,Yes,16.48,0.351,0.446,0.393,0.746,3.42,-7.55,0.00012634,0.04,360.0,26.76,77.4,24.8,3.46,559.1,19.1,Benign
VAR02027,68.0,Male,,21.7,Former,None,No,Colorectal,ATM,Synonymous,21.0,No,2.52,0.759,0.0,0.0,0.0,4.81,1.86,0.0030833,0.367,381.0,,,1.8,0.1,7.5,82.4,Benign
VAR02028,,Male,White,,Never,Moderate,Yes,Lung,,Synonymous,17.0,No,11.02,0.0,1.0,1.0,0.797,1.51,2.55,0.00131138,0.02,,0.0,0.0,16.1,,1.7,0.0,Benign
VAR02029,61.0,,Hispanic,26.2,Former,None,No,Breast,BRCA1,Missense,,No,0.0,0.103,0.182,0.01,0.0,-3.38,,0.5,0.597,414.0,27.94,,0.0,26.14,1.0,0.0,Benign
VAR02030,44.0,Female,White,26.8,Former,Moderate,No,,,Synonymous,,Yes,7.79,0.857,0.173,0.732,0.386,-5.1,-4.13,3.417e-05,0.53,436.0,10.55,0.0,34.6,2.09,18.5,0.0,Benign
VAR02031,46.0,Female,Asian,33.3,Never,,Yes,,PTEN,Synonymous,23.0,No,13.02,0.359,0.374,0.0,0.034,3.01,10.0,2e-07,0.134,,16.16,,47.1,75.12,1.5,0.0,Benign
VAR02032,64.0,,Black,23.6,Never,,No,Breast,BRCA2,Splice_site,13.0,Yes,12.72,0.968,,0.149,0.305,6.2,4.27,1.6e-07,1.0,270.0,8.37,5.9,3.9,0.1,2000.0,21.5,Pathogenic
VAR02033,79.0,,White,,Current,None,No,Lung,APC,Missense,13.0,Yes,30.82,,0.49,1.0,,,2.13,7.899e-05,0.316,460.0,13.49,54.7,0.0,26.78,,,Benign
VAR02034,62.0,Male,Black,24.2,Former,None,Yes,,TP53,Missense,18.0,No,0.0,0.499,1.0,,0.0,-5.19,10.0,0.5,0.407,180.0,0.0,,31.7,,1.0,,Benign
VAR02035,40.0,Female,White,30.4,Current,None,No,Prostate,CHEK2,,25.0,Yes,36.47,1.0,0.613,,,4.71,7.09,,0.02,488.0,0.0,,26.4,,2000.0,56.9,Pathogenic
VAR02036,60.0,Male,Other,25.5,Former,Heavy,No,,MSH2,Missense,,No,0.0,0.271,,,,1.12,5.76,0.5,,407.0,,49.4,30.1,12.93,,0.0,Benign
VAR02037,88.0,Female,Other,,Former,Moderate,No,Breast,PTEN,Synonymous,15.0,No,3.98,0.0,0.257,0.163,0.44,4.75,,0.5,0.077,283.0,,52.6,34.6,,390.6,80.6,Benign
VAR02038,57.0,Male,White,31.6,Former,Moderate,No,Prostate,MLH1,Synonymous,16.0,No,15.55,0.381,0.487,0.517,0.0,3.51,-1.32,1e-07,,145.0,0.0,0.0,24.5,59.07,243.6,13.1,Benign
VAR02039,,Female,Black,,Current,Moderate,No,Breast,,Missense,13.0,No,19.22,0.0,0.112,0.275,0.354,0.14,-1.68,2.048e-05,0.755,312.0,0.0,68.6,46.6,53.39,486.0,48.1,Benign
VAR02040,46.0,Female,White,26.7,Never,Moderate,No,Ovarian,BRCA1,Splice_site,18.0,No,,0.0,,0.149,0.068,5.21,8.24,5.4e-07,0.111,250.0,31.88,17.0,48.6,2.85,1492.3,0.0,Benign
VAR02041,55.0,Male,White,25.1,,Moderate,No,Colorectal,,Synonymous,6.0,No,4.19,,,0.089,0.306,-1.09,0.75,0.5,0.422,146.0,13.23,,56.4,0.1,1.1,2.0,Benign
VAR02042,60.0,Male,Hispanic,35.5,Former,Moderate,,Prostate,CHEK2,Frameshift,11.0,Yes,,1.0,1.0,1.0,0.666,3.4,0.14,0.0002871,0.88,257.0,22.34,76.3,59.1,,,62.7,Pathogenic
VAR02043,57.0,Female,Asian,30.4,Current,None,,,MSH2,,13.0,Yes,,0.442,0.103,0.221,0.252,6.2,10.0,2.376e-05,,419.0,27.01,54.5,9.1,0.13,294.0,67.1,Pathogenic
VAR02044,42.0,,White,25.5,Never,Moderate,,Breast,,,15.0,Yes,,0.25,,0.776,0.556,6.2,-11.49,,0.02,,24.06,50.3,41.3,1.98,53.3,85.1,Pathogenic
VAR02045,45.0,Male,Black,24.2,Never,None,No,Lung,APC,,14.0,No,0.0,0.0,0.896,0.953,0.234,4.98,10.0,0.00019198,,293.0,,2.8,25.4,,95.2,0.0,Benign
VAR02046,65.0,Male,Hispanic,32.6,Former,Heavy,Yes,Prostate,CHEK2,Splice_site,12.0,Yes,24.84,0.87,0.0,0.122,0.78,3.98,5.32,1e-07,0.698,147.0,16.12,37.9,0.0,,17.2,100.0,Pathogenic
VAR02047,70.0,Male,White,,Former,Moderate,No,Pancreatic,MLH1,Missense,,No,0.0,,0.063,0.335,0.784,2.0,2.4,0.01498812,0.519,300.0,,0.0,31.3,9.92,197.6,87.9,VUS
VAR02048,72.0,Female,Black,26.7,Never,,,Breast,MLH1,Nonsense,22.0,Yes,6.46,1.0,0.248,0.321,0.184,0.86,7.02,4.51e-06,0.923,493.0,0.0,29.1,9.1,0.87,1.7,59.8,Pathogenic
VAR02049,,Female,Black,28.1,Former,Moderate,No,Breast,BRCA2,Synonymous,24.0,No,0.0,,,0.358,0.0,4.59,9.18,0.12583776,0.788,324.0,0.0,,,43.61,2000.0,30.4,Benign
VAR02050,58.0,,Hispanic,29.2,Never,None,Yes,Colorectal,PALB2,Synonymous,,No,21.62,0.347,1.0,0.217,0.58,-2.19,1.9,0.02664145,0.611,280.0,15.57,,,71.84,2000.0,25.5,Benign
VAR02051,52.0,Female,Other,27.2,Never,Moderate,Yes,Prostate,,Synonymous,14.0,No,0.43,0.0,0.0,,0.0,-8.58,0.66,0.26459454,,,11.1,82.6,45.5,0.29,1.0,0.0,Benign
VAR02052,,Male,White,33.5,Former,Moderate,No,Ovarian,PALB2,,12.0,Yes,3.45,0.446,0.951,0.213,,,-5.2,0.04629764,0.02,459.0,1.62,10.6,5.9,1.96,837.8,0.0,Benign
VAR02053,65.0,Male,,33.8,,Moderate,Yes,Colorectal,BRCA2,Missense,,No,12.73,0.483,0.284,,0.0,,-3.7,0.5,0.497,472.0,39.75,51.0,8.7,10.24,1.0,0.0,Benign
VAR02054,39.0,Female,,30.2,Former,Moderate,Yes,Pancreatic,APC,Splice_site,18.0,Yes,17.44,0.017,0.0,0.58,0.186,-7.52,10.0,,0.547,358.0,0.0,43.6,42.5,104.99,168.3,2.2,Pathogenic
VAR02055,43.0,Male,White,34.4,Never,Moderate,No,Colorectal,APC,Missense,24.0,No,0.0,0.0,0.0,,0.007,-2.11,2.2,0.00013806,0.409,139.0,7.12,,26.9,,,82.1,Benign
VAR02056,62.0,Male,,27.5,Former,Moderate,Yes,Lung,MSH2,Missense,23.0,Yes,0.0,0.109,,0.0,,4.06,10.0,0.03968991,1.0,429.0,10.36,89.5,54.3,0.7,,0.0,Benign
VAR02057,54.0,Male,Asian,31.0,Never,None,No,Pancreatic,ATM,Missense,26.0,No,,0.0,1.0,0.0,0.0,2.38,-4.33,0.01437912,0.735,277.0,0.71,,,,1.0,59.8,Benign
VAR02058,52.0,Female,White,32.5,Current,Moderate,Yes,Ovarian,BRCA1,Nonsense,15.0,Yes,35.38,1.0,0.515,1.0,0.0,,-0.77,8.6e-07,0.443,262.0,4.05,0.0,41.8,0.51,109.7,42.0,Benign
VAR02059,66.0,Female,Black,32.6,Former,Moderate,Yes,Breast,CHEK2,Missense,10.0,Yes,,,0.841,1.0,0.731,6.2,8.39,,0.211,213.0,9.08,0.0,,2.86,25.6,46.6,Benign
VAR02060,62.0,Female,White,32.1,Never,None,Yes,Breast,BRCA1,Splice_site,25.0,,35.12,1.0,0.0,0.0,,2.17,5.96,0.00073581,,380.0,35.62,79.4,28.3,1.68,,42.2,Pathogenic
VAR02061,73.0,Female,White,30.7,Current,None,No,Lung,,Missense,6.0,Yes,22.56,0.401,0.602,,0.046,-4.71,,0.05311421,0.544,425.0,1.0,31.4,54.9,0.17,43.7,0.0,Benign
VAR02062,,,,37.3,Never,,No,Breast,BRCA2,Missense,9.0,No,25.65,0.131,0.0,0.411,,2.75,-2.47,0.47863785,0.26,247.0,11.82,0.0,2.4,10.99,1.0,84.7,Benign
VAR02063,55.0,Female,Black,24.8,Never,None,,Breast,ATM,Synonymous,26.0,No,30.71,1.0,,0.321,,6.2,10.0,3.15e-06,0.02,391.0,,,22.2,2.37,184.5,56.4,Benign
VAR02064,65.0,Female,White,26.7,Current,,Yes,Breast,MSH2,Synonymous,,No,0.0,0.0,0.478,0.09,0.0,,-7.52,0.5,0.02,441.0,16.28,,20.2,6.15,8.4,71.3,Benign
VAR02065,,Female,Asian,26.4,Current,,No,Colorectal,ATM,Synonymous,16.0,No,0.0,0.237,,0.0,0.5,0.31,,,0.73,360.0,22.39,,26.9,0.18,,31.1,VUS
VAR02066,47.0,Male,White,25.7,Former,Moderate,No,Prostate,MSH2,Splice_site,15.0,,0.0,,0.13,0.685,0.0,2.95,-3.79,2.659e-05,,320.0,3.63,5.7,35.7,20.5,96.0,72.0,Benign
VAR02067,,Male,White,,Current,Moderate,Yes,Colorectal,CHEK2,Missense,13.0,,,0.731,0.061,0.418,0.0,6.05,2.04,3.3e-07,,303.0,22.91,91.1,24.4,28.32,8.8,55.1,Pathogenic
VAR02068,,Female,White,34.4,Never,None,No,,APC,Missense,25.0,No,9.57,,1.0,1.0,0.61,3.83,5.8,2.081e-05,0.536,,4.46,0.0,58.5,27.85,15.9,7.2,Benign
VAR02069,77.0,Male,Black,,,Moderate,Yes,Pancreatic,PALB2,Synonymous,12.0,No,,0.207,0.555,0.808,,-2.56,-2.7,5.69e-06,0.02,404.0,6.67,71.8,0.0,1.91,,0.0,Benign
VAR02070,82.0,Female,White,,Never,,,Lung,PALB2,Synonymous,13.0,No,11.34,0.184,0.0,0.0,0.0,-5.95,10.0,,0.728,445.0,12.36,,0.0,1.5,15.4,46.1,Benign
VAR02071,45.0,Female,Hispanic,20.4,Never,,No,Lung,,Missense,,No,6.68,0.243,,,0.174,-3.66,-5.77,0.5,0.317,,10.45,,17.5,9.16,16.8,76.6,Benign
VAR02072,63.0,Male,,,Former,None,No,Breast,TP53,Missense,4.0,,23.15,0.261,0.609,0.583,0.0,4.43,3.1,0.5,0.288,271.0,9.35,50.2,45.0,37.26,76.9,55.9,Benign
VAR02073,63.0,Female,,23.6,Never,Moderate,No,Colorectal,BRCA1,Missense,6.0,,0.0,0.441,0.242,0.121,0.586,5.21,0.55,0.03162416,0.02,374.0,0.0,,19.2,2.34,9.3,,Benign
VAR02074,,Female,Asian,21.8,Former,None,No,Breast,BRCA2,Missense,9.0,No,24.41,,0.607,0.555,0.426,-0.26,0.82,0.00011803,0.895,221.0,0.0,47.2,14.4,0.1,222.7,48.3,Benign
VAR02075,60.0,Female,,28.5,Never,,Yes,Colorectal,PTEN,Missense,8.0,No,27.75,0.547,0.335,0.843,,6.2,,1.02e-06,0.02,458.0,,26.4,0.0,1.1,361.5,0.0,VUS
VAR02076,59.0,Female,White,24.0,Never,Moderate,No,,CHEK2,Missense,19.0,Yes,12.74,,0.418,,0.0,0.58,-5.03,,0.02,446.0,0.0,,16.5,48.06,5.0,,VUS
VAR02077,74.0,Male,White,24.6,Former,None,Yes,Ovarian,MLH1,Nonsense,15.0,Yes,50.0,0.0,0.629,,0.0,2.47,,1e-07,0.579,375.0,19.44,65.8,12.5,25.02,,25.0,Pathogenic
VAR02078,70.0,,White,28.4,,Moderate,No,Breast,PALB2,Missense,1.0,No,25.56,1.0,1.0,0.0,0.0,,,0.14091057,0.02,273.0,1.06,15.0,18.9,4.7,84.2,0.0,Benign
VAR02079,42.0,Female,White,31.5,,Moderate,,Prostate,MLH1,Nonsense,14.0,No,8.71,0.0,0.731,0.627,0.0,0.16,,0.00592303,1.0,,0.0,71.0,19.5,1.0,1099.5,,Benign
VAR02080,66.0,Female,White,23.4,Former,Moderate,No,Pancreatic,CHEK2,,3.0,No,,0.0,0.111,,0.202,5.33,,0.31471634,,129.0,31.24,69.6,34.4,88.64,267.3,,Benign
VAR02081,68.0,Female,Black,22.5,Former,Moderate,No,Prostate,PTEN,Missense,15.0,Yes,1.2,0.0,0.28,0.0,,6.2,2.93,0.00985967,0.683,236.0,,42.5,14.2,,2.0,2.0,Benign
VAR02082,60.0,,White,27.6,Current,Heavy,Yes,,MSH2,Missense,2.0,No,5.94,,0.924,0.531,0.038,5.37,3.81,1.8e-07,1.0,401.0,0.0,,6.7,2.55,,79.1,Benign
VAR02083,,Male,White,,Current,Moderate,Yes,Colorectal,CHEK2,Frameshift,,Yes,26.4,0.874,,,0.024,6.2,-1.21,9.5e-07,0.821,235.0,0.85,,22.3,,5.5,32.2,Pathogenic
VAR02084,58.0,Male,Black,34.8,Never,Heavy,,Ovarian,MSH2,Missense,23.0,,2.97,0.29,0.0,,0.0,,-0.47,,0.033,583.0,0.0,39.1,,6.07,664.8,62.9,Benign
VAR02085,59.0,Female,White,22.1,Former,Moderate,No,Lung,MLH1,Synonymous,1.0,,4.63,0.0,1.0,0.415,0.621,-3.91,,0.0118435,0.494,265.0,6.87,0.0,0.0,0.47,,3.8,Benign
VAR02086,58.0,Male,,25.9,Never,None,No,Lung,PTEN,Missense,27.0,No,0.0,0.0,0.168,,0.461,,9.15,0.00010994,0.919,218.0,0.0,28.7,28.7,14.06,1.6,18.4,Benign
VAR02087,30.0,Female,Black,33.4,Never,,No,Prostate,,Synonymous,,No,0.0,0.348,0.878,0.0,0.347,1.78,8.9,,0.02,357.0,0.0,36.7,0.0,8.64,6.2,20.6,Benign
VAR02088,55.0,Female,White,37.4,Former,None,No,,APC,Missense,23.0,No,0.0,0.289,1.0,,0.307,1.46,6.54,,0.811,362.0,11.85,,33.7,3.63,1.8,50.2,Benign
VAR02089,,Female,White,22.5,Former,Moderate,No,Pancreatic,BRCA2,Nonsense,6.0,No,14.53,,0.0,1.0,0.0,-5.97,-2.6,2e-07,0.556,470.0,,29.5,12.5,6.05,6.8,10.2,Benign
VAR02090,41.0,Female,White,23.8,Former,None,,Breast,,Splice_site,13.0,No,9.26,0.526,0.798,0.202,,2.05,0.49,0.00213187,1.0,292.0,0.0,26.9,1.5,0.8,72.8,0.0,Benign
VAR02091,75.0,Male,White,29.4,Former,Moderate,No,Breast,PALB2,Missense,25.0,,6.07,0.13,0.396,,0.0,5.75,1.25,0.20366426,,222.0,,100.0,71.9,122.08,4.0,47.6,Benign
VAR02092,61.0,Male,White,24.6,Former,Moderate,Yes,Prostate,APC,Missense,3.0,No,28.35,1.0,,0.614,0.0,-7.81,1.26,,0.468,256.0,10.05,30.1,23.9,53.17,29.5,28.6,VUS
VAR02093,52.0,Female,Hispanic,23.7,,Moderate,Yes,Colorectal,APC,Missense,12.0,Yes,14.4,0.647,0.0,0.72,0.503,6.2,-2.17,1e-07,0.807,452.0,16.01,69.2,41.0,1.26,,100.0,Pathogenic
VAR02094,49.0,Female,Black,28.7,Never,Moderate,Yes,Colorectal,ATM,Missense,,No,0.0,0.496,0.0,0.059,,-9.9,9.88,0.5,0.02,501.0,0.0,19.3,20.7,1.76,1.0,0.0,Benign
VAR02095,56.0,,White,35.2,,None,,Ovarian,ATM,,10.0,Yes,4.67,1.0,0.0,1.0,0.74,-1.65,9.23,0.00547956,0.177,254.0,26.73,52.3,45.6,56.25,1.0,44.0,Pathogenic
VAR02096,69.0,,Asian,,Never,None,No,,ATM,Missense,27.0,Yes,24.11,0.0,0.72,,0.019,0.07,6.28,0.00020933,0.379,304.0,,0.0,35.3,10.11,5.6,0.0,Benign
VAR02097,44.0,Female,White,35.0,Former,Moderate,Yes,,,Frameshift,15.0,Yes,24.42,,1.0,0.0,0.056,,6.92,1.17e-06,,,,1.0,17.0,4.2,2.7,33.6,VUS
VAR02098,56.0,Male,,,Never,Moderate,,Lung,CHEK2,Missense,10.0,No,28.94,0.0,0.749,0.843,,-0.08,-1.93,,0.093,401.0,6.98,,39.5,0.32,49.8,21.9,Benign
VAR02099,63.0,Male,Hispanic,,,Moderate,No,,APC,Nonsense,17.0,Yes,,0.321,,0.701,,6.2,-2.94,1.225e-05,1.0,255.0,22.28,0.0,43.4,,,100.0,Pathogenic
VAR02100,31.0,Male,White,35.5,Never,Moderate,No,Pancreatic,MSH2,Synonymous,8.0,No,,0.0,0.308,0.368,0.325,-3.64,5.53,0.00019895,,189.0,,,14.5,,105.3,36.6,Benign
VAR02101,51.0,,White,29.1,Former,Moderate,Yes,Prostate,BRCA1,Missense,3.0,Yes,16.8,0.854,0.0,1.0,0.08,3.92,10.0,1e-07,,246.0,,1.3,21.7,,137.8,32.4,Pathogenic
VAR02102,49.0,Female,White,26.0,Never,Moderate,No,Prostate,PALB2,Missense,16.0,No,0.0,0.0,0.548,0.0,0.0,1.69,4.53,0.0562464,0.424,411.0,0.0,0.0,59.6,38.51,195.9,32.8,VUS
VAR02103,54.0,Female,Asian,31.1,Never,None,No,Prostate,,Missense,21.0,No,0.0,0.192,0.366,0.799,,,,0.00984832,0.02,153.0,0.0,100.0,25.5,9.87,,55.8,Benign
VAR02104,,Male,White,26.6,Never,,No,,CHEK2,Missense,5.0,No,2.88,0.081,1.0,0.0,0.175,-2.9,-2.77,0.5,0.833,339.0,1.41,67.4,42.0,12.67,10.6,0.0,Benign
VAR02105,58.0,Female,Asian,30.1,Never,Moderate,No,Colorectal,MSH2,Synonymous,4.0,No,0.0,0.652,0.0,1.0,0.169,-2.5,-1.18,0.00318934,0.443,277.0,0.0,100.0,36.9,0.1,2000.0,38.8,Benign
VAR02106,77.0,Female,White,26.5,,Moderate,Yes,Prostate,MSH2,,17.0,Yes,11.03,0.492,0.463,0.482,0.407,,7.8,0.01016586,1.0,237.0,1.33,36.6,41.7,10.24,3.1,24.4,Pathogenic
VAR02107,48.0,Female,White,31.8,Current,,Yes,,,,11.0,,26.7,1.0,,1.0,0.747,3.68,3.37,7e-07,0.158,263.0,8.31,27.0,40.0,10.05,207.9,37.9,Pathogenic
VAR02108,59.0,Male,Black,,Never,Moderate,Yes,Breast,ATM,Missense,26.0,Yes,25.86,0.47,0.632,1.0,0.061,1.83,0.4,2.243e-05,0.02,413.0,0.42,40.3,0.0,0.14,,,VUS
VAR02109,78.0,Male,White,22.4,Never,None,Yes,Colorectal,BRCA2,Missense,10.0,Yes,16.71,0.765,0.487,,0.0,6.2,,1.5e-07,0.428,376.0,20.13,56.1,12.5,200.0,129.3,0.0,Benign
VAR02110,49.0,,White,20.5,Former,Moderate,No,Breast,MSH2,Missense,11.0,No,10.02,0.76,0.232,0.1,0.602,-2.4,-3.28,0.5,0.099,431.0,5.7,6.0,16.6,7.05,162.7,0.0,Benign
VAR02111,80.0,Female,Asian,27.2,Former,None,No,Lung,ATM,Missense,16.0,Yes,37.35,1.0,0.143,0.035,0.452,-8.84,-2.85,0.00087175,0.311,228.0,,,27.3,8.72,18.2,43.1,Benign
VAR02112,56.0,Male,,19.9,Never,Moderate,,,PALB2,Missense,27.0,No,,0.084,0.723,0.998,0.0,5.39,4.44,0.5,0.849,132.0,9.93,45.5,6.2,,59.3,1.6,Benign
VAR02113,,Female,Asian,24.0,Never,None,No,Lung,MSH2,Missense,19.0,No,25.1,0.0,0.196,0.294,0.115,1.03,,0.00018603,0.546,337.0,0.0,0.0,20.1,4.65,31.3,16.5,Benign
VAR02114,62.0,Female,Other,22.0,,None,Yes,Breast,PTEN,Frameshift,18.0,Yes,34.0,0.975,0.187,1.0,0.996,-1.01,5.98,1e-07,0.395,316.0,21.42,65.0,0.0,7.4,1.3,60.7,Pathogenic
VAR02115,,Female,White,34.9,Current,None,Yes,Breast,APC,Missense,22.0,No,27.95,0.0,0.698,0.125,0.0,4.04,-0.05,0.12954159,0.373,263.0,0.0,8.0,0.0,151.44,10.7,0.0,Benign
VAR02116,55.0,Female,White,22.5,,Moderate,Yes,Ovarian,BRCA2,Synonymous,23.0,No,,0.0,0.517,0.448,0.364,6.2,4.75,6.738e-05,0.02,99.0,9.01,53.2,70.3,20.15,1.0,0.0,Benign
VAR02117,48.0,Female,White,21.1,Former,Moderate,No,Breast,APC,Missense,15.0,No,0.0,0.775,0.688,0.482,0.506,5.93,5.86,0.01393073,0.02,412.0,12.46,65.6,14.3,4.05,,0.0,Benign
VAR02118,57.0,Male,Black,28.7,Never,Moderate,No,Colorectal,CHEK2,,,No,8.03,0.44,0.861,0.0,0.153,6.2,-0.21,0.0078068,0.859,,0.0,44.6,44.9,0.11,31.4,0.0,Benign
VAR02119,68.0,Female,Other,35.9,,Moderate,Yes,Prostate,,Synonymous,5.0,No,0.0,0.0,0.501,1.0,0.94,-5.09,0.26,,0.03,395.0,0.0,0.0,38.2,0.19,187.7,10.4,Benign
VAR02120,56.0,Female,,26.9,Never,Moderate,No,Lung,PALB2,Missense,16.0,No,0.0,1.0,0.316,0.093,0.313,1.64,,0.5,0.952,390.0,6.47,0.0,14.5,0.1,,11.7,Benign
VAR02121,52.0,Male,Asian,27.3,Former,Moderate,No,Lung,TP53,Missense,19.0,No,8.46,0.0,0.953,0.741,0.083,2.11,-1.14,0.01042546,0.221,383.0,0.0,0.0,49.5,1.31,23.1,36.3,Benign
VAR02122,53.0,Male,White,34.0,Never,,No,,TP53,Missense,10.0,No,,0.462,0.684,0.0,0.0,-0.03,8.94,0.00493118,0.406,310.0,,0.0,5.9,,25.2,31.5,Benign
VAR02123,69.0,Female,White,31.9,Never,Moderate,,Breast,MLH1,,,,20.43,0.0,0.771,0.559,0.02,-0.99,3.96,,0.699,67.0,6.14,0.0,20.6,3.11,2000.0,0.0,Benign
VAR02124,72.0,,White,,Never,Moderate,No,Lung,,,13.0,No,32.93,,,0.759,0.0,-12.0,,0.05222404,0.748,,,17.3,33.0,10.23,11.3,,Benign
VAR02125,47.0,Female,Asian,24.6,,Moderate,No,Ovarian,MSH2,,16.0,,1.76,0.0,0.607,,0.0,6.2,-4.55,0.0251313,,,35.4,0.0,,200.0,,0.0,VUS
VAR02126,47.0,Female,White,29.8,Never,Heavy,No,Ovarian,APC,Missense,23.0,,26.03,0.051,0.381,0.765,0.0,-6.86,,0.00026088,0.38,520.0,10.92,0.0,19.2,0.36,19.7,26.0,Benign
VAR02127,61.0,Male,White,,Never,None,,Lung,BRCA1,Missense,12.0,,12.21,0.0,0.248,0.0,0.0,4.61,1.55,0.5,0.342,422.0,5.48,18.5,0.0,0.35,1039.4,0.0,Benign
VAR02128,72.0,Female,White,24.4,Former,Moderate,Yes,Ovarian,APC,Nonsense,15.0,,7.41,1.0,,1.0,0.787,4.85,10.0,7.9e-07,0.679,297.0,34.25,55.2,35.9,,331.0,21.9,Pathogenic
VAR02129,71.0,Female,White,34.7,Never,Moderate,Yes,Breast,BRCA2,Missense,12.0,No,5.63,0.0,0.786,0.0,0.177,0.36,-11.23,0.06628106,0.431,,10.31,,38.5,,89.9,68.7,Benign
VAR02130,40.0,Female,White,34.0,Never,Moderate,No,Colorectal,,,9.0,Yes,9.83,0.398,0.809,0.278,0.111,-0.43,10.0,1.42e-06,0.043,331.0,4.86,0.6,13.4,2.3,10.3,,Benign
VAR02131,53.0,Female,White,29.7,Former,Moderate,No,,,Splice_site,19.0,No,0.0,0.182,0.621,0.0,0.931,,3.58,0.43481405,0.413,410.0,0.0,33.3,38.8,,10.6,45.2,Benign
VAR02132,44.0,Female,Asian,17.9,Never,None,No,Lung,BRCA1,Missense,17.0,No,0.0,0.0,0.723,0.164,0.747,3.42,10.0,4.373e-05,0.02,350.0,0.0,13.2,26.5,0.18,702.7,31.3,Benign
VAR02133,53.0,Male,Hispanic,21.5,Never,Moderate,,Breast,PALB2,Missense,,Yes,,0.0,0.009,0.924,0.0,4.83,7.8,0.11344079,0.351,164.0,,12.0,41.9,0.17,6.5,0.0,Benign
VAR02134,77.0,,White,24.1,Current,Moderate,No,Prostate,APC,Synonymous,,Yes,0.0,0.076,0.322,,0.336,-0.07,,0.5,0.4,475.0,10.19,47.0,36.1,0.86,5.4,,Benign
VAR02135,38.0,Male,,26.6,Former,Moderate,No,Colorectal,MLH1,Missense,24.0,,,0.056,0.879,0.0,0.0,-4.98,10.0,0.02538383,0.02,370.0,3.19,,16.7,0.61,1.0,100.0,Benign
VAR02136,31.0,,White,21.2,Never,None,Yes,,ATM,Splice_site,22.0,No,,0.925,0.0,1.0,,-0.84,,0.00167444,0.402,261.0,11.03,73.1,59.7,2.47,1.0,75.4,Pathogenic
VAR02137,45.0,Male,Hispanic,26.3,Never,,No,Breast,PTEN,Synonymous,21.0,No,0.0,1.0,0.619,0.935,,5.23,4.84,5.73e-06,0.134,356.0,10.29,100.0,6.0,43.66,294.7,14.1,Benign
VAR02138,60.0,Female,White,36.3,,Heavy,No,Pancreatic,ATM,Missense,23.0,No,9.75,,0.575,,0.0,-0.73,4.21,0.00157528,0.142,,14.89,30.1,0.0,,1.0,0.0,Benign
VAR02139,60.0,Female,Black,29.5,Never,None,,Colorectal,BRCA1,Frameshift,13.0,No,36.32,1.0,0.0,1.0,0.712,0.14,5.88,1e-07,0.838,359.0,2.11,,,11.97,,22.8,Pathogenic
VAR02140,62.0,Female,White,28.6,Current,None,No,Lung,BRCA1,Missense,17.0,Yes,0.0,0.041,0.883,0.0,0.0,-2.87,-1.75,6.04e-05,0.544,365.0,8.7,0.0,30.0,10.78,9.7,44.7,Benign
VAR02141,71.0,Female,White,22.4,Former,None,No,Prostate,CHEK2,Missense,6.0,,4.35,0.0,0.661,0.0,,0.07,5.25,3.4e-07,0.754,485.0,13.37,,0.0,0.31,44.8,42.9,Benign
VAR02142,33.0,,,19.3,Never,Moderate,No,Ovarian,TP53,Synonymous,22.0,Yes,,0.053,0.0,0.0,,,,0.00395629,1.0,248.0,,,,9.5,245.1,0.0,Benign
VAR02143,,Male,Hispanic,21.4,Never,Moderate,Yes,Colorectal,,Synonymous,1.0,No,6.78,0.0,0.803,0.575,0.0,0.36,0.98,0.5,0.811,212.0,0.0,13.2,42.2,0.31,4.2,36.5,Benign
VAR02144,52.0,Male,Hispanic,19.1,Never,Heavy,No,Lung,,Missense,14.0,No,20.61,,0.246,0.225,0.258,6.2,10.0,0.5,0.02,268.0,0.0,18.0,0.0,9.69,86.0,0.0,VUS
VAR02145,66.0,Female,White,27.9,Never,,No,Prostate,PALB2,Synonymous,6.0,Yes,17.03,0.0,0.0,0.0,0.545,-0.04,-6.88,6.48e-06,0.075,413.0,0.0,13.5,17.7,120.99,1.5,51.3,Benign
VAR02146,35.0,,White,29.4,,None,Yes,Colorectal,PTEN,Missense,,,18.55,0.017,0.404,0.549,0.367,-3.24,,,1.0,425.0,29.59,17.2,20.6,42.65,,75.4,Pathogenic
VAR02147,52.0,Male,Hispanic,,Never,,,Pancreatic,,Frameshift,,,4.3,1.0,0.0,0.901,,,10.0,1e-07,,338.0,0.0,35.6,0.0,34.03,,89.7,Pathogenic
VAR02148,59.0,Male,White,28.2,Current,None,No,Lung,BRCA2,,27.0,Yes,10.6,,0.376,0.0,0.0,5.55,-4.35,2.616e-05,0.156,227.0,0.0,0.0,26.5,0.28,50.4,0.0,Benign
VAR02149,71.0,Male,White,34.8,Former,Moderate,,Prostate,TP53,Synonymous,4.0,No,0.0,0.03,0.694,0.551,,5.79,-11.22,0.00047127,0.49,,0.0,22.2,18.5,,,45.9,Benign
VAR02150,,Male,White,37.3,Current,Heavy,No,Breast,MSH2,,,No,,0.0,0.514,0.827,0.789,0.77,-11.69,0.00280719,0.23,192.0,17.69,24.6,33.1,4.82,678.3,22.4,Benign
VAR02151,56.0,Female,White,31.4,,None,No,Colorectal,TP53,Missense,19.0,No,11.52,0.0,0.244,0.711,0.0,6.2,-2.16,0.00048888,1.0,,18.31,76.7,,24.22,15.0,33.3,Benign
VAR02152,42.0,Male,,26.6,Current,None,No,Breast,TP53,Synonymous,27.0,No,1.15,0.0,0.063,1.0,0.489,3.85,10.0,9.7e-07,0.282,243.0,0.0,0.0,13.2,0.6,934.3,20.5,Benign
VAR02153,63.0,Female,White,31.2,Current,Moderate,No,Prostate,MSH2,Missense,,Yes,,0.0,0.178,0.416,0.0,6.2,-4.01,,1.0,437.0,0.0,48.8,28.5,2.24,21.1,0.0,Benign
VAR02154,62.0,Female,Black,34.3,Never,Moderate,Yes,Breast,MLH1,Splice_site,20.0,,50.0,,0.0,1.0,0.442,6.2,4.69,6.86e-06,0.285,301.0,10.53,73.6,44.9,167.77,177.3,64.6,Pathogenic
VAR02155,69.0,Male,Black,,Never,Moderate,Yes,Lung,MLH1,Missense,1.0,Yes,38.8,0.567,0.0,0.996,0.09,6.2,6.83,2.314e-05,0.244,,32.47,27.5,46.8,6.31,243.6,69.4,Benign
VAR02156,,Female,Hispanic,34.9,Never,Moderate,Yes,Breast,,Missense,19.0,,49.18,1.0,0.0,0.754,0.478,1.97,,3.202e-05,0.169,408.0,0.0,10.0,,0.1,11.7,9.5,Benign
VAR02157,68.0,,Black,24.8,,None,Yes,Breast,MLH1,Missense,12.0,No,,0.016,0.0,0.263,,,6.2,0.0813422,,218.0,0.0,74.1,36.8,0.26,30.4,40.0,Benign
VAR02158,74.0,Female,White,24.8,Former,Moderate,No,Ovarian,CHEK2,,20.0,,9.21,0.232,,0.287,0.358,1.03,,0.00597121,0.654,285.0,40.03,0.0,10.2,0.69,1.0,38.0,Benign
VAR02159,35.0,Female,,,Never,None,Yes,,CHEK2,Missense,22.0,No,,,0.235,0.135,0.0,,4.58,2.283e-05,0.02,261.0,22.49,0.0,17.3,,23.7,0.0,Benign
VAR02160,64.0,Male,Hispanic,,Former,Moderate,No,Breast,MSH2,Missense,14.0,,15.52,0.355,0.681,0.0,0.0,-1.95,7.48,,0.02,472.0,0.0,0.0,30.4,4.87,21.6,,Benign
VAR02161,64.0,Male,,21.9,Former,None,No,Prostate,PALB2,Splice_site,10.0,No,41.59,0.397,0.217,0.386,0.949,4.21,-3.87,9.209e-05,,413.0,56.9,9.6,26.4,63.65,151.0,28.3,Pathogenic
VAR02162,49.0,,White,26.1,Former,Moderate,No,Prostate,PALB2,Missense,20.0,,26.21,1.0,0.767,1.0,0.0,3.31,3.35,1e-07,0.02,146.0,20.98,25.4,33.0,,26.8,70.0,VUS
VAR02163,,,Black,30.1,Never,Heavy,No,Pancreatic,TP53,Missense,25.0,No,0.0,0.0,0.867,,0.0,-2.41,-6.76,1.72e-05,,378.0,7.58,80.3,48.0,53.81,1441.3,0.0,Benign
VAR02164,68.0,Male,Black,28.6,Never,,No,Lung,APC,,10.0,Yes,0.0,0.199,,1.0,0.0,3.49,-3.78,0.5,0.328,313.0,26.69,0.3,19.9,0.83,1.0,68.9,Benign
VAR02165,40.0,Male,Black,29.4,Never,None,No,,,Frameshift,24.0,No,15.26,0.0,0.0,0.0,0.296,,4.9,,0.521,180.0,0.0,100.0,0.0,1.8,1.0,66.9,Benign
VAR02166,51.0,Female,Hispanic,25.9,Never,Heavy,Yes,Lung,TP53,Nonsense,12.0,No,4.62,0.556,0.0,0.447,0.369,3.39,-2.67,3.9e-07,0.331,229.0,4.23,70.2,6.0,3.92,3.1,73.9,VUS
VAR02167,55.0,Female,Asian,,Former,None,No,Breast,BRCA2,,25.0,Yes,18.81,0.585,0.304,0.0,0.0,-5.03,10.0,,0.533,,7.07,0.0,25.8,200.0,16.5,93.0,Benign
VAR02168,65.0,Female,,32.8,Never,Moderate,No,,,Missense,18.0,No,29.08,,0.0,0.754,0.07,0.96,4.95,0.03198631,0.02,77.0,13.07,,15.3,6.76,2.7,,Benign
VAR02169,48.0,Female,Black,32.5,Never,None,Yes,Prostate,TP53,Missense,19.0,No,4.52,,0.248,0.0,,1.42,-2.88,0.00017173,0.986,344.0,10.73,,0.0,2.2,1.0,54.1,Benign
VAR02170,47.0,,Other,29.6,Never,Moderate,Yes,,CHEK2,Missense,19.0,No,27.08,0.042,0.566,0.184,0.0,-3.87,-0.03,0.00532986,0.733,329.0,8.87,21.2,21.2,0.44,5.3,78.2,Benign
VAR02171,57.0,Female,Asian,32.2,Former,None,Yes,Breast,PTEN,Missense,22.0,No,12.08,0.594,0.274,0.364,0.0,0.82,-7.32,0.5,0.02,292.0,0.45,0.0,8.7,37.05,1.0,13.2,Benign
VAR02172,,,White,31.9,Never,None,No,Lung,,Missense,24.0,Yes,12.21,0.0,,0.0,,,-7.41,,0.303,324.0,12.27,0.0,32.5,0.24,51.5,3.2,VUS
VAR02173,82.0,Male,Black,,Current,Heavy,,Prostate,PTEN,Frameshift,11.0,No,29.15,0.571,0.0,1.0,0.333,2.7,4.07,2.5e-07,0.02,295.0,16.77,0.0,49.4,10.09,85.7,89.7,Pathogenic
VAR02174,32.0,Female,White,33.6,Never,Moderate,Yes,Ovarian,PALB2,Nonsense,,Yes,14.91,0.839,0.0,1.0,0.0,,10.0,3.55e-06,0.91,196.0,12.86,100.0,43.0,5.0,1.8,47.8,Benign
VAR02175,56.0,Female,White,27.1,Current,None,Yes,Prostate,MSH2,Frameshift,19.0,Yes,12.9,1.0,,1.0,1.0,6.2,-2.36,1e-07,0.02,250.0,9.29,43.9,5.3,2.89,341.7,87.5,Pathogenic
VAR02176,40.0,Male,White,22.9,Never,None,Yes,Ovarian,BRCA2,Missense,16.0,,0.0,0.16,0.339,0.421,0.0,2.27,,0.00333091,0.189,235.0,1.4,12.5,10.8,200.0,1.0,1.3,VUS
VAR02177,69.0,Male,White,26.2,Never,,No,Colorectal,MLH1,Nonsense,7.0,No,0.0,0.496,0.605,,0.197,4.86,,0.39214763,0.227,389.0,0.0,0.0,0.0,9.2,4.8,0.0,Benign
VAR02178,44.0,Female,,25.8,,None,No,Pancreatic,MSH2,,13.0,No,41.7,0.285,,,0.391,-4.22,2.3,1e-06,0.02,203.0,,0.0,42.2,25.2,31.6,0.0,Benign
VAR02179,47.0,Male,White,30.1,,Moderate,Yes,Ovarian,MLH1,Splice_site,6.0,Yes,0.0,0.333,0.98,0.228,0.217,-0.35,1.26,,0.02,259.0,16.5,0.0,24.5,0.24,,0.0,Benign
VAR02180,48.0,,White,24.0,Former,Moderate,No,Colorectal,PTEN,Synonymous,4.0,No,0.0,,0.371,0.189,0.0,,5.68,0.00705704,0.506,323.0,20.1,24.8,50.8,25.39,1.0,31.2,Benign
VAR02181,,Male,,,Former,Heavy,No,Pancreatic,MLH1,Missense,26.0,No,0.0,0.005,1.0,,0.0,0.78,7.72,0.06427727,0.141,152.0,,50.6,,,54.1,0.0,Benign
VAR02182,60.0,Female,Asian,20.6,Never,,No,Breast,CHEK2,Missense,20.0,No,0.0,0.137,0.33,0.0,0.532,1.72,-0.55,0.5,0.716,270.0,0.0,,14.0,5.0,16.2,0.0,Benign
VAR02183,62.0,Male,Other,19.3,Former,Heavy,No,Breast,MLH1,Missense,15.0,No,12.24,0.334,,0.776,0.0,-4.88,4.01,3.835e-05,0.661,323.0,5.02,51.3,0.0,1.1,1884.6,0.0,Benign
VAR02184,52.0,Male,White,,Never,Moderate,Yes,Pancreatic,PALB2,Missense,12.0,No,18.36,0.413,0.0,0.898,0.858,,10.0,5.207e-05,,337.0,,69.4,,,,36.3,Pathogenic
VAR02185,39.0,Female,White,23.3,Former,Moderate,No,Colorectal,TP53,Missense,2.0,No,,0.0,0.4,0.0,0.507,6.2,5.93,0.00122369,0.159,,0.0,67.0,59.9,2.9,667.2,21.4,Benign
VAR02186,65.0,Male,Asian,21.2,Current,Moderate,No,Pancreatic,PTEN,Missense,10.0,Yes,,0.0,0.659,1.0,0.0,1.28,-1.8,,0.16,235.0,30.28,11.5,37.4,,,,Benign
VAR02187,55.0,Male,White,24.3,Current,None,Yes,Prostate,PTEN,Missense,,No,0.52,0.519,0.727,0.431,0.0,-3.45,-0.43,0.00275245,0.18,198.0,18.32,,19.7,0.78,1.0,48.6,Benign
VAR02188,,Female,Other,23.7,Former,None,Yes,Colorectal,PTEN,Synonymous,15.0,,,0.61,0.137,0.092,0.0,-0.83,-5.42,0.02548958,0.969,267.0,8.54,50.7,37.2,7.49,467.6,0.0,Benign
VAR02189,47.0,Male,Hispanic,27.6,Former,Moderate,No,Colorectal,MSH2,Missense,,No,5.88,0.0,0.0,0.735,0.426,-0.97,10.0,0.0026521,0.43,340.0,10.24,0.0,35.2,4.22,42.6,18.8,Benign
VAR02190,35.0,Female,White,24.4,Never,Moderate,No,Colorectal,TP53,,27.0,No,39.2,0.214,0.776,0.393,0.0,-2.54,2.73,,0.02,287.0,2.91,14.2,,1.24,1601.9,0.0,Benign
VAR02191,56.0,Male,White,24.8,Never,None,,Breast,TP53,,23.0,,7.56,,0.449,0.383,0.079,3.79,-8.04,0.00159608,0.075,196.0,,0.0,6.6,1.28,285.8,,Benign
VAR02192,69.0,Male,,27.5,Current,,No,,PALB2,Missense,17.0,Yes,24.7,1.0,0.0,0.58,0.239,-3.5,1.21,1e-07,0.326,562.0,0.0,86.4,29.8,0.15,554.0,73.7,Pathogenic
VAR02193,,Female,White,32.6,Former,None,No,Prostate,,Frameshift,25.0,No,0.0,0.084,1.0,,0.37,1.74,-0.17,0.26457935,0.528,232.0,18.27,53.7,0.0,1.92,,0.0,Benign
VAR02194,53.0,Female,White,34.9,Never,Moderate,No,,TP53,,9.0,,11.78,0.428,,0.694,0.0,6.2,9.26,0.5,1.0,173.0,6.82,0.0,,0.2,2.2,32.8,Benign
VAR02195,45.0,Female,Hispanic,28.2,Former,None,No,Pancreatic,MSH2,Synonymous,4.0,No,0.0,0.0,,0.0,0.0,6.08,-0.4,0.5,0.681,242.0,22.57,22.3,34.6,1.2,1.5,35.5,Benign
VAR02196,79.0,Male,Black,28.6,Never,,,Pancreatic,,Missense,16.0,No,16.69,0.0,0.0,0.0,0.0,5.16,4.6,0.11276495,0.307,415.0,,61.7,44.5,,1.0,,Benign
VAR02197,43.0,,White,26.6,Former,,No,Breast,,,2.0,No,,0.529,0.019,0.699,0.0,-2.5,-3.7,3.156e-05,0.02,383.0,5.6,12.7,22.1,0.1,5.0,33.1,Benign
VAR02198,,Male,White,29.9,Former,Moderate,No,Colorectal,ATM,Missense,26.0,No,20.57,0.671,,,0.487,6.2,,1.159e-05,,516.0,7.26,17.4,20.4,,,40.2,Benign
VAR02199,63.0,Female,,29.5,Never,Moderate,No,,PALB2,,4.0,Yes,0.0,0.0,0.195,,0.0,2.17,9.0,,0.225,209.0,0.0,58.6,28.3,5.51,14.2,100.0,Benign
VAR02200,28.0,Female,White,34.1,Never,Heavy,Yes,Lung,ATM,Frameshift,24.0,Yes,28.42,1.0,0.348,0.924,0.051,6.2,,1e-07,0.02,287.0,0.0,,42.8,0.21,42.1,98.1,Benign
VAR02201,69.0,Male,Black,18.1,Former,,No,Pancreatic,,Frameshift,19.0,No,38.64,0.336,0.0,1.0,0.0,6.2,-8.98,,0.67,431.0,0.0,34.4,38.1,1.45,1.0,,Pathogenic
VAR02202,63.0,Female,Black,26.3,Never,Moderate,No,Prostate,CHEK2,Synonymous,7.0,Yes,0.38,0.0,0.0,0.103,0.07,,1.84,0.5,,205.0,0.0,58.0,27.9,,39.1,39.6,VUS
VAR02203,68.0,Female,Hispanic,29.2,,None,,Prostate,PALB2,Missense,15.0,No,17.61,,0.112,0.102,0.0,-0.61,-5.86,0.04408304,0.627,448.0,3.28,,34.4,16.07,769.3,99.9,Benign
VAR02204,59.0,Female,White,27.4,Never,,Yes,Ovarian,,Synonymous,15.0,Yes,36.89,1.0,0.274,0.35,0.026,6.2,,6.17e-06,0.355,324.0,23.96,9.3,36.8,1.37,5.8,66.0,Benign
VAR02205,54.0,Female,White,22.8,,Moderate,No,,,Synonymous,20.0,Yes,5.88,0.0,0.446,0.808,0.0,-7.6,1.24,1e-07,,232.0,15.59,0.0,2.7,0.61,,89.0,Benign
VAR02206,42.0,,Hispanic,21.0,Never,Heavy,No,Breast,BRCA2,Missense,12.0,Yes,,0.0,0.006,0.175,0.091,-0.29,10.0,5.698e-05,0.02,131.0,,100.0,31.7,15.32,1.0,,Benign
VAR02207,54.0,Female,Black,31.5,Former,Moderate,No,Colorectal,TP53,Missense,17.0,No,16.12,0.0,0.9,0.322,0.0,-5.89,-1.29,0.28073218,0.803,377.0,18.04,22.9,0.0,1.48,3.9,0.0,Benign
VAR02208,43.0,Male,Hispanic,23.7,Former,Moderate,No,Ovarian,ATM,Synonymous,,,,0.0,0.792,0.427,0.0,1.03,1.26,5.8e-07,0.02,482.0,7.98,62.1,41.4,,7.2,15.3,Benign
VAR02209,62.0,Female,White,18.7,Former,None,No,Prostate,BRCA1,Missense,3.0,Yes,23.57,0.803,0.717,0.075,0.412,2.12,0.02,0.02435346,0.047,357.0,15.81,,37.3,,28.7,20.8,Benign
VAR02210,66.0,Female,Asian,31.8,Current,None,Yes,Colorectal,,Missense,20.0,No,,0.186,0.695,,0.0,,5.33,,,364.0,,70.0,23.1,6.54,119.2,0.0,Benign
VAR02211,75.0,Female,White,29.8,Former,None,No,Lung,ATM,Missense,7.0,Yes,20.56,0.514,0.132,1.0,0.0,-2.08,-5.32,7.439e-05,0.289,349.0,0.0,5.6,18.7,7.01,1.7,71.5,Benign
VAR02212,61.0,Female,White,26.9,Never,None,,Prostate,BRCA1,Missense,8.0,Yes,,,1.0,0.714,0.483,-5.51,-5.5,3.5e-07,1.0,421.0,8.77,75.8,42.7,,5.1,31.3,Benign
VAR02213,68.0,Male,Hispanic,22.9,Never,Moderate,No,Breast,ATM,Synonymous,9.0,No,0.0,,0.5,0.0,0.003,2.56,-2.75,0.00429551,0.02,455.0,26.6,9.5,26.9,0.1,1.0,,Benign
VAR02214,52.0,Female,White,26.9,Current,None,Yes,Lung,MLH1,Synonymous,16.0,,17.53,0.0,0.681,0.258,,-1.62,4.48,1.7e-07,0.189,,0.0,0.0,26.6,10.61,72.5,30.4,Benign
VAR02215,50.0,,Hispanic,33.6,Never,Moderate,,Prostate,MSH2,Synonymous,20.0,No,4.51,0.14,0.738,0.281,0.259,2.42,7.35,0.00156577,0.68,285.0,0.0,,28.0,0.44,6.9,0.0,Benign
VAR02216,59.0,Male,White,19.4,Current,,Yes,Pancreatic,PALB2,Nonsense,,Yes,15.8,0.0,0.0,1.0,0.312,1.35,4.5,0.00051181,0.292,252.0,0.0,35.5,29.4,0.35,,,VUS
VAR02217,47.0,Male,White,19.7,Current,None,Yes,Breast,CHEK2,,17.0,Yes,21.35,1.0,0.969,0.612,0.479,5.92,10.0,7.76e-06,0.519,341.0,6.69,0.0,43.1,3.7,967.9,0.0,Pathogenic
VAR02218,59.0,,,24.4,Former,Moderate,No,Lung,BRCA1,Missense,11.0,No,20.42,0.687,0.537,,,3.87,4.0,0.03457858,1.0,276.0,0.0,,0.0,,22.9,10.9,Benign
VAR02219,,,Hispanic,27.4,Former,None,No,Colorectal,PALB2,Missense,26.0,Yes,0.0,0.577,0.566,0.639,0.0,2.68,,0.0089804,0.378,369.0,0.0,35.4,19.9,0.1,1118.4,50.4,Benign
VAR02220,41.0,Male,,25.0,,None,No,Breast,MLH1,Splice_site,13.0,Yes,45.53,0.723,,0.89,1.0,,5.99,1.5e-06,1.0,357.0,,36.8,0.0,0.41,244.9,35.8,Pathogenic
VAR02221,60.0,Male,White,30.7,Former,Heavy,Yes,,ATM,Splice_site,4.0,Yes,4.07,0.102,0.603,0.573,,4.33,10.0,1.71e-06,0.793,109.0,,46.6,29.2,0.25,13.7,,Pathogenic
VAR02222,68.0,Male,White,32.9,Former,None,Yes,,PTEN,Frameshift,22.0,No,12.66,0.141,1.0,0.063,0.069,2.67,10.0,0.0131202,0.66,81.0,0.0,27.8,,0.42,1.1,15.8,Benign
VAR02223,,Female,White,28.9,Never,None,No,Ovarian,MSH2,Missense,26.0,No,,0.0,0.628,0.0,0.772,-2.24,7.02,5.31e-06,0.267,,0.0,12.0,24.6,7.1,,10.2,Benign
VAR02224,65.0,Male,White,,Never,,No,Lung,PTEN,Missense,,No,19.78,0.6,0.0,,0.328,-0.39,8.38,0.00026908,0.02,229.0,,34.0,8.1,1.11,214.8,78.4,Pathogenic
VAR02225,45.0,Male,Hispanic,28.9,Never,None,No,Breast,ATM,Frameshift,6.0,Yes,30.9,0.586,0.0,0.741,0.572,6.2,,0.24175639,0.977,509.0,11.18,,7.3,9.06,1.3,69.0,Pathogenic
VAR02226,56.0,Male,White,27.5,Current,None,No,Breast,BRCA1,,10.0,Yes,4.74,,0.518,0.48,0.0,6.2,-3.6,0.03868909,,414.0,17.19,11.8,14.2,0.47,4.0,9.1,Benign
VAR02227,70.0,Female,White,21.0,Former,Moderate,No,Lung,CHEK2,Missense,10.0,Yes,19.34,1.0,0.0,0.792,0.188,2.02,10.0,,0.745,123.0,,,23.5,,5.1,5.7,Pathogenic
VAR02228,66.0,Male,White,22.4,Former,Moderate,No,,PTEN,Synonymous,6.0,Yes,0.0,0.544,,0.219,,,9.97,0.01713564,0.287,232.0,18.4,42.0,34.4,0.94,,16.3,Benign
VAR02229,,Female,Black,20.7,,Moderate,No,Breast,BRCA2,Missense,1.0,No,0.0,0.67,0.0,0.0,0.182,1.8,6.72,4.044e-05,0.078,346.0,9.4,62.9,,16.13,47.0,92.6,Benign
VAR02230,80.0,Male,Black,26.8,Current,Heavy,Yes,Breast,PTEN,Missense,6.0,Yes,0.0,0.083,1.0,0.225,0.667,6.2,-1.68,9.421e-05,0.944,271.0,4.07,0.0,24.5,3.29,34.6,40.3,VUS
VAR02231,47.0,Female,,28.7,Never,,No,Ovarian,BRCA1,,,No,,0.0,,0.0,0.089,,-4.22,1.4e-07,0.487,301.0,0.0,0.0,,0.48,27.5,43.3,Benign
VAR02232,43.0,Male,,20.3,Former,Moderate,Yes,,MLH1,,6.0,No,36.41,,0.567,0.742,0.0,0.6,10.0,0.5,0.02,198.0,14.45,41.1,,200.0,1.0,0.0,Benign
VAR02233,47.0,Male,Other,27.9,,None,No,Prostate,PTEN,Missense,6.0,No,0.0,0.859,0.232,0.178,0.0,6.08,3.42,0.39248852,0.328,358.0,0.0,100.0,,32.98,101.6,53.3,Benign
VAR02234,,Female,,23.1,Current,None,No,Lung,,Missense,26.0,Yes,25.73,0.0,0.726,0.0,0.259,-7.74,2.73,2.243e-05,0.222,322.0,0.0,67.6,,,206.0,21.6,Benign
VAR02235,21.0,Female,Asian,22.2,Former,Heavy,Yes,Breast,TP53,Nonsense,,,8.53,0.545,0.14,0.068,0.591,6.2,,,0.02,403.0,19.99,88.5,,,22.2,52.9,Pathogenic
VAR02236,49.0,Female,Black,24.4,Never,Moderate,Yes,Breast,APC,Nonsense,23.0,Yes,,0.364,0.0,1.0,,,10.0,0.00011291,0.206,315.0,23.47,100.0,,,4.5,58.7,Pathogenic
VAR02237,45.0,Male,White,21.9,Never,None,Yes,Prostate,,,16.0,Yes,11.64,0.999,0.231,0.877,,6.2,10.0,3.88e-06,1.0,251.0,13.02,34.4,,2.8,294.8,59.7,Pathogenic
VAR02238,62.0,Male,,30.5,Never,Moderate,No,,MLH1,,,Yes,,1.0,0.291,0.89,0.902,6.2,5.33,3.686e-05,0.02,,21.89,100.0,15.9,1.13,,42.1,Pathogenic
VAR02239,57.0,Male,Black,26.7,Never,None,Yes,Breast,BRCA2,Nonsense,22.0,,,0.612,0.377,0.899,0.34,5.68,10.0,6.26e-05,,360.0,9.25,,23.3,4.84,101.5,33.0,Pathogenic
VAR02240,,Female,Black,31.6,Never,Moderate,Yes,Breast,MLH1,Nonsense,,Yes,17.27,0.011,,0.456,0.143,0.82,1.92,0.02198724,0.02,320.0,3.92,0.0,26.4,4.75,3.0,0.0,Benign
VAR02241,63.0,Male,White,25.3,Never,None,No,Lung,,Frameshift,21.0,Yes,9.13,0.0,0.639,,0.0,,7.66,0.00112723,0.02,455.0,12.81,0.0,27.1,4.56,1.6,11.9,VUS
VAR02242,65.0,,White,,Never,Heavy,No,Lung,CHEK2,Missense,,Yes,50.0,0.0,1.0,,0.0,6.2,,0.00407485,0.02,201.0,,8.5,18.0,8.33,72.5,60.8,Benign
VAR02243,46.0,,Asian,36.9,Never,None,No,Ovarian,MSH2,Missense,23.0,No,7.74,0.866,,0.361,0.249,2.07,8.59,,0.02,420.0,16.05,45.8,15.2,,1.0,0.0,Benign
VAR02244,,Female,White,19.4,Former,None,No,Breast,ATM,Synonymous,26.0,,8.94,0.404,1.0,0.0,0.0,1.51,-10.07,0.42215806,1.0,186.0,,6.9,6.7,0.16,1.0,48.7,Benign
VAR02245,27.0,Female,White,33.9,Never,Heavy,No,Prostate,MLH1,Missense,20.0,No,0.0,0.601,0.462,0.0,0.0,,,0.5,0.731,392.0,3.52,22.9,49.8,5.7,30.4,0.0,Benign
VAR02246,42.0,,White,35.8,Never,Heavy,No,Breast,ATM,Missense,4.0,No,,0.014,0.0,0.449,,-1.79,10.0,4.53e-06,0.241,94.0,,98.5,35.8,0.53,848.6,0.0,Benign
VAR02247,,Female,White,31.3,Current,None,No,Colorectal,,Missense,27.0,No,0.0,0.056,0.134,0.492,0.387,-0.64,-3.73,0.00304957,1.0,287.0,17.64,19.9,27.3,,303.7,1.5,Benign
VAR02248,57.0,Female,Hispanic,25.8,Never,Moderate,No,Prostate,CHEK2,Synonymous,21.0,No,21.41,0.188,,0.777,0.215,4.77,10.0,6.293e-05,0.15,425.0,0.0,,20.7,1.43,46.1,53.6,Benign
VAR02249,44.0,Female,Black,34.6,,Heavy,No,Breast,TP53,Missense,1.0,No,17.0,0.328,0.824,1.0,0.0,,4.71,0.05604619,0.02,,0.0,50.5,11.2,0.76,1.0,,Benign
VAR02250,49.0,Female,,25.9,Current,Moderate,,Ovarian,APC,Missense,6.0,Yes,,0.806,0.958,,0.133,,6.84,0.02785763,0.168,309.0,20.37,62.8,21.1,0.39,1.0,86.3,Pathogenic
VAR02251,40.0,Female,,24.0,Former,Moderate,No,Lung,PALB2,Missense,,,0.0,0.0,,0.0,,2.26,6.83,,0.02,349.0,12.84,,4.6,0.15,11.9,,Benign
VAR02252,,Male,White,25.6,Never,Moderate,Yes,Lung,PTEN,Synonymous,23.0,Yes,17.28,0.117,0.693,0.551,,-6.73,-7.67,8.934e-05,0.02,63.0,0.0,14.9,,4.07,1371.0,45.2,Benign
VAR02253,62.0,Female,White,24.6,Never,Heavy,No,Colorectal,PTEN,Missense,,No,12.81,0.0,1.0,0.201,,6.2,7.07,0.00017426,,351.0,6.95,18.7,6.2,0.56,2.0,0.0,Benign
VAR02254,57.0,Female,White,22.8,Former,,Yes,Colorectal,CHEK2,Splice_site,26.0,No,34.84,,0.0,1.0,0.0,-0.13,9.61,1e-07,0.659,213.0,21.36,34.3,0.0,0.63,334.6,33.7,Pathogenic
VAR02255,56.0,Male,Hispanic,33.1,Former,None,,Ovarian,ATM,Synonymous,13.0,No,0.0,0.599,0.514,0.098,0.0,-1.95,-2.02,1.5e-07,0.02,421.0,27.74,45.3,,5.12,38.7,0.0,Benign
VAR02256,32.0,Female,White,23.6,Never,Moderate,Yes,Colorectal,,Missense,24.0,,11.64,1.0,0.0,,0.575,5.66,10.0,0.00257874,0.716,306.0,7.13,92.2,19.4,2.9,9.9,25.4,Pathogenic
VAR02257,44.0,Female,White,27.4,Former,Moderate,Yes,Ovarian,APC,Missense,16.0,Yes,36.49,,0.0,0.929,0.518,1.85,-5.44,0.0001092,0.733,347.0,31.44,100.0,,,,43.6,Pathogenic
VAR02258,51.0,Female,Asian,20.3,Current,Moderate,No,Breast,TP53,Synonymous,18.0,,21.75,0.285,0.0,,0.146,-8.32,-3.06,0.5,0.096,,13.95,0.0,35.8,1.58,1.0,0.0,Benign
VAR02259,47.0,,Black,27.7,Former,None,,Ovarian,MLH1,Missense,1.0,Yes,18.26,1.0,0.675,0.0,0.773,-0.82,10.0,3.5e-07,0.12,404.0,0.07,37.9,0.0,9.29,118.8,65.4,Pathogenic
VAR02260,56.0,,White,21.7,Never,Moderate,Yes,Colorectal,APC,Missense,27.0,Yes,22.96,0.55,0.039,,,,8.69,0.00625288,,312.0,0.0,65.1,9.5,0.12,4.5,0.0,VUS
VAR02261,71.0,,Hispanic,21.6,Never,Moderate,Yes,Ovarian,BRCA2,Missense,5.0,Yes,46.89,1.0,0.0,0.912,1.0,6.2,3.11,1e-07,,149.0,29.93,,36.4,92.23,323.5,18.9,Pathogenic
VAR02262,67.0,Female,White,27.0,Never,Heavy,No,Colorectal,BRCA2,Missense,6.0,No,2.3,,0.761,0.0,0.535,6.2,-3.69,,1.0,,25.8,,60.6,0.1,10.5,0.0,Benign
VAR02263,43.0,,Asian,32.8,Never,None,No,,,Missense,13.0,Yes,0.0,0.314,0.0,0.192,0.065,2.24,-0.22,,0.533,388.0,5.31,,40.4,13.03,,31.9,Benign
VAR02264,65.0,Male,Black,29.7,Former,Moderate,No,Pancreatic,PTEN,Synonymous,21.0,No,,0.12,0.141,,0.106,1.21,3.27,0.00030602,0.02,329.0,21.4,0.0,35.1,1.7,1.0,60.6,Benign
VAR02265,64.0,,White,30.0,Never,,No,Lung,PALB2,Frameshift,21.0,No,0.0,,0.539,0.0,,4.13,-1.36,0.5,0.02,392.0,10.96,26.2,47.1,200.0,,0.0,Benign
VAR02266,46.0,,White,26.9,,None,No,Lung,,Missense,17.0,No,0.98,0.0,0.335,0.36,0.0,6.2,,0.01035987,0.259,,5.06,90.3,16.9,2.45,63.5,64.3,Benign
VAR02267,,Female,,,Never,Moderate,No,Breast,MLH1,Missense,24.0,No,7.43,0.371,0.0,,0.426,1.03,2.01,9.6e-07,0.69,447.0,8.65,47.6,0.0,9.15,,0.0,Pathogenic
VAR02268,54.0,Male,Hispanic,,Current,None,No,Lung,CHEK2,Missense,19.0,No,,0.0,0.848,0.387,0.286,1.19,-0.6,0.00117581,0.485,469.0,0.0,44.5,9.4,0.1,2.3,0.0,Benign
VAR02269,38.0,,White,24.7,Current,Moderate,No,Colorectal,TP53,,4.0,No,3.71,0.412,0.323,0.283,0.0,1.43,,0.02116393,0.091,121.0,2.21,80.7,46.7,30.31,34.8,52.5,Benign
VAR02270,62.0,,Hispanic,31.7,Former,Moderate,No,,,Missense,22.0,Yes,18.7,1.0,0.617,1.0,0.691,,-5.81,0.13767166,0.02,379.0,,12.8,0.6,5.96,48.4,0.0,Benign
VAR02271,59.0,Female,,33.7,Current,None,No,Pancreatic,CHEK2,Synonymous,8.0,No,0.0,0.498,0.578,0.336,,,1.44,1.1e-07,0.967,481.0,,32.4,19.5,0.1,1.0,,Benign
VAR02272,49.0,Female,White,23.3,Current,Moderate,,Breast,TP53,Splice_site,15.0,Yes,47.92,1.0,0.515,0.959,0.398,4.87,,1e-07,,367.0,16.49,30.5,22.8,1.11,8.7,16.3,Pathogenic
VAR02273,56.0,Male,,24.0,Never,Heavy,No,,,Splice_site,17.0,,22.81,0.591,,0.421,,2.32,-4.3,0.01447683,0.02,309.0,2.68,51.0,29.6,1.17,1.0,0.4,Benign
VAR02274,43.0,Female,,24.8,Never,,,Lung,MLH1,Nonsense,11.0,Yes,,0.0,0.0,0.886,0.378,-3.81,,1e-07,0.799,168.0,28.59,,32.9,,2.7,25.6,Pathogenic
VAR02275,64.0,Male,White,20.2,Former,Heavy,No,Lung,TP53,Missense,10.0,Yes,0.0,0.12,1.0,,,4.67,9.02,0.5,0.457,280.0,0.0,0.0,33.8,1.27,6.9,0.0,Benign
VAR02276,51.0,Female,Black,25.2,Former,None,Yes,Colorectal,CHEK2,Nonsense,8.0,,26.17,0.984,0.0,,0.34,,7.7,1.77e-06,0.807,,0.0,39.4,75.3,0.3,7.4,75.4,Pathogenic
VAR02277,58.0,Female,Asian,,Never,None,Yes,Ovarian,PTEN,Synonymous,,No,19.38,0.0,0.151,,0.0,-8.35,4.31,,0.988,411.0,23.7,43.3,35.9,0.87,17.4,31.3,Benign
VAR02278,57.0,,White,22.3,Current,Moderate,Yes,Prostate,CHEK2,Splice_site,27.0,Yes,24.85,0.651,0.0,1.0,0.458,2.92,10.0,0.00375648,,424.0,21.98,100.0,48.1,,,86.5,Pathogenic
VAR02279,41.0,Female,Black,34.1,Never,None,No,Breast,BRCA2,Synonymous,,No,0.0,,0.0,,0.0,-1.23,1.38,2.66e-06,0.563,296.0,0.0,0.0,23.1,,,2.3,Benign
VAR02280,44.0,Male,White,25.3,Current,Moderate,Yes,Colorectal,MSH2,,13.0,No,0.0,0.0,0.252,0.059,0.163,-3.54,7.22,0.03411414,0.248,210.0,9.05,15.3,,,124.9,14.4,Benign
VAR02281,27.0,Female,Hispanic,38.1,Former,Moderate,No,Breast,ATM,Splice_site,19.0,Yes,0.0,0.0,0.744,0.338,0.0,-2.92,,0.00537152,0.224,80.0,0.0,28.7,8.1,0.1,9.5,52.4,Benign
VAR02282,60.0,Female,White,24.1,Never,Moderate,Yes,,MSH2,Nonsense,7.0,No,7.28,1.0,0.0,,0.61,1.9,2.14,1.481e-05,0.407,379.0,6.18,0.0,40.4,194.89,10.4,56.5,VUS
VAR02283,36.0,Male,,,Current,,No,,BRCA1,Missense,6.0,No,50.0,0.0,0.877,,0.012,6.2,0.35,7.1e-07,1.0,369.0,19.41,6.5,,4.32,2.0,86.9,Pathogenic
VAR02284,58.0,Male,White,22.9,Former,Moderate,No,Lung,MSH2,Splice_site,6.0,No,0.0,0.304,0.0,0.0,0.0,,,0.00616886,,84.0,5.52,0.0,39.9,4.47,100.9,50.1,Benign
VAR02285,61.0,Male,,,Former,Moderate,No,Prostate,MLH1,Synonymous,,No,0.0,0.709,0.166,1.0,0.0,3.01,5.57,1e-07,0.677,371.0,5.03,41.3,,14.06,198.8,19.7,Benign
VAR02286,64.0,Male,Black,34.2,Former,Moderate,Yes,Lung,BRCA1,Synonymous,,No,17.39,0.168,0.0,0.0,0.0,-3.66,-6.03,0.5,0.525,410.0,0.0,0.0,45.3,32.63,391.4,21.7,Benign
VAR02287,40.0,Male,White,29.9,,,No,Lung,ATM,Synonymous,1.0,Yes,0.0,0.821,1.0,0.0,0.0,,-4.56,1.34e-06,0.02,20.0,22.15,69.6,,,39.3,15.4,Benign
VAR02288,51.0,,White,32.6,,Moderate,Yes,Pancreatic,ATM,Nonsense,11.0,Yes,22.46,0.586,,1.0,0.0,6.2,-1.35,0.05592259,0.721,,19.95,55.6,21.3,0.88,12.9,55.7,Pathogenic
VAR02289,,Male,,20.9,Never,None,Yes,Colorectal,CHEK2,Frameshift,,Yes,34.22,,,,0.315,-8.55,9.35,1e-07,0.242,588.0,,29.9,,0.14,2.8,31.0,Benign
VAR02290,77.0,Male,,30.8,Never,Moderate,No,Lung,,Frameshift,7.0,No,29.94,0.346,0.0,,0.0,6.2,4.43,1.31e-06,0.02,323.0,9.7,0.0,7.3,8.13,1.0,40.8,VUS
VAR02291,65.0,Female,White,22.6,Never,Moderate,Yes,Prostate,MLH1,Nonsense,,Yes,23.69,0.606,0.0,1.0,1.0,5.41,4.62,,0.77,,8.66,,0.0,57.84,1.0,59.1,Pathogenic
VAR02292,56.0,,White,20.8,Never,None,Yes,Lung,PTEN,,17.0,Yes,42.52,0.52,0.162,0.815,0.299,5.58,1.76,1.161e-05,,341.0,5.33,,0.0,13.56,502.1,,Benign
VAR02293,43.0,Female,Asian,28.7,Never,Moderate,No,,MSH2,,16.0,Yes,0.0,,0.219,0.123,0.338,-7.43,1.39,,0.719,438.0,8.02,40.7,54.9,,46.4,32.9,Benign
VAR02294,65.0,Male,Black,28.6,Former,None,No,Colorectal,,Missense,22.0,Yes,0.0,0.0,,,0.17,6.2,10.0,0.0193432,0.589,284.0,29.41,,26.8,176.19,2000.0,,Benign
VAR02295,54.0,Female,,27.8,Never,None,No,Colorectal,PTEN,,24.0,No,15.79,0.0,0.514,0.272,,2.03,,,0.881,244.0,0.0,0.0,30.8,0.79,13.5,18.3,Benign
VAR02296,63.0,Male,Black,31.1,Never,Moderate,No,Lung,,Synonymous,7.0,No,39.08,,0.348,,,4.03,8.79,0.00031575,0.552,142.0,13.87,0.0,15.8,14.47,20.9,20.7,Benign
VAR02297,44.0,Female,White,31.9,Current,Moderate,,Lung,APC,,8.0,Yes,12.8,0.97,0.0,,,-1.22,5.4,6.708e-05,0.119,377.0,24.97,91.7,27.9,0.1,98.2,59.1,Benign
VAR02298,54.0,Male,White,34.8,Current,None,,Colorectal,ATM,Missense,15.0,No,0.0,0.0,0.0,0.0,0.324,2.83,7.69,,0.818,224.0,12.83,76.4,9.4,,,0.0,Benign
VAR02299,58.0,Female,White,21.5,,Heavy,,Breast,PALB2,Missense,5.0,Yes,13.38,,,,0.404,,5.38,0.00492305,0.84,213.0,18.78,0.0,21.8,19.56,3.5,4.0,Benign
VAR02300,55.0,Male,Hispanic,35.0,Never,Heavy,Yes,,MSH2,Nonsense,20.0,Yes,,0.291,0.0,1.0,0.174,4.09,7.07,1e-07,0.895,147.0,12.04,2.8,0.0,1.96,36.5,100.0,Pathogenic
VAR02301,62.0,Female,Hispanic,36.9,Former,Moderate,No,Colorectal,MSH2,Synonymous,1.0,,0.0,,0.594,0.0,,-5.38,5.6,0.01052763,0.658,,12.88,,0.0,35.97,120.2,19.6,Benign
VAR02302,,Male,White,25.7,Never,None,,,BRCA2,Missense,10.0,No,0.0,0.485,0.574,0.0,0.0,0.22,9.12,0.00437735,0.02,402.0,,28.0,0.0,3.54,894.4,0.0,Benign
VAR02303,35.0,Female,White,19.2,Former,None,No,Colorectal,,Nonsense,,Yes,,1.0,0.621,0.0,0.875,0.45,7.7,1.99e-06,0.88,293.0,0.0,0.0,6.8,,,50.5,Pathogenic
VAR02304,77.0,Female,White,20.6,Current,Moderate,No,Breast,MSH2,Synonymous,20.0,No,16.21,,0.0,0.939,0.452,-2.68,0.43,0.5,0.02,,0.0,,46.8,1.9,29.3,0.0,Benign
VAR02305,88.0,Female,White,25.2,Never,Moderate,No,Breast,BRCA2,Missense,14.0,No,2.75,0.424,0.7,0.345,,5.78,5.76,0.5,0.089,487.0,20.77,16.3,67.7,0.55,22.8,24.5,Benign
VAR02306,58.0,Male,White,37.6,Current,Moderate,,Prostate,ATM,Frameshift,1.0,Yes,,0.755,0.0,1.0,0.566,5.19,10.0,0.00043689,0.171,,6.57,12.2,42.8,200.0,20.5,,Pathogenic
VAR02307,35.0,Female,Black,27.6,Former,Moderate,No,Colorectal,,Splice_site,,Yes,25.86,0.987,1.0,,0.0,4.43,-1.49,0.00038597,,518.0,8.45,41.8,0.0,13.25,481.8,,Pathogenic
VAR02308,42.0,,White,24.4,Never,Moderate,,Prostate,ATM,Frameshift,13.0,Yes,37.47,0.98,0.0,1.0,0.798,-0.55,-0.71,,0.594,171.0,23.71,41.7,54.0,0.27,2000.0,86.3,Pathogenic
VAR02309,63.0,Female,,24.1,Never,Heavy,No,Breast,ATM,Synonymous,24.0,No,12.39,,0.275,0.188,0.0,,10.0,0.01422765,0.337,306.0,4.28,3.0,15.2,3.34,44.6,0.0,Benign
VAR02310,73.0,Male,White,,Former,Moderate,Yes,Breast,PTEN,Synonymous,22.0,No,1.64,0.0,0.684,0.163,0.175,,,0.02884523,0.908,360.0,15.95,88.6,0.0,10.6,2.7,30.7,Benign
VAR02311,36.0,Female,,31.9,,Heavy,No,Breast,CHEK2,Nonsense,27.0,No,,1.0,0.137,0.387,0.76,0.33,10.0,7.519e-05,1.0,,11.51,20.9,56.4,50.78,1.2,92.2,Pathogenic
VAR02312,54.0,Female,White,27.0,Never,Moderate,No,,APC,Missense,4.0,No,,0.237,0.364,0.0,0.068,5.44,-2.67,0.0037577,0.424,144.0,0.0,19.8,14.8,200.0,15.2,7.3,Benign
VAR02313,55.0,,,38.0,Never,None,Yes,Breast,ATM,Missense,24.0,Yes,19.28,1.0,0.331,1.0,0.812,6.2,4.32,,0.851,,27.23,12.7,4.8,18.24,408.3,83.3,Pathogenic
VAR02314,67.0,Female,White,,Current,,Yes,,ATM,Missense,20.0,,1.48,0.0,1.0,0.22,,-3.02,8.12,0.00361614,0.306,252.0,0.0,58.7,12.4,0.53,10.9,9.2,Benign
VAR02315,48.0,Female,White,31.6,Never,None,Yes,Breast,,Frameshift,8.0,Yes,34.01,0.595,0.49,0.67,1.0,6.2,10.0,2.71e-05,0.474,429.0,30.66,,16.2,3.13,76.3,10.0,Pathogenic
VAR02316,36.0,Female,White,26.3,Current,None,No,Prostate,TP53,Missense,23.0,No,17.94,0.0,0.477,0.0,0.0,-7.93,-5.58,,0.403,251.0,14.02,24.2,33.1,38.04,2000.0,0.0,Benign
VAR02317,64.0,Female,Hispanic,22.0,Former,Heavy,,Colorectal,,Missense,,Yes,,,1.0,0.751,0.0,1.95,5.33,6.202e-05,0.287,107.0,0.0,0.0,25.8,0.57,89.0,0.0,Benign
VAR02318,71.0,Male,Asian,23.1,Never,Moderate,Yes,Breast,PTEN,Synonymous,18.0,No,0.0,0.0,0.786,0.276,0.0,4.06,-2.64,0.00529926,0.439,360.0,14.32,0.0,10.5,3.79,20.9,5.8,Benign
VAR02319,55.0,Female,White,20.7,Never,Moderate,No,Prostate,BRCA2,Missense,26.0,No,,0.0,0.012,0.0,0.0,-4.61,,0.00385444,0.629,316.0,0.0,,,0.89,1.0,100.0,Benign
VAR02320,57.0,Male,White,32.1,Former,Heavy,Yes,Colorectal,BRCA2,Missense,16.0,Yes,,1.0,0.067,0.741,0.0,4.87,7.65,1e-07,0.02,515.0,2.3,11.3,8.0,2.55,290.4,53.8,Benign
VAR02321,50.0,Female,White,25.6,Never,None,Yes,Ovarian,PALB2,Splice_site,18.0,Yes,23.87,0.483,0.444,0.363,0.0,,,0.5,0.179,426.0,8.96,40.6,26.5,1.52,71.3,0.0,Benign
VAR02322,41.0,Female,,,,,Yes,Colorectal,BRCA2,Missense,24.0,Yes,24.47,1.0,,0.697,0.0,6.2,3.39,1e-07,,,23.89,2.5,8.9,7.99,305.8,72.4,Benign
VAR02323,69.0,,Other,,Never,None,No,Lung,BRCA1,Missense,,No,0.0,0.0,0.704,0.628,0.0,6.2,-8.95,0.5,0.117,427.0,9.88,0.0,24.6,1.84,,,Benign
VAR02324,61.0,Female,White,26.0,Current,Moderate,No,Colorectal,,Missense,,Yes,0.0,0.0,0.0,,0.147,1.96,,1.29e-06,0.126,331.0,0.0,0.0,22.1,0.1,16.8,,Benign
VAR02325,62.0,Female,Black,21.7,,,No,Pancreatic,BRCA2,Synonymous,25.0,No,12.93,0.622,1.0,0.0,0.241,-2.52,5.95,5.4e-07,0.776,398.0,0.0,24.8,42.7,32.41,75.3,77.4,Benign
VAR02326,76.0,,Asian,29.0,Never,,,Ovarian,,,,No,12.51,0.0,0.85,,0.461,1.61,,0.00037718,0.039,237.0,3.53,37.6,,25.32,,24.2,Benign
VAR02327,42.0,,Black,26.4,Never,Moderate,No,,PTEN,Missense,17.0,,0.0,,0.0,0.0,0.437,5.62,-3.67,,0.532,278.0,0.0,,37.8,3.81,25.1,0.0,Benign
VAR02328,49.0,Female,White,32.0,Never,None,Yes,Prostate,PALB2,Missense,3.0,Yes,,0.0,0.844,0.119,0.0,,,0.02296007,0.413,391.0,,0.1,18.0,34.21,260.2,14.1,Benign
VAR02329,54.0,Female,Black,23.9,Former,Moderate,Yes,Lung,BRCA1,Frameshift,19.0,Yes,10.22,0.359,0.257,,0.138,-4.72,9.6,0.00369648,,400.0,12.52,51.3,51.6,23.55,8.4,45.8,Pathogenic
VAR02330,49.0,,,30.6,Never,None,Yes,Pancreatic,,Missense,,No,3.93,0.0,1.0,,0.121,,5.52,3.263e-05,0.322,,15.97,0.0,,13.11,243.6,81.0,Benign
VAR02331,,Male,White,35.7,Current,Moderate,Yes,Prostate,TP53,Missense,16.0,No,,0.0,1.0,0.0,0.128,3.97,,0.46643921,0.02,384.0,,0.0,,4.88,19.4,,Benign
VAR02332,52.0,Female,Other,,Current,Moderate,No,Colorectal,CHEK2,Missense,11.0,Yes,47.72,0.0,1.0,0.0,0.746,5.56,10.0,1e-07,0.128,,21.91,0.0,46.1,15.02,,13.4,VUS
VAR02333,,Female,White,31.4,Never,,,,ATM,Missense,,Yes,4.66,0.296,0.414,0.244,0.0,2.51,,1.074e-05,1.0,346.0,5.75,10.4,,0.29,202.6,71.8,Benign
VAR02334,53.0,Female,White,30.4,Current,,Yes,Ovarian,BRCA1,Missense,27.0,Yes,34.8,1.0,0.305,1.0,0.772,6.2,10.0,5.7e-07,0.296,138.0,7.38,70.8,2.4,2.51,7.6,47.5,Pathogenic
VAR02335,,,White,37.0,Former,None,No,Breast,TP53,Missense,7.0,No,14.18,0.0,0.315,0.0,0.0,-0.33,-2.27,5.06e-06,0.098,417.0,12.15,,1.9,0.12,1.0,13.1,Benign
VAR02336,,,,29.4,Former,None,No,,ATM,Missense,5.0,No,,0.269,1.0,,0.19,-0.73,-9.82,0.0550078,0.156,394.0,11.93,0.0,13.1,0.2,9.5,0.0,Benign
VAR02337,61.0,Female,Black,,Never,None,,Breast,CHEK2,,18.0,,0.0,0.426,0.0,,0.203,2.25,-4.24,,0.236,229.0,11.31,,,34.13,40.6,62.7,Benign
VAR02338,58.0,Female,Hispanic,27.3,Current,,Yes,Lung,,Splice_site,18.0,Yes,0.0,0.983,0.0,0.547,0.441,6.2,10.0,0.00072031,0.349,,,20.5,29.5,,95.3,31.3,Pathogenic
VAR02339,,Male,Black,23.6,Never,None,No,Lung,PTEN,Missense,27.0,,15.07,0.079,0.337,,0.0,2.37,,0.33731716,0.587,316.0,15.3,25.6,35.9,0.87,39.4,43.0,Benign
VAR02340,54.0,Male,,21.5,,None,Yes,Pancreatic,ATM,Nonsense,2.0,No,38.64,0.0,0.52,,0.156,0.06,,5.57e-05,0.393,,22.57,22.1,22.6,0.33,2.9,33.4,Benign
VAR02341,43.0,Female,White,33.8,Never,None,Yes,Breast,MSH2,Missense,25.0,,,,,0.623,0.72,6.2,2.86,3.4e-07,0.272,168.0,0.0,0.0,39.1,0.27,129.6,54.6,Pathogenic
VAR02342,60.0,Female,,22.5,Never,Moderate,Yes,Colorectal,CHEK2,Missense,23.0,No,8.7,0.333,1.0,,0.085,6.2,4.17,0.00151745,0.653,187.0,,,36.7,0.19,14.0,53.1,Benign
VAR02343,,Male,White,,Current,Moderate,No,Ovarian,ATM,,6.0,No,6.48,0.0,0.231,0.628,0.0,-1.14,3.2,0.5,0.468,239.0,0.0,0.0,5.4,0.67,765.5,77.3,Benign
VAR02344,78.0,Female,,29.6,Never,Moderate,No,Colorectal,BRCA1,,23.0,No,2.45,,0.0,0.0,0.0,-1.54,-0.23,1.233e-05,0.907,314.0,,97.7,4.4,,160.6,,Benign
VAR02345,72.0,Female,Black,32.1,Never,Moderate,No,Breast,MLH1,Synonymous,23.0,Yes,31.56,0.411,0.185,0.0,0.466,-0.18,1.77,1e-07,0.541,499.0,6.4,47.8,14.0,20.84,85.4,23.4,VUS
VAR02346,64.0,Female,Asian,24.9,Former,None,,Colorectal,APC,Frameshift,4.0,No,11.4,,0.253,,0.0,4.21,-4.48,0.00023036,0.296,339.0,9.69,29.5,0.0,4.74,11.7,8.6,Benign
VAR02347,60.0,Female,Hispanic,23.5,Never,None,Yes,,APC,Missense,1.0,Yes,,0.163,0.741,0.0,,-2.37,10.0,4.76e-06,0.291,424.0,30.23,0.0,23.5,6.6,8.6,27.4,VUS
VAR02348,,Male,White,29.4,Current,None,Yes,Ovarian,MSH2,Synonymous,18.0,No,0.0,0.404,1.0,,0.0,3.42,4.98,4.4e-07,0.411,224.0,4.75,,,9.34,,0.0,Benign
VAR02349,40.0,,Black,26.0,Current,Moderate,No,Lung,TP53,Synonymous,16.0,No,17.47,0.0,1.0,,0.0,-6.19,-8.52,0.00204041,0.504,257.0,12.78,14.6,51.4,2.29,35.7,0.0,Benign
VAR02350,53.0,Male,Hispanic,21.3,Never,None,No,Breast,ATM,Synonymous,,No,5.64,0.286,1.0,0.0,,-0.68,-6.83,,0.349,246.0,7.07,8.5,41.8,3.87,199.8,13.8,Benign
VAR02351,53.0,Male,Other,37.2,Former,None,,Ovarian,MSH2,Nonsense,26.0,,34.25,0.33,0.0,0.826,0.063,4.53,10.0,1.689e-05,0.335,298.0,28.15,0.0,16.6,,1.1,91.2,Pathogenic
VAR02352,55.0,Male,White,23.5,Current,Heavy,Yes,Prostate,MSH2,Missense,3.0,Yes,43.74,,,,0.833,6.2,7.34,,,393.0,21.92,74.8,,104.64,11.8,44.2,Benign
VAR02353,,Male,Black,22.5,Current,Moderate,,,MLH1,Missense,26.0,Yes,0.0,,,0.0,0.571,4.91,-9.73,0.5,0.532,283.0,5.3,56.7,19.1,0.37,385.3,,Benign
VAR02354,64.0,Male,White,26.3,Never,,Yes,Breast,BRCA1,Missense,24.0,Yes,23.34,1.0,,1.0,0.0,3.18,10.0,0.00098873,0.528,287.0,,0.0,30.5,28.27,10.0,100.0,Pathogenic
VAR02355,47.0,Female,Hispanic,,,Heavy,Yes,Pancreatic,MSH2,Missense,,No,1.06,0.0,0.218,0.791,0.0,,-15.86,4.02e-05,0.631,384.0,14.55,0.0,0.0,0.25,2.3,24.4,Benign
VAR02356,46.0,Female,Asian,16.7,,None,No,Breast,CHEK2,Nonsense,10.0,Yes,,0.8,,,0.962,-1.23,0.56,3.8e-06,,264.0,20.27,12.2,12.0,0.26,318.9,66.7,VUS
VAR02357,75.0,Female,Asian,33.3,Never,None,No,Ovarian,,Missense,,No,,0.174,0.0,0.356,0.502,,1.82,0.00085975,0.355,235.0,6.62,32.3,25.0,0.11,62.1,59.7,Benign
VAR02358,62.0,Female,White,22.9,,None,Yes,Colorectal,CHEK2,,,,,0.0,0.575,1.0,0.0,6.2,3.11,0.00015974,0.785,283.0,22.31,44.0,17.2,0.1,69.5,99.8,Pathogenic
VAR02359,51.0,Female,White,,Never,Heavy,No,Lung,MSH2,Synonymous,11.0,,,0.0,0.353,,0.53,-2.94,7.08,0.00020081,0.686,521.0,2.82,15.0,,4.17,81.0,,Benign
VAR02360,55.0,,Hispanic,24.1,Never,None,No,Lung,PTEN,Missense,,No,20.99,0.457,,0.3,0.0,6.2,4.93,3.58e-06,0.624,417.0,0.0,38.4,28.5,,9.1,13.1,Pathogenic
VAR02361,55.0,Female,Black,37.5,Never,Moderate,,Lung,MSH2,,20.0,No,13.94,0.0,0.651,0.0,0.298,0.95,2.6,7e-07,0.029,529.0,0.0,96.4,,4.85,19.8,53.2,Benign
VAR02362,52.0,Female,Asian,28.1,Current,Moderate,No,Pancreatic,TP53,Nonsense,9.0,,32.85,0.499,0.655,1.0,0.09,4.42,,2.26e-06,0.678,177.0,21.57,25.6,25.9,152.9,50.8,60.4,Pathogenic
VAR02363,,Female,White,24.0,Never,Moderate,No,Ovarian,,Missense,7.0,,,0.143,0.0,0.326,0.233,0.94,5.09,4.214e-05,0.368,363.0,13.48,61.4,,,8.2,,Benign
VAR02364,89.0,Female,,26.0,Never,None,,Colorectal,,,11.0,Yes,38.69,0.384,1.0,,0.144,6.01,0.38,0.01240894,0.515,,,91.6,38.6,5.29,,33.8,Benign
VAR02365,54.0,Female,,27.9,,None,No,Pancreatic,BRCA2,Splice_site,1.0,Yes,21.57,0.864,0.647,1.0,0.506,0.91,-2.12,1e-07,,,32.27,,,,,98.0,Pathogenic
VAR02366,65.0,,White,28.4,Never,Moderate,No,Breast,APC,,11.0,No,35.48,,0.688,0.754,0.286,2.81,7.8,0.03611332,0.262,151.0,0.0,,0.0,4.51,5.3,0.0,Benign
VAR02367,34.0,Female,White,29.7,Current,None,No,Pancreatic,BRCA2,Missense,23.0,No,19.8,0.0,0.805,0.0,0.0,0.32,10.0,,0.359,463.0,8.31,45.5,,3.19,6.2,33.1,Benign
VAR02368,50.0,Female,Hispanic,27.5,Never,Moderate,No,Pancreatic,,Missense,20.0,No,4.35,0.225,0.842,,,2.33,2.24,1.3e-07,0.114,142.0,0.21,36.1,23.1,0.1,1.0,0.0,Benign
VAR02369,72.0,Female,White,20.6,Never,None,No,Pancreatic,MSH2,Missense,2.0,No,40.18,0.386,0.108,,0.431,-0.43,2.37,0.01938152,0.269,418.0,,89.0,46.3,3.16,79.4,0.0,Benign
VAR02370,61.0,Male,Hispanic,25.8,Current,Moderate,No,Breast,PTEN,Synonymous,9.0,No,16.94,0.504,0.577,0.491,0.042,-1.14,1.48,0.04182977,0.065,277.0,,1.7,36.2,8.87,34.9,0.0,Benign
VAR02371,18.0,Male,Black,30.5,,Moderate,,,MLH1,Splice_site,18.0,Yes,24.4,1.0,0.476,,0.211,6.2,-0.9,1e-07,0.069,,0.0,22.3,7.3,200.0,,,Pathogenic
VAR02372,65.0,Female,White,24.2,Never,Moderate,No,Prostate,BRCA1,Missense,,No,1.84,0.0,0.0,0.931,0.0,-5.78,-1.72,0.09630788,0.02,215.0,0.0,,15.0,1.14,,,Benign
VAR02373,81.0,Female,,30.9,Former,Moderate,No,,PTEN,Missense,12.0,No,24.25,,0.781,0.014,0.0,6.2,6.73,1.13e-06,,326.0,,100.0,35.6,32.04,1.5,,Benign
VAR02374,29.0,Male,Other,27.7,Former,None,No,,PALB2,Synonymous,,No,4.08,0.0,,,0.0,,4.6,1e-07,,280.0,10.21,87.0,11.2,0.78,215.3,63.7,VUS
VAR02375,76.0,Male,Hispanic,26.4,Never,None,No,Breast,ATM,Splice_site,2.0,Yes,,0.174,0.833,,0.246,-1.79,10.0,,0.334,320.0,0.0,,27.1,,1.0,,VUS
VAR02376,20.0,Female,Hispanic,33.5,Former,None,Yes,Breast,APC,,25.0,Yes,0.19,0.456,0.0,0.215,0.0,2.52,6.88,9.72e-06,,102.0,20.11,0.0,9.8,,17.2,100.0,VUS
VAR02377,68.0,Female,Hispanic,18.8,Former,,No,,TP53,,5.0,Yes,0.0,0.624,0.186,0.415,0.679,-2.66,-0.84,2.23e-06,0.784,,9.1,9.7,30.8,,9.9,25.3,Benign
VAR02378,56.0,Female,Black,24.1,,None,Yes,Pancreatic,MLH1,Missense,20.0,No,0.0,0.439,,0.0,0.134,0.86,5.98,0.0628154,0.445,,16.55,21.0,33.5,0.62,773.0,0.0,Benign
VAR02379,25.0,Female,,33.7,,None,Yes,Breast,MSH2,Missense,3.0,No,,0.221,0.0,0.145,0.0,0.89,0.49,0.00843728,0.662,408.0,,28.7,0.0,2.5,15.9,0.0,Benign
VAR02380,62.0,Male,Black,36.7,Former,None,No,Breast,CHEK2,,27.0,,23.87,,0.957,0.0,0.156,6.2,-8.63,0.5,0.763,479.0,0.0,0.0,54.4,2.49,15.8,44.9,Benign
VAR02381,,Male,,38.9,Former,None,Yes,Colorectal,MSH2,Splice_site,6.0,No,11.71,0.43,0.261,0.959,0.0,1.77,8.33,0.02640221,0.933,,26.83,0.0,56.3,2.99,,0.0,Benign
VAR02382,61.0,Male,White,27.8,Former,Moderate,No,Breast,MSH2,Missense,10.0,No,0.0,1.0,0.225,0.0,,-4.59,4.94,0.05678864,0.759,402.0,3.6,69.0,0.0,0.46,2.2,25.0,Benign
VAR02383,64.0,Male,White,29.8,Current,Moderate,,Lung,CHEK2,Splice_site,18.0,Yes,0.0,0.569,1.0,0.732,0.0,3.14,,1.822e-05,0.02,358.0,,43.7,17.9,2.23,5.2,5.1,Benign
VAR02384,51.0,Female,Hispanic,31.6,Current,Moderate,No,Lung,BRCA1,,2.0,No,2.23,0.354,0.382,0.116,0.325,3.78,-1.63,1e-07,0.711,449.0,0.62,0.0,0.0,,1.2,91.5,Benign
VAR02385,28.0,Male,White,,,Moderate,No,Ovarian,MSH2,Frameshift,,No,50.0,0.157,0.512,0.0,0.73,-2.54,10.0,0.17615692,0.655,453.0,14.3,78.6,,2.49,197.4,7.1,Pathogenic
VAR02386,,Female,Hispanic,29.1,Never,Moderate,No,Lung,MSH2,Missense,8.0,,12.58,0.0,0.036,1.0,0.133,-4.91,-2.91,0.04047616,,184.0,0.0,59.1,36.6,0.4,98.4,56.3,Benign
VAR02387,79.0,Female,Other,32.1,Never,Moderate,No,Breast,PALB2,Missense,12.0,No,19.77,0.033,0.38,0.909,0.842,6.2,-3.71,,0.361,341.0,0.0,100.0,,0.51,2.3,4.6,Benign
VAR02388,71.0,Male,White,29.8,Former,Moderate,No,Ovarian,APC,Splice_site,9.0,No,11.15,0.594,0.106,0.856,0.0,,10.0,3.2e-06,0.831,414.0,26.75,8.9,21.6,19.7,9.6,1.1,Benign
VAR02389,26.0,Female,White,30.1,Never,Moderate,Yes,Prostate,TP53,Frameshift,23.0,Yes,14.05,0.354,0.308,0.949,1.0,3.4,-5.54,0.00073439,,415.0,25.22,9.7,50.1,,59.5,100.0,Pathogenic
VAR02390,36.0,Male,Black,22.9,,Moderate,No,Breast,BRCA2,Missense,13.0,Yes,9.62,0.472,0.449,,,0.34,1.5,,0.409,404.0,,11.7,10.1,46.19,1.0,0.0,Benign
VAR02391,41.0,Male,White,25.9,Former,Moderate,,Breast,BRCA2,Splice_site,21.0,Yes,11.06,0.834,0.398,0.934,0.592,1.88,10.0,0.00100617,0.8,316.0,19.81,76.9,0.0,2.98,149.2,17.4,Pathogenic
VAR02392,35.0,Male,Hispanic,24.9,Former,Moderate,No,Lung,CHEK2,Synonymous,2.0,Yes,26.83,0.341,0.625,0.487,,-7.57,-8.01,0.06637709,0.218,394.0,9.52,0.0,15.0,1.8,1.3,0.0,Benign
VAR02393,56.0,,White,21.6,Never,Moderate,No,Breast,,Frameshift,19.0,No,0.0,,,0.033,0.508,-3.88,-0.54,0.00021549,0.611,164.0,,21.5,7.9,8.54,1.0,0.0,VUS
VAR02394,60.0,Female,White,19.2,Current,Moderate,Yes,,MLH1,Missense,11.0,No,,0.084,0.271,0.0,0.027,-1.15,9.09,0.00162417,0.02,,20.85,25.5,29.7,9.65,26.5,0.0,VUS
VAR02395,37.0,Female,Black,,Former,Moderate,No,Prostate,MLH1,Frameshift,17.0,No,20.81,0.0,,0.459,0.0,,-5.87,0.00034272,0.553,486.0,10.23,,41.6,,79.9,0.0,Benign
VAR02396,66.0,Male,White,26.2,Never,None,No,Breast,ATM,Missense,23.0,No,0.0,0.458,0.72,0.303,0.0,-3.0,3.78,0.28247818,0.02,440.0,7.34,0.0,1.2,0.1,163.9,0.0,Benign
VAR02397,64.0,Male,White,28.0,Former,,Yes,Colorectal,TP53,Missense,,No,4.55,0.145,0.822,0.686,0.163,-6.29,-3.28,2.819e-05,,494.0,19.41,11.8,0.0,6.68,56.2,0.0,Benign
VAR02398,49.0,Male,White,30.3,Never,Heavy,,Breast,PTEN,Missense,10.0,Yes,0.0,0.0,0.873,1.0,,-2.02,10.0,4.774e-05,0.02,303.0,,40.0,37.8,0.26,3.4,0.0,Benign
VAR02399,53.0,Female,White,28.4,Former,,No,Lung,APC,Splice_site,7.0,Yes,8.1,0.437,0.358,0.831,0.0,6.2,10.0,0.00016937,0.02,212.0,3.61,0.0,15.7,,2000.0,36.4,VUS
VAR02400,,Female,Asian,26.2,Never,None,Yes,Ovarian,PALB2,Nonsense,24.0,Yes,,1.0,,0.295,0.015,1.74,4.38,8.072e-05,0.542,,0.0,4.5,36.0,0.48,47.2,2.2,Pathogenic
VAR02401,,Female,White,22.9,Former,Moderate,Yes,Prostate,,Nonsense,8.0,Yes,18.13,0.688,0.143,0.893,,3.97,,3.39e-06,,533.0,0.0,100.0,,,4.2,74.9,Benign
VAR02402,,Male,White,31.9,,None,No,,,,1.0,Yes,16.81,0.933,0.75,0.403,,6.2,4.95,0.0003966,0.244,,,41.4,,0.26,194.3,0.0,Benign
VAR02403,54.0,Male,,27.0,Never,None,No,Prostate,MLH1,Nonsense,9.0,No,,,0.0,1.0,0.191,,10.0,0.00097255,,,23.84,89.1,40.5,0.1,82.2,16.2,Pathogenic
VAR02404,61.0,Male,White,25.3,Never,Moderate,No,Prostate,ATM,Missense,1.0,,25.13,0.057,0.592,0.651,0.085,6.2,5.0,0.06949189,0.742,454.0,31.55,48.5,,0.22,2000.0,9.7,Benign
VAR02405,59.0,Female,White,26.6,Never,Moderate,No,Lung,CHEK2,Missense,,No,0.0,0.614,0.0,0.17,0.0,,4.2,0.00018819,1.0,329.0,4.43,13.1,47.1,26.78,804.7,2.4,Benign
VAR02406,49.0,Female,Hispanic,23.8,Current,Moderate,Yes,Lung,,Missense,25.0,Yes,,0.787,0.072,0.643,,5.15,9.06,,0.538,277.0,7.35,,18.2,20.05,15.3,,Pathogenic
VAR02407,60.0,Female,White,24.8,Former,None,No,Breast,TP53,Missense,12.0,,0.0,0.0,0.497,,0.866,,-0.46,0.00093252,0.784,403.0,,,,35.04,1.0,0.0,Benign
VAR02408,65.0,,Black,24.7,Never,Moderate,,Ovarian,PTEN,Missense,17.0,,26.55,,0.0,,,6.2,,1e-07,,268.0,16.39,7.1,30.0,0.1,,100.0,Pathogenic
VAR02409,51.0,Female,White,26.1,Never,None,,Ovarian,CHEK2,Frameshift,26.0,Yes,21.36,1.0,0.299,1.0,0.004,1.65,7.61,1e-07,0.29,373.0,38.23,,29.3,200.0,,100.0,Pathogenic
VAR02410,57.0,Male,White,30.8,Former,,Yes,Breast,,Nonsense,25.0,,38.42,1.0,0.0,,0.228,,4.5,,0.135,54.0,11.47,,6.6,200.0,36.5,,VUS
VAR02411,54.0,Female,,29.5,Never,Moderate,No,Colorectal,PTEN,Synonymous,2.0,No,,0.665,0.662,1.0,,6.2,5.93,0.5,0.304,127.0,0.0,,33.9,0.27,201.7,41.2,Benign
VAR02412,48.0,Female,Hispanic,35.2,Never,None,No,Lung,PTEN,,,Yes,1.33,0.0,0.789,,0.122,-1.21,-3.8,0.00179711,0.444,294.0,11.41,0.0,17.4,5.37,19.3,4.4,Benign
VAR02413,63.0,Male,Asian,33.6,Never,Heavy,No,Colorectal,,,,No,0.0,0.074,,,0.146,-1.62,-1.16,,0.788,467.0,,76.5,55.5,0.66,58.8,13.2,Benign
VAR02414,45.0,Male,,37.3,Former,Moderate,No,Pancreatic,MLH1,,,,28.43,0.677,0.0,1.0,0.523,1.79,7.75,1e-07,0.665,,12.47,69.7,22.0,25.18,268.2,48.0,Pathogenic
VAR02415,,Female,Other,30.3,,None,Yes,Lung,TP53,Missense,5.0,No,,0.385,0.0,0.831,0.009,-3.99,2.41,,1.0,,9.26,66.3,18.7,156.57,1572.2,21.2,Pathogenic
VAR02416,55.0,Female,,30.2,Never,,No,Colorectal,,Missense,5.0,Yes,,0.353,1.0,0.0,0.0,6.2,-4.97,0.01353218,0.987,,37.84,36.1,45.0,0.41,,27.2,VUS
VAR02417,48.0,Male,Black,25.1,Current,None,Yes,Ovarian,CHEK2,Frameshift,23.0,Yes,27.25,0.655,0.724,1.0,0.851,4.6,,1e-07,0.537,275.0,,55.5,23.5,0.31,23.7,100.0,Pathogenic
VAR02418,,Male,Hispanic,31.6,,None,No,Colorectal,,Missense,6.0,No,,0.0,0.959,0.0,,5.37,-6.77,7.628e-05,,143.0,0.0,0.2,6.7,1.42,4.5,88.0,Benign
VAR02419,49.0,,,24.2,Current,Heavy,,Colorectal,BRCA2,Missense,13.0,Yes,0.0,0.561,0.684,0.254,0.0,-0.27,,6.366e-05,0.02,396.0,0.0,0.0,,,921.8,13.3,Benign
VAR02420,35.0,Female,White,20.1,Former,Moderate,No,Breast,PALB2,Missense,,No,16.3,0.372,0.066,0.0,0.0,-1.42,4.81,,0.122,349.0,0.0,0.0,5.9,14.36,4.3,0.0,Benign
VAR02421,,Female,White,,Current,Moderate,No,Colorectal,ATM,Missense,17.0,No,26.54,0.0,0.47,0.0,0.009,-2.52,10.0,0.0008248,0.02,358.0,0.0,,0.0,7.02,1698.4,7.9,Benign
VAR02422,55.0,Male,Black,,Former,Moderate,Yes,Lung,,Frameshift,,,23.65,0.847,0.0,1.0,0.399,6.2,10.0,1e-07,0.198,197.0,10.36,57.2,20.3,42.82,18.0,,Benign
VAR02423,67.0,,White,29.7,Current,Heavy,,Ovarian,PALB2,Missense,17.0,No,0.0,0.0,0.509,0.0,0.0,-3.16,9.74,0.5,0.172,,28.59,0.0,37.5,28.52,2.3,73.1,Benign
VAR02424,49.0,Female,Asian,23.1,Never,Heavy,No,,MSH2,Missense,8.0,Yes,22.73,0.0,0.0,0.428,0.0,2.25,-3.01,0.5,0.571,273.0,0.0,45.4,11.8,4.97,,0.0,Benign
VAR02425,81.0,Male,White,33.1,Former,None,No,Breast,PTEN,Synonymous,3.0,No,15.8,0.493,,0.289,0.0,0.67,-0.44,,,477.0,0.0,46.6,67.6,2.2,33.2,,Benign
VAR02426,51.0,Female,Asian,33.8,Former,None,No,Ovarian,,Missense,11.0,No,7.02,0.394,,0.277,0.0,-4.24,3.34,0.00564959,0.765,88.0,16.44,,0.0,,1.0,,Pathogenic
VAR02427,45.0,Male,White,,Never,None,No,Breast,MLH1,Missense,22.0,No,17.63,0.0,0.97,0.0,0.0,-1.54,1.04,0.0001468,0.512,,3.19,0.0,31.5,,100.5,42.9,Benign
VAR02428,43.0,Male,Black,33.7,Never,None,No,Lung,BRCA2,Splice_site,4.0,No,23.13,0.322,,0.131,0.155,0.55,2.4,0.00226419,0.102,,,0.0,29.8,27.19,1.0,0.0,Benign
VAR02429,29.0,Female,White,27.5,Never,Moderate,,Lung,BRCA2,Missense,,Yes,27.16,0.746,1.0,0.555,0.488,3.39,10.0,1e-07,,304.0,28.12,7.5,,,2000.0,,Pathogenic
VAR02430,76.0,Male,,38.7,Never,None,,Breast,BRCA1,Synonymous,,,12.81,0.0,0.428,0.696,0.567,6.2,2.24,0.5,0.02,50.0,0.0,0.0,19.2,0.78,1.0,46.1,Benign
VAR02431,70.0,Female,White,31.2,Never,Moderate,Yes,Pancreatic,PTEN,Frameshift,17.0,,36.23,0.704,0.0,0.646,0.533,5.87,10.0,1.2e-06,0.93,214.0,0.0,37.5,51.9,,,0.0,Pathogenic
VAR02432,64.0,Male,Black,23.0,,None,No,Lung,PALB2,Missense,23.0,Yes,0.73,0.377,0.609,0.07,0.378,-0.39,-5.71,5.194e-05,0.028,351.0,17.21,13.4,41.3,0.2,68.6,13.2,Benign
VAR02433,40.0,Male,White,,Never,Moderate,No,,MLH1,Nonsense,8.0,Yes,,0.919,0.314,1.0,0.0,3.15,10.0,3.9e-07,0.02,478.0,12.15,100.0,38.8,47.35,428.3,60.5,Pathogenic
VAR02434,80.0,Male,Black,26.7,Former,None,No,Prostate,MLH1,Missense,17.0,Yes,,0.0,0.506,0.0,0.104,-0.54,-9.14,,0.579,288.0,4.4,96.0,5.2,,1.0,42.0,Benign
VAR02435,51.0,Female,Other,26.2,Never,None,No,Lung,BRCA2,Synonymous,20.0,,5.93,0.256,0.0,0.0,0.0,-2.27,8.44,0.00059101,,440.0,0.0,,,,65.3,1.2,Benign
VAR02436,,Male,,19.2,Never,Moderate,No,Colorectal,BRCA2,Missense,20.0,No,20.09,0.192,0.824,0.0,0.344,-3.25,0.21,2.958e-05,0.843,363.0,0.0,9.6,36.7,1.02,1.3,76.5,Benign
VAR02437,75.0,Male,White,,Never,,No,Breast,MSH2,Splice_site,19.0,No,0.0,0.0,0.55,0.754,0.147,3.22,-7.32,,0.754,275.0,3.21,,37.6,0.32,33.6,0.0,Benign
VAR02438,61.0,,,20.6,Never,Moderate,Yes,Prostate,MSH2,Missense,6.0,Yes,,0.412,0.0,0.943,1.0,6.2,5.32,1.62e-06,0.106,407.0,0.0,45.7,0.0,5.89,1.0,82.3,Pathogenic
VAR02439,,,,16.0,Never,Moderate,No,Breast,CHEK2,Synonymous,25.0,Yes,13.97,0.493,0.0,0.457,0.0,-0.91,5.21,0.00749445,1.0,426.0,20.42,10.6,28.1,63.15,73.9,65.5,VUS
VAR02440,55.0,Female,White,25.8,Current,None,Yes,Ovarian,PALB2,Synonymous,19.0,Yes,48.87,1.0,1.0,1.0,0.151,6.2,-0.74,,,288.0,12.1,39.6,28.0,0.96,995.5,0.0,Pathogenic
VAR02441,51.0,Male,Hispanic,23.7,Never,None,,Prostate,ATM,Missense,4.0,No,17.65,0.0,0.958,1.0,0.183,-2.52,-4.17,2.848e-05,0.545,241.0,2.64,,42.2,0.14,,76.5,Benign
VAR02442,48.0,Female,White,23.2,Never,None,No,Prostate,MSH2,,18.0,No,5.44,0.626,0.824,0.0,0.0,0.97,-1.13,,0.948,142.0,19.64,47.5,17.3,3.16,22.8,0.0,Benign
VAR02443,32.0,,White,16.0,Former,None,No,Lung,BRCA2,Missense,25.0,,11.65,0.0,0.494,0.133,0.0,,6.62,0.00030094,0.02,366.0,0.0,0.0,1.2,29.5,82.6,0.4,Benign
VAR02444,52.0,,Black,23.2,Current,Heavy,,Breast,BRCA1,Missense,1.0,No,12.21,0.816,0.888,0.216,,-3.38,-11.31,4.68e-06,1.0,257.0,11.4,72.4,4.9,,,59.3,Benign
VAR02445,71.0,Male,White,26.6,Never,Moderate,No,Ovarian,TP53,Missense,24.0,No,39.87,0.071,,0.189,0.0,-3.55,4.25,4.51e-06,0.418,377.0,6.01,58.2,28.5,31.66,1.0,0.4,Benign
VAR02446,64.0,Male,Black,,Never,,Yes,Prostate,BRCA2,Missense,9.0,,9.33,0.0,,0.62,,-0.16,-0.24,0.0001684,0.507,352.0,17.75,0.0,42.9,0.83,1.0,13.9,Benign
VAR02447,56.0,Female,Asian,,Former,Moderate,No,Lung,BRCA2,Synonymous,9.0,,5.83,0.341,0.669,0.633,0.0,-4.82,8.12,0.5,,359.0,12.13,55.4,15.4,15.86,6.7,52.8,Benign
VAR02448,43.0,,,34.5,Never,Heavy,Yes,Prostate,,,14.0,,4.92,,0.047,0.087,0.0,-9.69,3.89,0.5,0.526,302.0,14.77,7.4,27.3,5.38,24.0,23.7,Benign
VAR02449,59.0,Female,White,30.1,Never,None,Yes,Breast,APC,Synonymous,,No,10.97,,0.499,0.0,0.106,-5.73,9.93,0.5,0.02,180.0,,19.5,,1.42,5.7,,Benign
VAR02450,69.0,Female,Hispanic,32.6,,None,No,Pancreatic,MLH1,Missense,3.0,No,0.0,0.124,0.348,1.0,0.111,-0.29,3.95,0.09517853,,372.0,0.0,11.8,0.0,2.61,23.1,,Benign
VAR02451,58.0,Male,Black,33.0,Current,Moderate,,Breast,TP53,Missense,8.0,Yes,21.97,0.0,,0.897,0.744,1.19,-0.57,1e-07,0.11,412.0,11.74,7.6,30.6,27.73,479.3,64.5,Pathogenic
VAR02452,58.0,,Hispanic,22.4,Former,,No,Ovarian,ATM,Missense,22.0,No,0.0,0.0,0.286,0.246,0.0,-2.13,4.07,0.5,,576.0,14.69,0.0,30.2,8.18,7.5,0.0,Benign
VAR02453,46.0,,Hispanic,29.7,Never,,No,Prostate,ATM,Nonsense,7.0,No,0.0,,0.0,0.863,,1.7,4.46,0.02293577,0.02,255.0,,100.0,34.9,7.8,1.2,12.7,Benign
VAR02454,,Female,White,32.5,Former,Moderate,,,PALB2,Frameshift,10.0,Yes,40.66,1.0,0.561,0.694,,1.06,2.66,1e-07,0.254,205.0,,64.4,0.0,20.32,137.1,64.2,Pathogenic
VAR02455,18.0,Female,White,25.3,Current,None,,Lung,PTEN,Splice_site,18.0,,23.37,0.78,0.934,,0.655,3.35,2.17,0.5,0.02,192.0,0.0,38.8,48.2,1.77,,27.2,VUS
VAR02456,,Male,Hispanic,23.5,Current,Moderate,No,Colorectal,PTEN,Missense,7.0,Yes,0.0,0.658,0.096,0.039,0.0,6.2,-13.85,0.00144126,,,0.0,94.1,11.9,,36.7,0.0,Benign
VAR02457,89.0,Male,,30.2,Never,Moderate,No,Prostate,PTEN,Missense,2.0,Yes,5.63,0.0,1.0,1.0,0.0,,,0.2779264,0.579,408.0,0.0,0.0,11.1,0.58,5.8,0.0,Benign
VAR02458,,Female,Black,,Never,None,No,Breast,,Missense,15.0,Yes,4.12,0.511,0.534,0.439,0.567,-0.44,,0.00042605,0.788,418.0,0.0,7.7,34.0,15.72,11.8,,Benign
VAR02459,53.0,Female,White,22.1,Never,Moderate,No,Breast,MSH2,Missense,3.0,No,,0.519,0.545,0.0,0.0,2.23,-2.34,0.06175414,0.044,493.0,0.0,0.0,23.5,0.12,5.6,31.1,Benign
VAR02460,,Female,Hispanic,24.2,Former,Moderate,No,Lung,MSH2,Missense,11.0,Yes,4.26,0.038,0.0,1.0,,1.08,0.6,0.00012061,0.81,362.0,10.08,17.3,52.5,5.06,82.2,96.0,Pathogenic
VAR02461,50.0,Female,,29.8,,,No,Prostate,MSH2,Missense,18.0,,,0.68,0.277,,0.0,-2.19,-1.9,0.32151062,0.02,188.0,0.0,19.3,35.0,3.37,1.0,0.0,Benign
VAR02462,65.0,Male,,28.6,Never,Moderate,No,Pancreatic,BRCA2,Missense,,Yes,5.3,0.929,,0.58,0.232,,9.68,,0.633,346.0,,19.6,49.8,,51.2,,Pathogenic
VAR02463,61.0,Male,White,32.7,Never,Moderate,No,Ovarian,PTEN,Missense,,Yes,0.0,0.217,0.0,0.0,0.307,,3.92,0.00090641,0.894,,0.0,0.0,14.5,0.21,14.7,,VUS
VAR02464,,Female,White,,Never,None,No,Lung,PTEN,Missense,24.0,,0.0,0.044,0.187,,0.247,-3.73,-0.89,0.00820528,0.567,282.0,0.0,0.0,44.1,0.1,164.9,15.8,Benign
VAR02465,66.0,Male,Black,22.6,Current,None,Yes,,MSH2,,,,0.0,0.0,0.301,0.927,0.0,3.04,-6.52,0.00191731,0.339,273.0,0.0,0.0,0.0,0.74,1.0,75.2,Benign
VAR02466,56.0,Female,White,30.1,Never,Moderate,,,CHEK2,Synonymous,,No,20.04,0.467,0.0,0.403,0.43,6.2,-0.97,6.95e-06,0.02,371.0,0.0,0.0,20.5,7.99,1.1,56.5,Benign
VAR02467,,Female,Black,23.5,Never,Moderate,No,,ATM,Missense,,Yes,50.0,0.732,0.358,0.857,0.0,,-0.15,1.3e-07,,368.0,18.06,0.0,0.0,73.86,75.0,30.1,VUS
VAR02468,58.0,Female,White,24.5,Former,None,Yes,Breast,TP53,Synonymous,22.0,Yes,21.0,0.445,0.862,1.0,0.0,2.28,-0.23,0.00044156,1.0,239.0,2.04,10.5,24.4,,441.6,4.2,Benign
VAR02469,55.0,Female,White,,Former,Heavy,,Breast,BRCA1,Nonsense,3.0,Yes,19.09,0.816,0.219,1.0,0.512,4.38,10.0,,0.814,242.0,14.56,31.8,25.3,0.85,28.4,37.0,Pathogenic
VAR02470,34.0,Female,White,29.0,Former,Moderate,,Breast,PTEN,Synonymous,21.0,No,11.31,0.274,1.0,0.0,,-0.85,-2.27,0.03575513,0.909,327.0,3.13,0.0,39.2,4.12,10.3,,Benign
VAR02471,45.0,Male,White,,,None,No,Breast,TP53,Frameshift,1.0,Yes,,0.645,0.0,0.577,0.0,6.2,10.0,1.48e-06,0.521,372.0,21.9,0.0,26.6,,5.9,51.9,Pathogenic
VAR02472,71.0,Male,Hispanic,22.4,Never,,Yes,,PALB2,Missense,,No,0.0,0.67,1.0,0.492,0.296,6.2,-2.49,0.0005675,0.67,401.0,13.02,27.1,,6.49,20.0,2.9,Benign
VAR02473,39.0,,White,32.6,Never,Moderate,No,Breast,ATM,,26.0,No,28.86,0.456,0.136,0.464,0.0,1.67,-9.71,3.47e-06,0.702,,13.43,13.3,13.8,7.58,1.7,16.6,Benign
VAR02474,28.0,Male,,27.2,Never,,No,Prostate,,Synonymous,6.0,,39.61,0.259,0.44,0.771,0.0,4.86,-0.32,1.577e-05,0.323,315.0,3.4,0.0,25.7,150.27,1.0,0.0,Pathogenic
VAR02475,56.0,Female,White,18.7,Former,Heavy,No,Prostate,TP53,Synonymous,13.0,No,0.0,0.119,0.392,0.394,,0.32,-2.73,,0.02,205.0,5.49,,10.4,17.45,,34.1,Benign
VAR02476,74.0,Female,White,23.0,Current,Moderate,No,Colorectal,TP53,,15.0,No,30.68,0.0,0.641,0.557,0.148,2.16,10.0,0.00263201,,207.0,0.0,43.5,43.5,,2.2,,Benign
VAR02477,53.0,,White,22.7,Never,None,,Lung,PALB2,Nonsense,19.0,Yes,18.69,0.0,0.0,1.0,0.534,,3.86,0.00020267,1.0,,3.17,100.0,15.3,0.47,207.4,100.0,Pathogenic
VAR02478,52.0,Female,Other,,Former,Moderate,,Ovarian,PALB2,Missense,26.0,No,3.87,0.012,0.5,,0.0,0.67,,,,250.0,16.29,92.1,40.5,2.87,15.6,36.0,Benign
VAR02479,32.0,Female,White,29.6,,,No,Breast,BRCA1,Synonymous,,Yes,12.45,0.757,0.218,0.592,0.111,-0.74,1.06,0.06169186,,461.0,0.0,0.0,9.9,11.23,199.3,,Benign
VAR02480,,Male,White,36.7,Current,Moderate,No,Lung,PALB2,,,Yes,,0.459,0.0,0.764,0.664,5.29,5.47,1e-07,0.631,476.0,9.42,32.6,33.3,0.56,2.8,100.0,Benign
VAR02481,65.0,Male,Asian,20.3,,None,No,Lung,CHEK2,Missense,27.0,No,12.43,0.0,0.0,0.101,0.0,,-6.54,1.185e-05,0.485,382.0,14.35,19.3,18.3,17.49,127.8,,Benign
VAR02482,33.0,Female,Black,25.1,Never,Moderate,Yes,Colorectal,ATM,,3.0,Yes,14.5,0.0,0.943,0.37,0.0,-4.57,3.07,0.01111205,0.02,431.0,9.29,,43.0,1.95,18.5,0.0,Benign
VAR02483,67.0,Male,White,23.0,Former,Moderate,Yes,Prostate,PALB2,Nonsense,,No,41.44,0.193,0.0,0.959,0.781,,,2.75e-06,0.475,409.0,13.06,26.0,56.5,,1.1,,Pathogenic
VAR02484,65.0,Female,Black,21.2,Former,,Yes,Lung,PTEN,Missense,9.0,,28.97,,0.181,1.0,0.921,6.2,2.75,0.02821955,,339.0,4.3,79.6,25.8,0.42,3.8,38.9,VUS
VAR02485,71.0,Male,Asian,28.0,Former,None,No,Colorectal,TP53,,26.0,No,16.05,0.307,0.031,0.311,0.668,,-0.88,0.5,0.02,52.0,17.29,,56.2,5.14,3.4,0.0,Benign
VAR02486,60.0,Female,White,27.5,,None,Yes,,APC,Splice_site,,Yes,44.02,0.556,0.319,0.153,0.0,2.22,4.18,0.00246731,0.963,569.0,3.67,4.5,19.3,20.79,105.9,23.6,Pathogenic
VAR02487,64.0,Female,White,18.4,,Moderate,No,Prostate,MLH1,Missense,18.0,,0.0,,0.284,0.0,0.566,-2.9,-3.13,0.5,0.468,297.0,10.39,0.0,,0.26,1.8,,Benign
VAR02488,63.0,Male,Asian,27.6,Former,None,No,Pancreatic,MLH1,Synonymous,6.0,,0.0,0.0,0.0,,0.0,,-7.27,0.5,0.02,297.0,,60.7,20.1,7.28,1.0,74.8,Benign
VAR02489,67.0,,,,Never,None,No,Lung,,Splice_site,26.0,,36.74,0.288,0.688,,0.796,0.12,10.0,0.0003367,0.449,481.0,13.45,58.6,4.0,16.14,6.7,24.5,Benign
VAR02490,,Female,Other,,Never,Heavy,No,Lung,PTEN,Missense,2.0,No,0.0,0.358,0.184,0.0,0.0,3.6,10.0,0.5,0.886,338.0,14.66,63.9,,,174.4,21.6,Benign
VAR02491,36.0,Female,,,Never,Moderate,,Colorectal,ATM,Missense,14.0,Yes,0.0,0.0,0.539,,0.0,,,,0.1,597.0,7.46,0.0,24.8,3.99,24.6,15.5,Benign
VAR02492,42.0,Female,,29.8,Never,Moderate,No,Breast,CHEK2,Nonsense,19.0,Yes,22.78,0.434,,0.497,0.429,,2.7,1e-07,,229.0,,32.5,14.5,2.52,19.9,100.0,Pathogenic
VAR02493,52.0,Female,,,Never,Moderate,No,Prostate,TP53,Synonymous,24.0,,,,0.0,,0.126,1.66,-2.47,1.23e-06,0.02,434.0,19.96,83.1,9.1,2.19,125.5,,VUS
VAR02494,,Male,,24.9,Former,,No,Lung,ATM,Frameshift,8.0,Yes,0.0,0.38,0.525,0.418,0.0,,6.41,0.01916269,,293.0,1.86,0.0,56.1,,1.7,1.8,Benign
VAR02495,60.0,Male,Asian,27.8,Current,Moderate,No,Colorectal,MLH1,Missense,10.0,No,15.3,0.238,0.172,,0.436,2.51,-5.6,0.00930094,0.045,,8.93,41.9,19.4,0.66,1454.7,63.5,Benign
VAR02496,67.0,Female,,30.3,Never,Moderate,,Lung,PTEN,,2.0,No,35.47,1.0,0.523,1.0,0.969,3.68,10.0,1e-07,,223.0,16.52,14.7,19.2,2.68,2000.0,58.2,Pathogenic
VAR02497,67.0,Female,White,29.8,Never,None,Yes,Colorectal,APC,Missense,18.0,Yes,37.76,0.138,,,0.054,4.34,9.2,1e-07,1.0,251.0,26.21,,40.5,,12.7,100.0,Benign
VAR02498,45.0,Male,Black,27.0,Never,Moderate,No,Breast,BRCA2,Missense,6.0,No,16.78,0.369,0.539,0.096,0.729,6.2,-0.17,0.00853247,0.436,462.0,0.0,0.0,49.9,3.34,22.4,,Benign
VAR02499,,Male,Hispanic,,Never,None,Yes,Lung,,,17.0,No,1.44,1.0,0.0,0.24,0.0,0.82,9.37,0.00073569,0.13,377.0,,84.4,,,13.5,24.7,Benign
VAR02500,45.0,Male,,20.9,Never,Moderate,No,,PTEN,Synonymous,3.0,,1.41,0.202,0.918,0.333,0.0,,,0.08343467,1.0,,0.0,,33.3,82.08,,87.0,Benign
VAR02501,,Female,,23.8,Former,Moderate,No,Breast,APC,Missense,14.0,No,25.63,0.22,,,1.0,-10.1,0.81,0.5,0.465,140.0,,13.1,,0.72,166.1,,Benign
VAR02502,,Female,White,31.0,Current,Moderate,Yes,Breast,BRCA2,Missense,,Yes,19.79,1.0,,0.913,0.605,4.76,-1.17,1e-07,0.463,144.0,19.03,100.0,18.9,199.82,1.1,89.3,Pathogenic
VAR02503,,Female,White,31.7,Never,None,,Ovarian,APC,Missense,14.0,No,0.0,0.0,0.625,0.172,,,-14.58,0.5,0.442,219.0,3.14,0.0,15.1,26.45,7.0,0.0,Benign
VAR02504,86.0,Female,,28.0,Former,Moderate,,,,Missense,9.0,No,29.9,,0.653,0.0,0.3,-2.16,9.55,,0.19,276.0,16.65,0.0,11.1,0.73,81.5,58.6,VUS
VAR02505,59.0,,Asian,34.9,Former,Moderate,,Breast,PTEN,Missense,5.0,Yes,27.71,0.806,1.0,1.0,0.746,1.82,2.6,1e-07,0.461,309.0,0.0,100.0,40.7,,1757.8,26.7,Pathogenic
VAR02506,,Female,White,30.0,Never,None,No,Ovarian,BRCA2,Missense,,No,0.05,0.0,0.742,0.0,0.182,,8.09,2.99e-06,0.595,355.0,0.0,10.4,26.6,2.35,488.1,51.9,Benign
VAR02507,81.0,Male,Black,,Never,None,No,Lung,APC,Synonymous,25.0,No,0.19,0.36,0.55,0.398,0.578,-1.35,-1.42,0.00025738,1.0,432.0,0.0,9.3,23.4,0.1,3.2,0.0,Benign
VAR02508,51.0,Female,White,21.4,Never,Moderate,No,Prostate,PALB2,Missense,8.0,No,25.7,0.437,,0.568,0.0,,0.11,1.159e-05,0.119,482.0,0.0,12.9,9.2,,2.5,57.1,Benign
VAR02509,58.0,,Asian,34.7,Never,Moderate,,Lung,CHEK2,Synonymous,13.0,No,17.23,0.0,0.503,0.414,0.0,3.5,2.1,0.06696821,0.614,341.0,20.43,0.0,40.7,,6.2,15.1,Benign
VAR02510,50.0,,Hispanic,31.4,Current,Heavy,No,Pancreatic,,Synonymous,3.0,Yes,11.73,0.254,0.926,0.0,0.0,-4.88,,0.09030519,0.02,227.0,23.14,57.0,27.7,0.1,,33.3,Benign
VAR02511,77.0,Female,White,36.5,Never,None,No,Lung,BRCA1,Missense,5.0,,0.0,0.082,,0.366,0.0,6.2,,0.00558133,0.562,400.0,4.66,0.0,6.4,,46.4,22.1,Benign
VAR02512,55.0,,White,38.3,Never,None,No,Lung,MLH1,,,,11.79,0.852,1.0,0.088,,-5.37,-4.69,0.02071634,1.0,340.0,8.52,,15.8,20.12,2000.0,13.4,Benign
VAR02513,58.0,Male,White,21.1,Never,None,No,Colorectal,BRCA1,,20.0,No,4.65,,0.0,0.0,0.0,-0.81,-5.19,0.00118037,0.36,371.0,,0.0,35.7,10.31,80.8,,Benign
VAR02514,,Female,White,21.1,Never,Heavy,Yes,Ovarian,ATM,Missense,19.0,No,0.0,0.563,,1.0,0.162,,0.59,0.0235385,0.107,453.0,0.14,89.1,0.0,,1066.8,0.0,Benign
VAR02515,64.0,Male,Hispanic,16.0,Current,Moderate,No,Colorectal,BRCA2,Missense,20.0,No,,0.731,1.0,0.0,0.306,-0.98,,0.5,0.127,277.0,0.0,52.7,21.4,22.11,13.7,44.2,Pathogenic
VAR02516,53.0,Female,,32.1,Never,Heavy,No,Lung,PTEN,Missense,3.0,No,32.87,0.431,0.59,0.947,0.0,5.42,0.19,1e-07,0.671,480.0,23.6,3.3,37.1,30.08,4.0,0.0,VUS
VAR02517,70.0,,White,30.8,Former,Moderate,No,Lung,ATM,Frameshift,2.0,Yes,,0.298,0.682,1.0,0.0,0.0,0.17,0.0027789,0.375,163.0,0.0,28.8,26.5,16.28,,11.2,Benign
VAR02518,,Male,Hispanic,28.0,Never,None,,Lung,BRCA2,,8.0,,11.35,0.665,0.233,1.0,,4.79,8.0,3.457e-05,0.35,400.0,0.0,,35.3,35.67,1.5,12.3,Pathogenic
VAR02519,56.0,Male,White,21.4,Never,,Yes,Lung,PTEN,Frameshift,9.0,Yes,13.33,0.326,0.0,0.577,0.358,,1.5,1.44e-06,0.794,248.0,25.12,,0.0,193.18,75.4,38.0,Pathogenic
VAR02520,58.0,Female,White,27.1,Never,,No,Lung,MLH1,Missense,14.0,No,18.93,0.218,0.0,0.0,,2.56,3.23,0.01467215,0.02,345.0,24.96,0.0,0.0,0.53,23.1,0.0,Benign
VAR02521,54.0,Male,White,28.4,Current,None,Yes,Breast,,,16.0,Yes,21.56,0.742,,0.167,0.83,6.2,10.0,0.00217245,0.883,356.0,6.07,54.2,38.1,3.27,9.0,,Benign
VAR02522,69.0,Male,White,,Never,None,No,Ovarian,PALB2,Frameshift,6.0,,36.71,0.688,,0.949,0.861,-4.04,8.98,,0.388,281.0,12.51,0.0,29.3,,92.6,78.9,Pathogenic
VAR02523,44.0,Male,Black,28.9,Former,None,No,Colorectal,CHEK2,Splice_site,23.0,Yes,,0.753,0.493,0.968,,0.59,6.18,0.5,0.797,249.0,25.4,82.0,17.2,25.53,26.5,49.3,Pathogenic
VAR02524,51.0,,White,30.8,Never,None,No,Breast,MSH2,Frameshift,21.0,Yes,25.34,0.455,0.27,,0.5,,-2.15,1e-07,0.773,227.0,0.0,,27.0,1.98,2.9,38.3,VUS
VAR02525,36.0,Female,Black,26.9,Former,Heavy,No,Prostate,PTEN,Missense,9.0,No,0.0,0.584,,0.948,0.617,-3.54,,0.08323072,0.02,352.0,19.1,,32.9,0.15,1.0,62.6,Benign
VAR02526,41.0,Female,White,33.4,Former,,No,Breast,APC,Missense,18.0,No,16.65,0.0,0.691,0.18,0.548,3.42,-3.94,0.00232703,0.32,390.0,,0.0,,2.88,50.6,,Benign
VAR02527,,,Black,,Former,Moderate,No,Breast,,,9.0,Yes,0.0,0.0,0.83,0.0,0.126,-2.26,-2.9,0.01088311,0.02,520.0,,5.2,9.5,0.1,2.5,,Benign
VAR02528,55.0,Female,White,21.6,Never,None,No,Lung,,Missense,2.0,No,22.57,0.488,1.0,0.996,0.017,,,0.18426054,0.02,292.0,0.0,7.9,0.0,2.86,,0.0,Benign
VAR02529,78.0,Male,White,34.4,Never,,No,Breast,,Synonymous,20.0,No,12.41,0.718,0.0,,0.0,,0.9,,0.294,151.0,0.0,23.3,48.2,,2.8,24.2,VUS
VAR02530,63.0,Female,White,33.6,Current,Moderate,No,Colorectal,PALB2,Synonymous,3.0,No,14.95,0.343,0.894,0.487,0.0,-7.67,,0.5,0.479,,0.0,35.7,23.3,0.96,2.4,0.0,Benign
VAR02531,40.0,Male,White,29.8,Former,None,Yes,Breast,TP53,Synonymous,,Yes,31.73,0.262,0.0,1.0,0.0,6.2,2.8,,0.02,129.0,0.0,31.5,49.4,40.85,26.5,100.0,Pathogenic
VAR02532,47.0,Male,White,28.9,Never,None,Yes,Breast,TP53,Missense,9.0,No,0.0,0.12,0.865,0.18,0.519,-0.06,,0.0004893,0.464,496.0,21.18,22.4,0.0,0.1,,6.3,Benign
VAR02533,74.0,Male,White,,Never,None,No,Lung,TP53,Missense,25.0,,29.53,0.31,1.0,0.712,,-0.04,-2.13,0.00013538,0.02,403.0,,0.0,24.3,3.0,7.9,30.4,Benign
VAR02534,67.0,Male,Hispanic,19.3,Never,Moderate,No,,ATM,Missense,16.0,Yes,33.27,0.294,0.0,0.962,0.414,0.68,0.76,0.00316315,0.549,,7.31,0.0,0.6,7.47,155.2,21.7,Benign
VAR02535,55.0,Male,White,33.7,Never,Moderate,No,Colorectal,ATM,Synonymous,,No,26.56,0.032,0.976,0.266,0.0,0.2,6.52,0.06458917,1.0,146.0,13.36,,53.7,2.83,98.9,20.7,VUS
VAR02536,,Female,,25.1,Never,None,No,Breast,PTEN,Nonsense,25.0,No,0.0,0.113,0.492,0.0,0.0,0.46,3.44,3.7e-07,0.217,225.0,0.0,39.8,71.1,,5.0,0.0,Benign
VAR02537,71.0,Male,Black,33.0,Never,,,Colorectal,ATM,,25.0,No,11.79,,0.131,0.0,0.339,-0.34,-2.98,0.05674413,0.02,378.0,6.1,3.0,44.6,0.64,,0.0,Benign
VAR02538,39.0,Male,White,28.1,Never,,,Colorectal,,Splice_site,17.0,Yes,7.37,0.882,0.0,1.0,0.661,6.2,-13.19,0.00019941,0.512,235.0,22.03,0.0,1.9,4.05,697.5,0.0,Benign
VAR02539,61.0,Female,Black,21.3,Former,,No,Breast,,Missense,10.0,,10.35,0.0,0.045,0.609,0.432,-4.48,7.86,0.00184414,0.27,402.0,49.36,83.2,1.2,3.08,46.1,7.0,Benign
VAR02540,86.0,Female,White,,,Moderate,,Lung,,Missense,11.0,No,0.0,0.088,,0.882,0.0,-5.86,5.7,0.5,0.205,423.0,,89.8,,1.08,60.2,0.0,Benign
VAR02541,59.0,Male,Hispanic,,Former,Moderate,,Colorectal,BRCA2,Synonymous,5.0,No,50.0,,0.043,1.0,,-8.63,8.07,3e-07,0.364,,0.0,65.9,24.5,0.1,370.2,100.0,Benign
VAR02542,46.0,Female,Hispanic,26.4,Never,,No,Pancreatic,MLH1,Missense,,No,17.53,0.0,,0.035,0.0,1.14,8.41,,,417.0,15.66,44.6,,59.17,222.1,0.0,Benign
VAR02543,61.0,Female,,24.4,Former,None,No,Prostate,MLH1,Missense,16.0,Yes,28.96,0.509,0.889,0.151,,,0.89,0.5,0.02,453.0,,,30.5,0.47,148.9,0.0,Benign
VAR02544,50.0,Female,White,24.4,Never,Moderate,Yes,,PALB2,,27.0,No,,0.0,0.661,0.0,0.0,-4.84,-1.82,2.56e-05,0.696,382.0,12.99,71.8,22.3,,1.0,45.7,Benign
VAR02545,,Female,Black,30.7,Former,None,No,Breast,TP53,Frameshift,6.0,,34.28,1.0,0.0,0.773,0.622,-0.94,-4.79,2.07e-06,1.0,380.0,11.61,,17.9,0.1,9.4,,Pathogenic
VAR02546,,Female,White,36.3,Never,None,Yes,Lung,ATM,Synonymous,21.0,Yes,42.26,1.0,0.0,0.76,0.419,6.2,7.35,1e-07,0.364,258.0,,0.0,7.2,5.58,1.4,44.7,Pathogenic
VAR02547,71.0,Female,White,,,None,No,Colorectal,ATM,Missense,8.0,,0.0,0.254,0.511,0.02,0.0,6.2,-2.03,0.30771958,0.497,543.0,2.48,,34.2,3.54,,43.5,Benign
VAR02548,52.0,,White,41.5,Former,None,No,,PTEN,Missense,3.0,No,0.0,0.0,0.537,0.778,0.0,,-4.13,0.01717693,0.02,,10.28,,,34.25,,40.6,Benign
VAR02549,51.0,Female,White,28.5,Never,None,No,,BRCA1,Synonymous,11.0,No,23.32,0.709,1.0,0.601,,2.09,-7.76,0.00118871,0.342,271.0,8.84,52.8,23.8,1.12,2.6,17.2,Benign
VAR02550,39.0,Female,Black,30.4,,None,Yes,Breast,BRCA2,,27.0,No,24.57,0.906,0.0,1.0,0.0,6.2,,1e-07,1.0,423.0,,,26.1,8.44,81.9,45.7,Pathogenic
VAR02551,54.0,Male,Asian,25.3,Former,Moderate,No,Prostate,MSH2,,13.0,No,0.0,,0.178,0.0,,-0.81,-7.68,0.00101721,,279.0,1.41,39.8,18.0,20.13,80.1,52.4,Benign
VAR02552,49.0,Male,White,27.5,,None,No,Prostate,,Synonymous,6.0,No,,,0.96,,0.051,,,0.01650255,,287.0,21.63,0.0,36.7,44.8,55.2,62.1,Benign
VAR02553,39.0,Female,Black,28.5,Never,,,Breast,MLH1,Missense,9.0,,8.75,0.595,0.0,1.0,1.0,-1.45,10.0,1.3e-07,0.501,170.0,,64.0,39.7,,40.0,51.7,Pathogenic
VAR02554,81.0,Female,Black,22.3,Former,Heavy,,,PALB2,Missense,19.0,No,0.0,0.268,,1.0,0.505,0.51,-3.88,0.00015164,0.224,268.0,33.06,,25.7,1.18,324.0,35.0,Benign
VAR02555,62.0,Male,Asian,23.5,Former,Moderate,No,Colorectal,TP53,Missense,8.0,Yes,0.0,0.587,0.0,0.287,,4.71,8.52,0.00266336,0.526,586.0,7.82,0.0,63.6,30.81,7.6,0.0,Benign
VAR02556,59.0,Male,,,Former,None,Yes,Colorectal,APC,Missense,7.0,Yes,28.72,0.909,0.559,0.84,0.245,4.04,7.15,0.0001124,0.952,280.0,16.2,23.7,9.5,65.47,1.0,93.1,Pathogenic
VAR02557,67.0,Female,,19.7,Never,None,,Prostate,MLH1,Missense,7.0,No,18.58,0.387,0.312,,0.906,3.27,10.0,0.02745744,0.139,,10.06,98.0,13.7,0.1,6.6,,Benign
VAR02558,66.0,Female,White,,Former,None,No,Breast,ATM,Missense,3.0,Yes,47.67,0.028,1.0,0.09,,0.09,4.56,0.5,0.665,265.0,0.0,87.6,14.5,5.13,6.0,2.6,Benign
VAR02559,47.0,Male,Black,25.6,Never,,No,Breast,ATM,Nonsense,19.0,Yes,27.35,1.0,0.758,1.0,0.7,6.18,10.0,1.51e-06,,203.0,,15.0,,38.67,185.1,28.7,Pathogenic
VAR02560,60.0,Male,White,22.7,Never,None,No,,BRCA2,Synonymous,9.0,Yes,0.0,0.086,1.0,0.457,0.0,4.01,2.34,0.5,0.166,234.0,2.31,0.0,28.5,11.21,170.1,84.5,Benign
VAR02561,52.0,Female,Asian,37.4,Former,None,No,,APC,Missense,9.0,,12.47,1.0,0.409,0.124,0.248,6.2,-2.35,6.4e-07,0.02,,16.05,85.2,,1.66,3.3,3.9,VUS
VAR02562,62.0,Male,Asian,22.7,Never,,,Breast,BRCA1,Missense,9.0,No,19.07,0.0,0.313,0.0,,1.8,-7.52,0.02375135,0.417,80.0,0.0,100.0,,0.9,1.0,6.9,Benign
VAR02563,60.0,Male,Asian,21.8,Never,Moderate,No,Lung,PTEN,Missense,19.0,No,24.23,0.36,0.279,0.183,0.914,6.2,2.09,0.0175915,,508.0,13.98,84.1,11.2,44.44,2000.0,0.0,Benign
VAR02564,51.0,Male,White,26.6,Never,None,Yes,Prostate,BRCA2,Splice_site,24.0,No,22.7,,,0.0,0.0,-0.56,0.2,0.5,0.517,372.0,24.05,3.1,,,28.6,54.5,Benign
VAR02565,35.0,Male,Hispanic,23.7,Former,None,No,Prostate,BRCA2,Missense,21.0,Yes,,1.0,0.0,,0.195,6.2,10.0,,0.65,279.0,4.01,66.2,7.4,3.37,1.0,,Pathogenic
VAR02566,57.0,Male,Black,27.5,Current,Moderate,No,,BRCA1,Missense,16.0,Yes,14.45,0.668,0.94,0.752,0.0,4.21,6.92,5.2e-07,0.696,233.0,1.8,0.0,21.7,2.18,1.0,24.3,VUS
VAR02567,53.0,Female,White,28.3,Current,None,No,Breast,ATM,,20.0,No,19.6,,,,,-7.83,-4.52,3.257e-05,1.0,263.0,0.0,63.4,0.0,2.46,30.9,,Benign
VAR02568,31.0,Female,White,28.7,Never,None,No,Pancreatic,BRCA1,Synonymous,7.0,No,0.0,0.204,0.348,0.0,0.322,6.2,0.27,7.101e-05,0.658,,0.0,0.0,24.8,1.79,,100.0,Pathogenic
VAR02569,59.0,Male,White,26.9,Never,,No,Colorectal,TP53,,25.0,,0.0,0.701,0.0,0.459,0.451,0.62,4.18,2.537e-05,0.02,146.0,32.12,11.3,55.9,55.72,827.4,,Pathogenic
VAR02570,69.0,Male,,24.0,Former,Moderate,No,,MSH2,Synonymous,17.0,No,40.97,0.0,1.0,,0.058,,0.55,2.05e-06,,314.0,,14.4,7.0,6.17,5.1,27.9,Benign
VAR02571,89.0,Female,Other,30.7,Never,Moderate,No,Breast,MSH2,Missense,,No,7.26,0.0,0.565,1.0,0.342,4.47,-7.46,0.01763344,0.335,444.0,0.0,0.0,38.8,5.36,14.9,0.0,Benign
VAR02572,51.0,Female,Hispanic,26.9,,Moderate,No,Prostate,PALB2,Missense,8.0,No,16.41,0.471,0.328,,0.0,-2.89,6.52,0.00304714,0.02,97.0,0.0,48.9,18.3,1.62,4.1,,Benign
VAR02573,48.0,Male,White,25.0,,Moderate,No,Prostate,BRCA1,Missense,4.0,,0.0,0.0,,,0.438,1.05,-0.53,0.10729413,0.733,251.0,,0.0,21.6,9.57,15.0,20.1,VUS
VAR02574,42.0,Male,White,34.9,Former,None,,,BRCA2,Synonymous,20.0,Yes,32.33,0.476,0.707,0.04,0.097,3.49,,0.08263654,1.0,154.0,0.0,,33.2,0.37,20.8,77.1,Benign
VAR02575,59.0,Female,,26.9,Former,Moderate,No,Ovarian,CHEK2,Synonymous,9.0,No,26.2,0.039,0.297,0.418,,-3.24,-3.0,0.26866552,0.02,178.0,0.0,41.1,,,477.9,100.0,Benign
VAR02576,59.0,Female,White,33.0,Never,None,No,Lung,ATM,,6.0,,,0.0,0.841,,0.095,-0.57,-1.7,0.04011634,0.881,344.0,0.0,3.3,8.2,,37.6,28.7,Benign
VAR02577,45.0,Female,White,33.6,Never,,No,Breast,APC,Missense,22.0,,3.0,0.82,1.0,0.0,0.088,-1.11,4.54,0.5,0.801,391.0,,0.0,,1.46,22.2,46.8,Benign
VAR02578,54.0,Male,Black,33.9,,None,No,Prostate,ATM,Splice_site,15.0,No,12.19,0.0,,0.303,0.0,4.89,-12.25,,0.465,275.0,,5.0,52.4,0.83,112.0,91.6,Benign
VAR02579,27.0,Male,Black,31.0,,Moderate,Yes,Breast,,Frameshift,22.0,Yes,3.29,,,0.276,0.929,6.2,10.0,1e-07,,155.0,9.62,24.4,41.0,3.94,823.6,62.3,VUS
VAR02580,67.0,Female,Hispanic,27.5,Never,Moderate,No,,MLH1,Missense,7.0,No,21.21,0.085,0.059,,,-3.32,10.0,0.00033362,0.076,225.0,13.5,12.1,39.8,1.25,1.0,0.0,VUS
VAR02581,,Female,Asian,27.2,,Moderate,No,,APC,Missense,2.0,No,,0.248,0.885,0.0,0.0,0.85,9.94,0.0040418,0.833,364.0,10.66,0.0,40.2,7.29,3.6,12.2,Benign
VAR02582,52.0,Male,White,26.3,Current,Moderate,Yes,Breast,APC,Missense,12.0,Yes,33.11,0.501,0.655,,0.133,2.42,2.08,1e-07,1.0,316.0,16.46,,36.6,1.18,66.5,50.3,Pathogenic
VAR02583,33.0,Female,Hispanic,16.7,Former,Moderate,Yes,Ovarian,BRCA2,Nonsense,26.0,Yes,3.33,1.0,0.716,0.885,,,8.4,,0.72,190.0,0.0,76.1,0.0,,40.2,,Pathogenic
VAR02584,44.0,Male,White,,Former,None,,,ATM,Frameshift,16.0,Yes,11.67,0.156,0.667,0.0,0.729,6.2,3.69,1e-07,0.648,266.0,6.38,97.3,11.3,129.8,9.0,52.4,Pathogenic
VAR02585,52.0,Female,White,28.7,,,No,,PTEN,,24.0,Yes,6.05,1.0,0.558,0.0,0.203,2.23,-8.56,0.00055376,0.02,,23.9,0.0,18.1,0.25,1.0,0.0,Benign
VAR02586,56.0,Female,White,31.6,Current,Moderate,No,Lung,APC,Nonsense,23.0,No,,0.0,0.986,1.0,0.223,-2.06,,0.00226968,0.747,342.0,35.9,15.9,24.4,,9.0,0.0,Benign
VAR02587,62.0,Female,White,26.9,Never,Moderate,No,Breast,MSH2,Missense,,Yes,4.39,1.0,0.051,0.195,0.197,-5.73,-8.38,,,205.0,17.32,0.0,3.7,1.4,45.5,,Benign
VAR02588,,Female,White,30.8,Never,Moderate,Yes,Ovarian,,Missense,13.0,Yes,23.83,1.0,0.827,1.0,,6.2,10.0,1.5e-07,0.463,348.0,13.82,15.1,0.0,35.17,1377.0,42.3,Pathogenic
VAR02589,66.0,Male,White,20.6,Never,None,No,Colorectal,PALB2,Synonymous,6.0,Yes,0.0,0.13,0.083,0.418,0.0,-1.59,5.96,0.5,0.747,,0.0,100.0,3.0,0.25,19.4,,Benign
VAR02590,69.0,Male,White,21.7,Former,Heavy,No,Colorectal,,Missense,25.0,No,20.69,0.283,1.0,0.143,0.459,,8.93,0.5,0.229,,23.5,68.4,8.3,30.99,18.5,,Benign
VAR02591,75.0,Female,Asian,16.0,Never,Moderate,No,Breast,BRCA2,Synonymous,,Yes,17.88,,,0.0,0.316,,4.03,0.5,0.054,335.0,3.84,44.0,15.4,1.12,2.7,28.9,Benign
VAR02592,63.0,Female,White,26.8,Never,Moderate,No,Prostate,MSH2,Splice_site,9.0,No,16.23,0.338,1.0,0.0,0.159,3.13,-1.81,,0.807,199.0,2.52,0.0,29.7,1.55,18.2,1.1,Benign
VAR02593,52.0,Male,White,23.6,Never,Moderate,Yes,,CHEK2,Frameshift,12.0,Yes,34.77,0.445,,1.0,0.178,3.12,5.31,0.00102793,0.02,272.0,29.08,8.7,19.2,,11.9,0.0,Pathogenic
VAR02594,,Male,Other,,Former,Moderate,,,,Missense,22.0,No,3.53,0.503,1.0,0.0,0.455,-3.8,1.57,0.08076066,0.656,435.0,0.0,,43.9,0.24,72.5,15.5,Benign
VAR02595,67.0,Female,Black,,Former,None,Yes,Breast,MLH1,Frameshift,10.0,No,,0.675,0.0,1.0,,6.2,10.0,3.2e-07,,592.0,9.82,74.7,,20.82,96.3,49.5,VUS
VAR02596,63.0,Female,White,25.4,Never,Moderate,,Lung,BRCA1,Missense,23.0,No,0.0,0.0,0.717,0.15,0.76,4.64,10.0,1.986e-05,0.02,132.0,0.0,77.5,16.4,0.83,702.8,4.7,VUS
VAR02597,37.0,Male,,20.3,Never,None,No,Breast,BRCA2,Synonymous,7.0,Yes,32.3,0.374,0.0,0.032,0.0,4.99,0.27,0.5,0.626,,13.74,18.4,30.1,6.97,36.3,10.0,Benign
VAR02598,45.0,Female,White,40.2,,None,No,Breast,PALB2,Missense,9.0,No,7.68,0.346,0.505,0.24,0.0,,6.99,,0.486,,,56.2,20.1,1.43,68.2,54.1,Benign
VAR02599,52.0,Male,White,27.3,Never,None,No,Colorectal,PTEN,Missense,4.0,No,0.0,,,0.108,0.053,,-2.45,0.5,0.085,,12.91,0.0,11.4,1.58,1.0,7.3,Benign
VAR02600,66.0,Female,White,22.1,Former,None,Yes,Ovarian,PTEN,Missense,,No,7.54,0.0,0.863,0.0,,-1.92,3.55,8.219e-05,0.02,306.0,,31.9,23.1,20.21,41.6,66.9,Benign
VAR02601,52.0,Female,White,24.2,Never,Moderate,,Breast,MSH2,Frameshift,24.0,Yes,,1.0,0.0,0.893,0.491,-2.13,4.3,1.2e-07,0.662,518.0,15.92,82.5,29.5,0.21,247.5,60.2,Pathogenic
VAR02602,71.0,Male,Hispanic,26.6,Current,Moderate,No,Lung,TP53,Missense,6.0,No,11.91,0.676,0.161,0.0,0.0,-1.02,2.34,0.19994325,0.153,240.0,26.21,85.5,40.1,0.1,24.1,58.6,Benign
VAR02603,73.0,Female,White,26.6,Never,None,No,Lung,PTEN,Frameshift,15.0,No,10.25,0.115,,0.391,0.217,-2.57,-4.38,0.01221928,0.682,292.0,0.0,,61.7,0.56,,78.9,Benign
VAR02604,72.0,Female,Black,34.0,Former,None,No,Breast,MSH2,Synonymous,22.0,,,0.603,1.0,0.318,0.451,0.15,-8.15,,0.108,178.0,8.94,,,2.0,11.8,0.0,Benign
VAR02605,68.0,Female,,27.1,Never,None,Yes,Breast,TP53,,17.0,No,13.2,1.0,0.041,1.0,0.416,5.02,-1.35,1e-07,0.341,395.0,0.0,100.0,4.0,2.95,,93.4,Benign
VAR02606,43.0,Male,,36.8,Never,Moderate,No,Ovarian,MSH2,Missense,18.0,Yes,16.86,,,,,0.91,4.47,,0.816,123.0,11.37,0.0,0.0,0.5,1.0,68.9,Benign
VAR02607,58.0,Male,White,25.3,Former,None,Yes,Pancreatic,,Splice_site,8.0,Yes,26.69,0.97,0.0,1.0,0.361,2.14,-0.52,,,244.0,8.52,0.0,,166.34,878.4,93.3,Pathogenic
VAR02608,48.0,Female,White,29.6,Former,Moderate,No,,,Missense,1.0,No,0.0,,0.883,0.426,0.0,,,0.5,,177.0,,87.2,19.8,34.28,48.8,7.7,Benign
VAR02609,31.0,Male,,32.6,,None,No,Ovarian,TP53,Missense,,Yes,46.96,,,0.967,0.0,-1.76,10.0,7.4e-07,0.127,285.0,10.01,23.2,9.3,0.1,12.2,0.0,Pathogenic
VAR02610,52.0,Female,Black,33.5,Former,Moderate,No,,MLH1,Nonsense,25.0,,0.0,0.093,0.382,1.0,0.0,1.39,7.86,1.669e-05,0.452,524.0,20.69,11.6,51.4,0.6,68.1,100.0,Benign
VAR02611,73.0,,White,34.1,Former,Moderate,Yes,Colorectal,TP53,Missense,26.0,No,0.0,0.41,1.0,0.447,0.722,1.12,,0.17426997,1.0,362.0,,70.8,18.6,,49.9,0.0,Benign
VAR02612,62.0,Female,,26.1,Current,Moderate,Yes,Ovarian,PTEN,Synonymous,2.0,No,29.4,0.0,0.114,0.0,0.005,-5.83,-14.32,3.096e-05,0.414,346.0,8.63,0.0,20.0,,1.6,94.8,Benign
VAR02613,82.0,Female,Hispanic,27.5,Never,Moderate,Yes,Pancreatic,BRCA2,Nonsense,19.0,No,24.69,0.0,,1.0,0.0,,-4.26,3.457e-05,0.02,353.0,6.23,32.5,10.5,0.45,243.7,0.0,Benign
VAR02614,58.0,Female,Black,16.0,Current,Heavy,No,Lung,TP53,Missense,,No,1.38,0.0,0.488,0.468,0.338,4.3,2.06,0.5,0.02,317.0,16.05,0.0,0.0,39.74,30.3,0.0,Benign
VAR02615,88.0,,Black,26.5,,None,No,Colorectal,BRCA2,Missense,9.0,Yes,0.0,0.0,0.424,1.0,0.297,-4.15,,0.16472057,0.522,461.0,2.93,58.0,5.4,0.36,2.7,21.1,Benign
VAR02616,54.0,Female,Asian,33.0,Never,None,Yes,Lung,TP53,Missense,12.0,,13.67,0.513,0.561,,0.0,6.01,-0.93,,0.02,405.0,0.0,,,4.67,1773.2,49.4,Benign
VAR02617,56.0,Male,White,32.0,,Heavy,Yes,Pancreatic,MLH1,Missense,7.0,No,,0.0,0.0,0.042,,,-10.33,0.00011019,,177.0,19.45,29.0,0.0,2.09,80.9,100.0,Benign
VAR02618,35.0,Male,White,27.1,Never,Moderate,No,Breast,,Missense,17.0,Yes,47.16,1.0,0.297,0.743,0.533,6.0,0.78,9.38e-06,0.602,427.0,,42.3,,8.25,106.1,26.9,Pathogenic
VAR02619,70.0,Female,Black,36.0,Never,Moderate,No,Ovarian,BRCA2,,17.0,No,28.4,,0.747,0.0,0.421,1.28,-2.47,0.06640378,0.722,346.0,9.91,21.2,26.8,0.73,234.3,53.3,Benign
VAR02620,49.0,Female,Asian,25.6,Never,None,Yes,Colorectal,TP53,Missense,26.0,No,10.61,0.0,0.708,0.287,0.0,3.56,,0.01077065,0.732,370.0,16.68,,38.4,6.81,19.7,37.7,Benign
VAR02621,47.0,Female,White,23.9,Never,None,No,Pancreatic,BRCA2,Missense,23.0,No,22.26,0.302,,0.146,0.0,6.2,2.64,0.5,0.53,99.0,0.0,22.7,,0.49,179.3,0.0,VUS
VAR02622,73.0,Female,Black,25.2,Former,,No,Breast,,,19.0,No,4.7,1.0,0.539,0.0,0.0,,,8.85e-06,0.853,320.0,0.0,58.4,,,131.3,39.6,Benign
VAR02623,71.0,,White,,Never,Moderate,No,Breast,CHEK2,Missense,27.0,No,0.0,0.0,0.576,0.0,0.0,2.92,7.73,,0.271,305.0,0.0,0.0,16.1,0.74,4.8,15.2,Benign
VAR02624,71.0,,White,30.6,Never,None,No,Colorectal,PALB2,Missense,12.0,No,0.0,0.0,0.771,0.928,0.532,,-2.03,0.05814168,0.191,244.0,1.12,98.8,0.0,45.83,12.4,63.6,Benign
VAR02625,,Male,Asian,28.9,Never,None,No,Breast,,,2.0,No,13.09,0.0,0.5,0.677,,-1.95,1.43,,0.328,438.0,20.81,29.7,,1.46,5.9,9.9,Benign
VAR02626,55.0,,White,30.5,Never,Moderate,,,BRCA1,Synonymous,24.0,No,22.18,,0.0,,0.051,-3.75,2.39,0.5,,140.0,5.65,,37.6,3.53,560.8,75.4,Benign
VAR02627,55.0,Female,White,25.4,Never,Moderate,No,Ovarian,,Missense,10.0,No,0.0,0.0,0.349,0.0,0.292,3.56,4.62,0.5,1.0,653.0,25.79,32.3,12.5,24.08,1.0,32.6,Benign
VAR02628,66.0,Female,Hispanic,27.2,Never,Heavy,No,,BRCA1,Missense,13.0,No,26.7,1.0,0.423,0.652,0.219,-5.06,-0.01,0.0035104,0.267,,10.56,,20.7,3.83,43.5,0.0,Benign
VAR02629,76.0,Male,White,16.6,Former,Moderate,No,Lung,,Missense,11.0,,1.94,0.62,,,0.0,-3.17,7.38,0.02177223,0.425,372.0,0.0,48.1,0.0,13.29,523.9,0.0,Benign
VAR02630,57.0,Female,White,29.4,Former,None,Yes,Colorectal,BRCA1,Nonsense,25.0,Yes,29.32,0.637,0.0,1.0,0.0,6.2,10.0,7.7e-07,1.0,344.0,3.46,0.0,15.0,0.39,2.1,,Pathogenic
VAR02631,,Female,Hispanic,28.0,Never,None,No,Prostate,TP53,Missense,10.0,Yes,4.52,1.0,0.638,,0.0,-7.32,-0.99,0.00048193,0.583,,,0.0,50.9,7.85,21.4,16.1,Benign
VAR02632,68.0,Male,White,22.0,Never,Moderate,Yes,Breast,,Missense,19.0,Yes,,0.0,0.416,1.0,0.0,1.88,,0.5,0.02,,16.94,13.3,,1.62,355.8,15.8,Benign
VAR02633,53.0,Female,Black,27.0,Never,None,Yes,Colorectal,CHEK2,Synonymous,19.0,No,15.76,0.0,0.968,0.546,0.0,-6.06,3.25,2.246e-05,1.0,272.0,,24.9,7.9,14.87,7.6,28.0,Benign
VAR02634,67.0,Female,White,26.2,Never,,No,Lung,,,16.0,No,7.08,0.0,0.976,0.0,0.008,2.37,10.0,0.26639694,,339.0,7.9,65.1,1.8,6.78,26.2,16.8,Benign
VAR02635,,Male,White,36.3,Never,None,,Breast,MLH1,Splice_site,15.0,No,17.89,0.908,0.0,,,6.2,,7.77e-06,0.02,273.0,,33.7,,10.02,15.1,,VUS
VAR02636,,Female,,22.2,Current,None,No,Breast,,,2.0,No,0.0,0.148,0.0,,0.0,-4.11,,2.13e-05,0.179,214.0,0.0,82.7,,10.75,,0.0,Benign
VAR02637,71.0,Female,White,29.2,Former,Moderate,No,Colorectal,TP53,Missense,25.0,Yes,0.0,0.866,0.0,0.0,0.0,,-2.79,0.5,0.047,,,0.0,8.2,21.3,7.3,54.3,Benign
VAR02638,56.0,Female,Asian,22.0,Never,,No,Colorectal,PTEN,Missense,10.0,Yes,0.0,,0.416,0.177,0.0,2.12,-5.72,0.12769976,0.151,317.0,0.0,97.7,18.5,,3.8,24.9,Benign
VAR02639,53.0,,Asian,24.7,Never,Moderate,,Lung,BRCA2,Missense,7.0,No,4.94,0.594,0.385,0.453,0.016,-2.36,4.12,,,,,,0.0,0.48,1.0,,Benign
VAR02640,,Male,Hispanic,28.9,Former,,No,Breast,PTEN,Frameshift,6.0,Yes,36.37,0.0,0.114,0.0,0.142,3.96,-4.26,9.7e-07,,278.0,0.0,70.4,36.6,4.77,1402.2,31.0,Pathogenic
VAR02641,78.0,Female,White,26.4,Current,None,Yes,Breast,,Missense,11.0,No,,0.0,0.963,0.592,,2.16,10.0,0.00124434,,357.0,3.39,,6.6,0.21,54.4,18.0,Benign
VAR02642,62.0,Male,White,27.5,Never,Moderate,Yes,,ATM,Synonymous,17.0,No,0.61,0.0,0.529,0.135,0.008,3.06,-12.17,,0.898,,0.0,0.0,33.4,1.49,7.1,0.0,Benign
VAR02643,62.0,,Asian,29.2,Former,Moderate,,Breast,BRCA1,Synonymous,15.0,Yes,0.0,0.0,0.255,0.681,0.0,3.11,-5.68,0.00015882,1.0,187.0,6.96,,28.3,3.73,5.7,61.1,Benign
VAR02644,57.0,,White,25.0,Never,Moderate,Yes,Pancreatic,ATM,,23.0,No,16.3,0.0,0.548,0.077,0.312,0.38,7.1,0.5,0.266,388.0,,53.4,30.3,68.16,6.5,13.7,Benign
VAR02645,52.0,Male,Hispanic,,Former,Moderate,No,Lung,TP53,Missense,23.0,No,11.32,0.744,0.308,0.0,0.0,2.48,0.58,,0.02,492.0,10.38,96.3,17.3,11.26,2.9,0.0,Benign
VAR02646,50.0,Female,Hispanic,26.0,Never,Moderate,,,CHEK2,Splice_site,10.0,No,,0.689,0.0,0.294,0.724,3.94,7.65,1e-07,,180.0,0.0,45.0,51.6,,15.6,38.4,Pathogenic
VAR02647,58.0,Male,White,27.0,Former,Heavy,No,Ovarian,TP53,Missense,,No,8.43,0.46,1.0,0.036,0.205,-1.0,-3.53,0.0012977,0.675,337.0,,,,2.76,,33.0,Benign
VAR02648,77.0,Male,White,29.3,Never,Moderate,No,Prostate,,Missense,19.0,No,,0.102,0.634,,0.056,1.47,1.38,,0.366,370.0,0.0,,51.9,0.1,123.2,,VUS
VAR02649,,Male,Black,28.6,Never,Moderate,No,,APC,Synonymous,24.0,,0.0,,1.0,0.759,,3.13,5.11,3.14e-05,0.979,,20.36,0.0,26.6,0.54,1.0,,Benign
VAR02650,57.0,Female,Black,30.7,Former,Moderate,No,Lung,APC,Missense,,No,7.36,,0.0,0.053,0.057,-2.44,-4.44,7.07e-05,0.545,419.0,,19.0,24.2,0.1,29.8,,Benign
VAR02651,43.0,Male,White,29.1,Former,Moderate,No,Lung,CHEK2,Frameshift,15.0,No,,0.382,,0.0,0.382,3.08,1.28,0.00020716,0.02,452.0,0.0,53.7,17.8,,2.8,58.3,VUS
VAR02652,61.0,Female,Black,29.8,Former,None,No,Colorectal,APC,Missense,17.0,Yes,38.39,1.0,0.0,0.66,0.0,2.71,6.53,8.3e-07,0.266,,0.0,73.3,24.0,6.13,376.6,34.9,Pathogenic
VAR02653,70.0,Male,Hispanic,,Never,Moderate,Yes,Breast,,Frameshift,7.0,No,34.56,1.0,0.235,0.1,0.706,1.45,,9.51e-06,0.7,210.0,32.42,0.0,,7.72,26.6,86.7,Benign
VAR02654,77.0,Male,White,22.2,Former,Moderate,Yes,Pancreatic,PTEN,Missense,18.0,Yes,,,0.971,0.384,0.77,5.28,5.53,3.082e-05,0.02,281.0,0.14,,53.4,7.08,43.3,30.3,Benign
VAR02655,55.0,Female,White,20.4,Never,None,Yes,Breast,APC,Missense,20.0,Yes,,0.001,0.18,1.0,0.423,,9.39,3e-07,1.0,479.0,11.89,51.2,0.1,1.86,8.8,30.8,Benign
VAR02656,59.0,Male,Hispanic,,Former,Heavy,Yes,,BRCA1,Splice_site,4.0,Yes,24.96,1.0,0.11,1.0,0.997,6.2,5.84,6.575e-05,0.335,223.0,15.28,,18.5,0.32,977.1,94.8,Pathogenic
VAR02657,50.0,Male,Hispanic,36.3,Never,Heavy,Yes,Ovarian,MSH2,Nonsense,26.0,Yes,42.19,,0.459,0.741,,0.5,-4.25,1e-07,0.385,377.0,3.42,77.8,5.0,1.99,1.9,100.0,Pathogenic
VAR02658,63.0,Male,Other,16.4,,,No,Lung,PTEN,Missense,26.0,No,0.0,0.041,0.325,0.0,0.151,-0.62,8.25,0.02696319,0.02,413.0,0.0,10.7,,6.42,3.6,0.0,Benign
VAR02659,59.0,Female,White,33.5,Never,None,Yes,Lung,BRCA2,Frameshift,8.0,Yes,2.78,1.0,0.948,0.096,,4.24,,,,387.0,6.55,26.8,22.3,0.1,2.0,40.1,VUS
VAR02660,57.0,,Asian,,Current,Heavy,,Lung,BRCA1,Missense,6.0,,33.07,0.224,1.0,0.152,0.0,,10.0,0.00266665,0.268,422.0,0.24,,49.1,3.74,15.4,12.0,Benign
VAR02661,58.0,Female,Hispanic,,Former,,No,Breast,PALB2,Missense,6.0,No,0.0,0.0,0.029,0.0,0.0,6.2,-4.52,0.04718486,,317.0,,0.0,30.7,0.2,22.7,36.3,Benign
VAR02662,62.0,Female,Hispanic,16.5,Never,,No,Breast,APC,,1.0,No,6.77,0.0,,1.0,0.436,1.5,,0.01425311,0.025,309.0,0.0,0.0,4.8,8.52,1.0,5.4,Benign
VAR02663,,Male,White,26.3,Former,None,Yes,Breast,APC,Splice_site,1.0,Yes,49.86,1.0,0.0,0.708,0.137,,10.0,1e-07,0.354,520.0,11.06,0.0,16.7,0.34,3.1,100.0,Pathogenic
VAR02664,,Female,White,,Never,None,,Pancreatic,CHEK2,Missense,,No,,0.0,0.077,0.146,0.78,-1.48,-0.44,0.01070173,0.479,537.0,0.0,18.1,42.7,,1.2,0.0,Benign
VAR02665,78.0,Male,White,,Never,None,No,Breast,PTEN,Synonymous,18.0,No,0.0,0.413,0.742,0.0,0.224,-3.4,2.77,1.234e-05,,479.0,12.95,67.0,11.5,0.13,1.0,,Benign
VAR02666,90.0,Male,White,25.8,,None,No,Pancreatic,BRCA2,,19.0,,26.87,0.681,,0.0,0.205,-2.44,-0.98,0.5,0.592,380.0,0.0,0.0,24.4,,,0.0,Benign
VAR02667,40.0,Male,White,17.8,Former,Heavy,No,Breast,APC,,15.0,No,3.44,0.14,0.168,0.0,0.0,0.95,10.0,0.27329787,0.775,257.0,31.38,0.0,29.4,10.2,,,Benign
VAR02668,39.0,Female,Asian,20.9,Current,None,No,Prostate,APC,Splice_site,,No,9.93,0.792,0.928,0.0,0.431,-0.45,,,0.687,,8.63,33.2,18.1,2.06,31.8,0.0,VUS
VAR02669,40.0,Female,White,,Current,None,Yes,Colorectal,PTEN,Nonsense,4.0,Yes,0.0,0.749,0.149,1.0,0.357,6.2,,0.00593367,0.749,306.0,14.04,,5.6,0.1,8.0,100.0,Pathogenic
VAR02670,51.0,Male,Asian,25.8,Never,Moderate,No,Prostate,TP53,Frameshift,27.0,Yes,25.99,0.467,0.416,1.0,0.213,6.2,8.04,7.53e-06,0.244,441.0,5.8,21.8,26.5,21.86,20.9,0.0,Benign
VAR02671,67.0,Female,,27.1,Never,Heavy,Yes,Lung,MLH1,Frameshift,6.0,Yes,21.64,0.0,0.0,0.123,0.0,5.05,8.76,,0.28,363.0,3.29,30.2,63.5,0.1,1.0,,VUS
VAR02672,64.0,,,28.9,Former,None,No,Lung,TP53,,10.0,No,1.21,0.305,0.583,0.0,0.0,-0.65,3.26,0.5,0.02,,0.0,97.9,,1.69,1.0,0.0,Benign
VAR02673,57.0,Male,,21.0,Never,Moderate,No,,ATM,Missense,18.0,Yes,0.0,0.443,1.0,0.998,,5.58,3.18,0.5,,316.0,7.51,,12.4,200.0,2.6,14.6,VUS
VAR02674,63.0,Female,,29.5,Former,None,No,Breast,PTEN,Missense,4.0,No,0.43,0.626,0.226,0.0,0.0,5.16,-8.24,0.0005935,0.529,46.0,33.55,30.9,35.3,2.92,1.0,40.6,Benign
VAR02675,43.0,Male,Black,25.4,Current,Moderate,Yes,Pancreatic,CHEK2,Nonsense,12.0,Yes,18.31,1.0,,0.006,0.0,6.2,10.0,1.98e-05,0.688,464.0,,61.1,64.9,2.38,330.0,99.6,Pathogenic
VAR02676,,,,29.0,,Moderate,No,Lung,MSH2,Splice_site,,Yes,24.01,1.0,0.325,1.0,0.666,2.34,8.71,2.33e-06,0.798,313.0,0.0,0.0,,4.26,2000.0,0.9,Pathogenic
VAR02677,56.0,Female,White,24.6,Never,Heavy,No,,ATM,,7.0,,0.0,0.0,0.109,,0.934,0.55,-2.01,0.06598668,0.968,,10.06,34.5,0.7,0.25,150.5,,Benign
VAR02678,31.0,Male,White,19.6,Current,Moderate,Yes,Ovarian,BRCA1,Frameshift,17.0,Yes,,,0.391,,0.0,1.38,,0.0002225,,283.0,19.24,0.0,36.3,7.12,,62.7,Pathogenic
VAR02679,41.0,Female,Asian,,Former,Heavy,,Colorectal,BRCA2,Missense,17.0,No,12.76,0.0,0.0,0.0,0.0,6.2,,,0.02,498.0,27.26,22.0,,200.0,18.6,16.3,Benign
VAR02680,41.0,Male,White,30.7,Current,None,No,Prostate,MLH1,Missense,3.0,No,0.0,0.603,0.0,0.418,0.736,-0.42,5.3,1e-07,0.24,261.0,0.0,66.8,4.4,1.01,63.9,50.7,Benign
VAR02681,66.0,Male,,29.5,Former,Moderate,No,Prostate,PALB2,Synonymous,2.0,Yes,9.13,,0.704,0.145,0.0,6.2,10.0,0.00013501,0.969,312.0,37.99,3.3,16.6,0.45,48.2,76.0,Benign
VAR02682,59.0,,White,27.7,,Moderate,Yes,Ovarian,PALB2,Missense,4.0,No,7.37,0.596,0.07,0.0,0.225,1.21,6.31,0.5,0.956,322.0,7.58,65.9,,6.66,,0.0,Benign
VAR02683,64.0,Female,,,Former,None,No,Lung,BRCA1,Missense,1.0,No,26.81,0.0,0.273,0.447,0.205,4.5,-11.36,4.892e-05,0.433,154.0,0.0,0.0,15.4,11.75,1.0,0.0,Pathogenic
VAR02684,29.0,Female,Black,26.5,,Heavy,Yes,Breast,APC,Missense,15.0,No,20.88,0.989,0.588,0.302,0.631,3.73,10.0,8.914e-05,0.361,365.0,0.0,47.8,16.8,5.23,48.5,65.3,VUS
VAR02685,37.0,Male,Black,27.8,,Moderate,No,Ovarian,BRCA1,Synonymous,8.0,No,5.09,0.729,0.856,0.0,0.81,4.7,-10.18,1.428e-05,0.46,411.0,4.34,33.1,39.1,1.29,16.0,0.0,Benign
VAR02686,65.0,,Black,25.1,Never,Moderate,No,Prostate,CHEK2,Synonymous,17.0,Yes,37.34,0.0,0.0,0.0,0.0,1.76,9.31,0.11503998,,366.0,8.89,0.0,44.0,7.89,7.9,36.3,Benign
VAR02687,18.0,Female,,32.3,Never,None,No,Breast,PALB2,Missense,8.0,,11.17,0.167,0.295,,,6.2,10.0,3.1e-06,0.193,575.0,0.0,,20.3,0.23,1.0,50.0,Pathogenic
VAR02688,72.0,Female,Hispanic,,Never,Moderate,,Ovarian,PTEN,,10.0,No,20.56,0.287,,0.0,0.0,1.89,,0.07581869,0.11,,14.74,,49.0,0.88,1.0,,Benign
VAR02689,32.0,Female,Other,,Never,None,No,,MLH1,Synonymous,3.0,Yes,9.01,0.238,0.754,0.255,0.023,-2.79,,0.0233172,0.39,130.0,13.37,27.9,39.3,0.1,428.5,45.3,Benign
VAR02690,67.0,Female,White,20.1,Current,Heavy,No,Breast,BRCA1,Missense,22.0,No,0.11,0.047,,0.784,0.059,2.86,2.6,9.1e-07,0.82,189.0,6.12,39.4,0.0,1.96,,0.0,Pathogenic
VAR02691,40.0,Female,White,33.0,Current,None,Yes,Breast,,Missense,4.0,Yes,17.79,0.563,0.0,,0.326,,,0.34084744,0.871,329.0,0.98,22.7,42.4,3.16,2.5,100.0,Pathogenic
VAR02692,70.0,Female,White,23.8,Never,Moderate,No,Breast,BRCA2,Missense,25.0,Yes,29.39,0.0,0.201,1.0,0.0,-3.99,-6.61,1.57e-06,0.02,452.0,6.27,27.6,36.6,22.36,1.0,6.6,Benign
VAR02693,90.0,Male,Hispanic,27.9,Current,None,,,CHEK2,Missense,5.0,No,,0.331,0.0,0.345,0.0,2.23,1.05,0.5,0.702,339.0,31.79,100.0,56.6,0.41,19.5,0.0,Benign
VAR02694,26.0,Female,,39.3,Never,Moderate,No,,TP53,Frameshift,27.0,Yes,17.47,0.0,,0.107,0.933,-2.31,-0.65,1e-07,0.344,266.0,0.0,,,,14.9,100.0,Benign
VAR02695,61.0,Female,Black,31.5,Former,None,Yes,Breast,MSH2,Frameshift,20.0,Yes,42.01,0.947,0.234,0.199,0.0,3.73,,3.69e-06,0.787,485.0,,0.0,,3.19,1.0,,Pathogenic
VAR02696,32.0,Male,White,35.6,Former,Moderate,No,Prostate,ATM,Missense,23.0,Yes,13.38,,0.205,0.017,0.555,0.69,-2.8,,0.259,,0.79,100.0,0.0,9.42,2000.0,0.0,Benign
VAR02697,62.0,Male,Black,24.8,,Moderate,Yes,Lung,ATM,Missense,22.0,No,,0.0,0.493,0.07,0.0,,1.8,0.5,0.56,169.0,0.0,28.6,14.0,12.44,379.3,11.6,Benign
VAR02698,,Female,Hispanic,32.9,Former,None,,Breast,APC,,13.0,,3.25,,0.0,1.0,,2.84,10.0,1e-07,0.54,430.0,0.0,89.0,0.0,5.48,2.9,100.0,Pathogenic
VAR02699,58.0,Male,White,,Former,Moderate,No,Breast,,Synonymous,5.0,No,32.25,0.614,1.0,0.0,0.867,,10.0,5.22e-06,0.121,391.0,11.7,0.0,16.5,4.38,452.0,27.8,Benign
VAR02700,44.0,Female,White,29.3,Current,Moderate,,Breast,TP53,Missense,19.0,Yes,11.28,0.0,0.0,0.427,0.374,-0.37,-0.99,0.00304571,0.031,,,0.0,,0.73,31.9,0.0,Benign
VAR02701,66.0,Male,White,37.6,,Moderate,No,Prostate,CHEK2,Synonymous,18.0,No,9.25,0.0,0.398,0.222,0.0,-8.15,,0.5,,,0.0,0.0,,30.49,,,Benign
VAR02702,34.0,Female,White,26.1,Former,None,Yes,Lung,APC,Synonymous,22.0,Yes,,,0.0,1.0,0.258,,-11.97,0.00616506,,,23.62,29.5,38.8,200.0,4.6,72.1,VUS
VAR02703,72.0,Male,White,27.6,,None,No,Ovarian,BRCA1,,7.0,No,0.0,0.0,0.665,0.753,0.029,2.7,10.0,0.00071506,0.164,351.0,25.62,,66.6,0.12,82.9,41.3,Benign
VAR02704,51.0,Female,Hispanic,23.0,Never,None,No,Breast,TP53,Missense,23.0,No,0.0,0.842,1.0,0.375,0.473,-0.86,-7.76,0.00041196,0.215,,42.22,0.0,15.5,2.84,2000.0,0.0,Benign
VAR02705,38.0,Male,White,31.9,Former,Moderate,Yes,Breast,CHEK2,,24.0,Yes,0.0,0.241,,0.602,,-0.71,3.83,0.04761856,0.785,243.0,0.0,0.0,44.9,,327.5,,Benign
VAR02706,,Male,White,24.7,Former,Moderate,No,Lung,TP53,Synonymous,20.0,No,4.99,,0.734,0.977,0.083,-0.38,4.17,0.0002844,0.674,268.0,13.38,33.8,,7.58,137.7,,VUS
VAR02707,55.0,Female,White,,Current,Moderate,Yes,Breast,MSH2,,8.0,No,9.85,0.185,1.0,,,3.32,7.04,0.00395883,1.0,396.0,0.0,8.1,28.7,0.1,1.0,4.8,Benign
VAR02708,77.0,,White,19.3,Never,Heavy,,Colorectal,,Missense,7.0,Yes,49.92,1.0,,1.0,1.0,1.06,0.96,1.13e-06,0.02,246.0,14.0,0.0,37.4,0.54,327.6,100.0,Pathogenic
VAR02709,72.0,Male,Asian,30.2,Never,,No,Lung,TP53,Missense,4.0,Yes,,0.0,,0.415,,2.99,4.42,0.07863611,0.242,309.0,3.81,6.1,15.9,92.27,56.0,0.0,Benign
VAR02710,46.0,Female,White,24.3,Never,Moderate,No,Lung,,Missense,,No,0.0,0.647,0.531,,0.0,-0.72,10.0,0.03196719,0.868,295.0,0.0,13.4,41.0,53.27,2.5,0.0,Benign
VAR02711,51.0,Male,White,31.2,Current,Moderate,No,Breast,,Missense,12.0,Yes,50.0,1.0,0.0,,,,7.96,0.01341157,,314.0,20.39,83.5,0.0,0.17,18.3,0.0,Pathogenic
VAR02712,54.0,Male,White,27.4,Current,Moderate,Yes,,PALB2,Frameshift,9.0,Yes,21.53,0.634,1.0,1.0,0.0,2.59,0.98,1e-07,0.428,236.0,12.98,16.4,24.9,200.0,32.6,82.1,Benign
VAR02713,76.0,Female,Other,24.8,Current,Moderate,No,Colorectal,TP53,Missense,5.0,No,27.34,0.147,0.959,0.0,0.0,-4.55,-8.44,6.563e-05,0.02,297.0,14.46,59.8,16.5,0.52,67.6,,Benign
VAR02714,60.0,,Hispanic,25.6,Never,None,No,Prostate,PTEN,Frameshift,14.0,Yes,23.81,0.459,0.807,1.0,0.162,4.87,,0.00012326,0.703,193.0,0.0,62.3,66.8,18.37,,40.0,VUS
VAR02715,,Male,White,23.2,Current,Moderate,No,Colorectal,CHEK2,,6.0,No,8.08,0.514,1.0,0.436,0.434,2.74,-1.97,,0.428,,35.61,0.0,2.6,,,36.2,Benign
VAR02716,50.0,Female,Black,31.7,,Moderate,No,Ovarian,,Nonsense,23.0,,20.29,0.329,0.8,0.58,1.0,5.82,3.85,0.00128897,0.344,317.0,15.3,63.3,30.9,7.48,1534.9,43.7,VUS
VAR02717,55.0,Male,,22.3,Current,Moderate,No,Breast,APC,Missense,10.0,Yes,,0.173,0.491,,0.575,4.35,10.0,,0.774,328.0,,66.9,44.8,3.42,67.2,10.9,Benign
VAR02718,73.0,Female,,26.2,Former,None,No,Lung,BRCA1,Missense,13.0,No,0.0,,0.562,0.085,0.0,-4.06,6.61,0.5,,382.0,25.33,64.8,11.9,18.8,1.3,44.8,Benign
VAR02719,56.0,Female,,29.2,Never,Moderate,No,Lung,MSH2,Missense,18.0,No,,0.489,1.0,0.203,,-3.09,8.02,0.00050474,0.02,519.0,5.81,,22.7,0.88,35.3,0.0,Benign
VAR02720,47.0,Female,Hispanic,35.6,Former,Moderate,Yes,Lung,PTEN,Splice_site,,Yes,6.14,1.0,,1.0,0.619,6.2,10.0,,0.765,138.0,0.47,34.2,12.9,200.0,132.1,76.5,Pathogenic
VAR02721,49.0,Female,Black,27.5,Former,Moderate,No,Lung,CHEK2,Missense,4.0,No,33.95,0.0,0.466,0.097,0.0,2.48,,0.5,0.408,,21.26,0.0,14.2,26.74,1.0,5.8,Benign
VAR02722,45.0,,,26.3,Never,Moderate,,Prostate,PTEN,Missense,3.0,No,29.53,0.816,0.0,0.066,0.083,,10.0,0.00082206,0.793,220.0,,88.4,52.4,2.49,85.5,50.3,Benign
VAR02723,,Female,White,28.9,Never,None,Yes,Prostate,MLH1,Missense,8.0,,,0.434,0.0,1.0,0.269,,10.0,8.529e-05,1.0,354.0,26.52,0.0,0.0,5.82,42.0,30.3,Pathogenic
VAR02724,42.0,Male,White,17.1,Former,None,No,,CHEK2,Frameshift,21.0,Yes,21.14,0.558,0.0,1.0,1.0,-0.86,3.69,0.00135953,1.0,398.0,11.36,31.5,27.0,,1.0,0.0,Pathogenic
VAR02725,75.0,Male,White,21.5,Current,None,Yes,Breast,BRCA2,Nonsense,24.0,,0.0,0.0,,0.342,0.202,-3.86,5.54,,0.141,,36.4,64.0,,1.13,,46.4,Benign
VAR02726,53.0,Female,,25.6,Former,None,No,Pancreatic,BRCA2,Synonymous,27.0,No,17.31,0.0,0.244,0.175,0.0,-2.05,6.9,,,355.0,5.22,0.0,39.2,1.31,38.9,,Benign
VAR02727,61.0,Female,Hispanic,23.9,Never,None,Yes,Lung,MLH1,,8.0,Yes,23.92,1.0,0.34,1.0,0.272,6.19,2.04,1e-07,,415.0,4.05,38.0,15.1,28.92,24.4,49.2,Pathogenic
VAR02728,20.0,Male,,19.5,Former,None,No,Pancreatic,MLH1,Missense,21.0,,,,,0.841,0.589,-1.93,10.0,1.9e-07,0.463,367.0,16.71,0.0,,17.04,4.5,100.0,VUS
VAR02729,63.0,Male,White,31.8,Never,None,Yes,Colorectal,MLH1,Synonymous,5.0,No,30.65,0.222,1.0,0.037,0.0,-1.9,-3.2,0.01430788,0.02,,0.0,3.0,19.4,0.86,23.8,23.2,Benign
VAR02730,54.0,,White,28.8,Never,Moderate,Yes,Pancreatic,TP53,Missense,6.0,No,25.31,0.0,,0.07,0.0,-5.25,10.0,0.0043102,0.776,394.0,0.0,0.0,0.3,3.07,50.7,0.0,Benign
VAR02731,50.0,Female,Black,28.2,Never,Moderate,No,Breast,BRCA1,Missense,,,29.49,0.146,0.638,0.857,0.347,-1.42,,,0.129,292.0,24.64,0.0,39.9,0.32,,0.0,Benign
VAR02732,,Male,White,24.0,Never,None,No,Colorectal,BRCA1,Synonymous,3.0,No,20.88,0.0,0.407,0.306,0.629,6.2,,0.0053559,0.328,420.0,0.0,42.2,40.8,94.28,13.7,5.3,Benign
VAR02733,50.0,,,,Never,None,No,Colorectal,BRCA2,Missense,1.0,Yes,0.0,0.168,1.0,0.182,,5.91,-9.45,0.00051074,0.11,359.0,20.21,46.0,1.5,13.0,1.0,,Benign
VAR02734,28.0,Male,,30.1,,,No,Breast,TP53,,,Yes,25.95,0.332,0.343,0.0,0.0,3.11,,0.46039747,0.263,299.0,28.21,0.0,,2.16,15.0,0.0,Benign
VAR02735,68.0,Female,,26.2,Never,,No,Breast,PTEN,Synonymous,22.0,No,18.99,,0.999,0.032,0.0,-1.88,8.49,7.711e-05,0.886,182.0,0.99,,10.4,3.72,14.7,59.2,Benign
VAR02736,59.0,Male,White,,Former,None,No,Breast,MSH2,Missense,19.0,,0.0,0.0,0.0,0.767,0.0,-4.4,-4.84,0.01035635,0.385,322.0,9.54,0.0,16.9,14.13,1012.1,2.1,Benign
VAR02737,52.0,,Hispanic,23.5,Never,Moderate,No,Breast,BRCA2,Missense,7.0,,0.27,0.0,0.431,0.0,0.484,0.11,-2.49,0.5,1.0,202.0,0.0,3.4,58.0,0.83,37.0,11.0,Benign
VAR02738,39.0,Male,Black,28.0,Never,Heavy,Yes,Pancreatic,PALB2,Missense,3.0,,26.55,1.0,1.0,,0.287,-2.27,2.02,0.00013746,0.784,,28.77,,15.3,5.0,103.3,50.7,Benign
VAR02739,37.0,Female,,33.2,Never,None,Yes,Pancreatic,APC,Missense,,No,,0.272,0.886,0.571,0.0,3.45,,0.00213376,0.645,282.0,0.0,,48.5,,4.7,0.0,Benign
VAR02740,56.0,,Black,33.7,Former,Heavy,,Prostate,ATM,Missense,12.0,Yes,24.75,0.0,0.0,0.835,0.548,2.8,-3.11,1e-07,0.391,312.0,24.9,0.0,,0.34,78.3,22.4,VUS
VAR02741,77.0,Female,Asian,34.1,,None,No,Pancreatic,TP53,Synonymous,22.0,No,7.91,0.509,0.044,0.1,0.262,0.37,7.28,,0.325,189.0,5.81,100.0,16.4,7.97,2.3,33.0,Benign
VAR02742,59.0,Male,White,28.9,Never,None,No,Prostate,,Synonymous,17.0,,5.49,0.427,1.0,,0.0,-7.07,-7.17,0.5,0.784,,0.0,68.8,27.3,200.0,27.1,,Benign
VAR02743,36.0,Female,Black,27.7,Former,None,No,,PALB2,Frameshift,23.0,No,11.26,0.53,0.368,0.858,0.999,2.62,-7.92,,0.924,294.0,0.0,100.0,13.7,0.11,180.6,13.1,VUS
VAR02744,59.0,,White,25.3,,Moderate,No,Breast,CHEK2,Synonymous,25.0,No,0.0,0.929,,0.0,,-0.59,,0.00244043,0.462,254.0,12.54,65.9,22.5,16.89,17.6,4.4,Benign
VAR02745,55.0,Male,White,,Former,Moderate,No,Breast,CHEK2,Missense,20.0,No,20.52,0.191,0.168,,0.635,-3.85,1.12,0.00653827,,,0.0,31.3,34.1,0.19,,38.5,Benign
VAR02746,63.0,Female,White,,Never,Moderate,Yes,Prostate,CHEK2,Missense,3.0,Yes,,0.976,0.0,0.927,,5.82,10.0,2.798e-05,0.461,391.0,20.35,0.0,,0.27,1222.4,100.0,Benign
VAR02747,,Female,White,26.7,Never,Heavy,,Colorectal,MLH1,Missense,7.0,No,9.07,0.394,1.0,0.603,0.156,-1.31,-4.79,6.233e-05,0.442,277.0,8.05,62.1,29.3,,294.0,,Benign
VAR02748,18.0,Male,White,27.0,Never,Moderate,No,Lung,TP53,Nonsense,10.0,Yes,15.78,,0.0,,0.0,4.9,1.15,0.0013294,0.508,384.0,5.1,89.4,9.8,,37.3,7.3,VUS
VAR02749,63.0,Male,Hispanic,,Never,None,No,Colorectal,ATM,Missense,15.0,No,20.07,,0.255,0.0,0.009,3.31,4.21,0.0252062,0.367,311.0,,0.0,6.1,8.13,1.8,,Benign
VAR02750,43.0,,White,34.1,Never,Moderate,Yes,Ovarian,APC,Missense,,No,2.61,0.0,0.844,0.481,,-4.44,,1.5e-07,0.771,432.0,0.0,42.0,15.7,1.93,1.6,56.5,Benign
VAR02751,38.0,Female,Asian,24.1,Current,None,No,Breast,PALB2,Synonymous,27.0,No,0.0,0.623,0.041,0.11,0.0,0.99,,1e-07,0.329,409.0,,25.0,,0.26,,12.7,Benign
VAR02752,50.0,Female,,31.6,Never,Moderate,Yes,Lung,PTEN,Missense,27.0,No,43.58,1.0,0.0,0.0,0.157,5.2,9.52,1.2e-07,0.256,297.0,,35.6,,3.68,78.0,28.2,Pathogenic
VAR02753,57.0,,Hispanic,25.1,Never,Moderate,Yes,Colorectal,ATM,Frameshift,,,14.99,1.0,0.043,0.897,0.357,6.2,-3.94,1e-07,,245.0,0.0,61.7,19.0,,35.1,100.0,Pathogenic
VAR02754,35.0,,White,30.9,Current,Moderate,No,Ovarian,PALB2,Missense,27.0,Yes,10.44,0.369,0.565,1.0,1.0,4.33,-4.71,0.01438219,0.23,373.0,0.95,38.2,29.7,14.44,5.0,0.0,Benign
VAR02755,,Male,White,31.5,Former,None,No,Lung,MSH2,Missense,26.0,,28.06,0.0,0.153,0.488,0.125,-1.08,8.7,0.00030397,0.535,262.0,0.0,0.0,5.4,,18.8,17.9,Benign
VAR02756,66.0,Female,Hispanic,33.7,Never,Moderate,No,Ovarian,,,5.0,No,,0.255,0.782,0.0,0.1,-1.44,10.0,0.03562838,0.116,148.0,0.0,59.3,37.8,25.16,1.0,44.1,Benign
VAR02757,57.0,Male,Hispanic,25.0,Current,None,No,Colorectal,PALB2,,19.0,No,6.37,,,0.447,0.223,1.18,0.25,0.03835821,0.823,401.0,0.0,0.0,15.3,,3.8,,Benign
VAR02758,45.0,Male,White,32.6,Never,None,No,Lung,PALB2,Missense,12.0,,1.21,0.739,0.0,0.716,0.0,-4.61,-0.31,8.63e-06,0.237,,0.0,39.0,18.3,7.61,11.1,0.0,Benign
VAR02759,39.0,Female,White,18.1,Never,,Yes,,CHEK2,Frameshift,23.0,Yes,30.07,1.0,0.422,0.0,0.837,0.37,0.19,3.2e-07,1.0,92.0,0.0,50.9,23.4,0.12,225.3,36.2,Pathogenic
VAR02760,,Female,Black,34.0,,None,Yes,Pancreatic,BRCA1,Frameshift,24.0,Yes,26.92,1.0,0.0,0.749,,2.67,10.0,1.1e-07,,312.0,18.45,,12.5,84.18,439.9,51.1,Benign
VAR02761,36.0,Female,Black,27.4,Never,None,No,,PALB2,Missense,6.0,No,22.5,0.0,0.945,0.882,0.0,-10.34,-5.87,0.48526837,0.572,423.0,0.0,71.0,2.3,6.21,1.0,0.0,Benign
VAR02762,70.0,Female,,,Former,Moderate,No,Pancreatic,,Missense,17.0,No,0.0,,1.0,0.0,1.0,,,0.00093234,0.767,,0.0,0.0,30.5,1.15,1.0,10.8,Benign
VAR02763,50.0,Male,Hispanic,17.3,Never,Moderate,Yes,Prostate,PALB2,Missense,26.0,,48.07,0.614,0.007,0.753,0.451,3.29,5.99,0.0029166,1.0,282.0,7.27,49.8,,1.98,233.3,100.0,Benign
VAR02764,55.0,Female,White,25.6,Former,None,No,Prostate,,Missense,19.0,No,33.27,,0.234,0.087,0.0,,-4.62,0.5,0.613,375.0,32.21,26.7,,1.27,,87.2,Benign
VAR02765,34.0,Female,,34.3,,,No,Lung,TP53,,24.0,No,12.04,0.256,,0.0,0.172,-2.43,-10.43,0.0011692,1.0,270.0,0.0,,26.8,2.45,84.7,,Benign
VAR02766,54.0,Female,Black,25.4,Current,,No,Lung,PTEN,Missense,20.0,No,0.0,0.853,0.139,0.922,,3.5,-0.9,,0.351,309.0,15.43,46.1,26.5,0.1,4.0,15.2,Benign
VAR02767,64.0,Male,Other,31.1,Never,None,No,Colorectal,TP53,Missense,,No,7.35,,1.0,0.842,0.0,-0.4,0.0,1.797e-05,0.02,,10.6,0.0,15.8,1.23,,,Benign
VAR02768,39.0,Female,White,27.7,Current,Moderate,Yes,Colorectal,,,23.0,Yes,6.03,0.0,0.323,0.041,0.0,2.5,-1.21,0.13783774,0.335,395.0,34.92,0.0,15.7,1.28,3.0,0.0,Benign
VAR02769,58.0,Female,,32.8,Never,None,Yes,Breast,MSH2,Frameshift,26.0,Yes,50.0,0.403,,0.366,0.354,-0.13,6.53,1.43e-06,0.854,,16.79,100.0,41.6,41.99,1.0,69.0,Pathogenic
VAR02770,57.0,Male,White,,Current,Heavy,,Breast,ATM,Missense,,No,6.38,0.0,1.0,0.868,,-6.53,9.53,4.114e-05,0.541,137.0,6.31,11.5,61.3,,1.2,,Benign
VAR02771,,Female,Black,22.8,Former,,Yes,Breast,PTEN,Frameshift,22.0,Yes,49.78,0.727,0.218,,0.122,,10.0,0.00039614,0.092,384.0,13.23,0.0,45.7,0.57,3.0,91.2,Pathogenic
VAR02772,67.0,Female,,27.8,,Moderate,No,,,Nonsense,11.0,No,9.76,0.547,1.0,0.191,0.0,-5.55,2.03,,0.208,277.0,5.2,15.9,32.0,2.13,,58.2,Benign
VAR02773,27.0,Male,,35.5,Never,None,No,,BRCA1,Missense,16.0,Yes,8.72,0.619,0.537,0.544,0.0,,7.99,1.192e-05,,374.0,15.54,88.5,43.6,8.39,1.7,,Benign
VAR02774,,Female,White,30.0,Former,None,Yes,Colorectal,CHEK2,Missense,18.0,Yes,6.19,0.122,0.406,0.672,0.389,-0.38,,0.00524475,0.103,153.0,,0.0,30.8,,2.2,48.0,VUS
VAR02775,,Male,Asian,,Former,,Yes,Breast,BRCA2,Splice_site,18.0,Yes,23.89,,0.0,0.441,0.509,1.04,10.0,6.955e-05,0.481,423.0,55.23,,9.9,5.6,,11.5,Pathogenic
VAR02776,75.0,Male,White,38.8,Former,None,,,PTEN,Missense,6.0,No,22.01,0.942,1.0,0.0,,-1.85,5.17,0.5,0.546,228.0,17.75,8.4,28.8,2.71,70.0,24.2,Benign
VAR02777,61.0,Male,Black,33.3,Former,Moderate,Yes,Colorectal,PTEN,Missense,23.0,Yes,0.0,0.0,,0.203,0.0,,10.0,0.00099012,0.044,367.0,3.05,0.0,0.0,1.76,,0.0,Benign
VAR02778,52.0,Female,White,31.6,,Moderate,Yes,Prostate,ATM,Missense,20.0,No,23.12,0.47,0.495,0.0,0.028,-2.68,-7.83,0.00251463,0.084,,2.23,49.0,8.8,0.76,,2.6,Benign
VAR02779,48.0,,White,29.1,Current,Moderate,No,,PALB2,Missense,21.0,No,30.69,0.421,0.84,0.02,0.0,-1.24,-4.66,0.10460562,0.649,363.0,5.5,3.2,39.1,0.47,2.0,80.1,Benign
VAR02780,52.0,Female,White,31.2,Never,None,No,,APC,Missense,17.0,Yes,0.0,0.045,0.569,0.0,0.0,4.94,-4.3,0.5,0.02,362.0,,32.8,18.8,2.61,1.0,37.6,Benign
VAR02781,63.0,Female,White,31.3,Never,Moderate,No,Breast,PALB2,Missense,,Yes,27.03,,0.088,0.29,0.409,2.66,3.81,0.02407224,0.02,330.0,14.74,86.4,7.3,4.87,273.9,28.6,Benign
VAR02782,46.0,Female,,16.6,Never,,No,Colorectal,MSH2,Missense,8.0,No,24.51,,,0.0,0.0,6.2,2.21,0.00896121,1.0,186.0,9.92,0.0,11.3,,1.2,16.0,Benign
VAR02783,66.0,Male,White,29.5,,None,Yes,Breast,MLH1,Missense,,No,,0.046,0.457,0.425,0.08,5.8,,0.00010587,,,,61.6,0.1,0.1,49.9,16.6,Benign
VAR02784,84.0,Male,,26.7,Current,Heavy,No,Ovarian,TP53,Missense,8.0,Yes,0.0,0.0,0.913,,0.0,-2.67,,0.00040468,0.02,,0.0,56.0,27.9,17.31,2.6,23.7,Benign
VAR02785,51.0,Female,White,25.0,,None,Yes,Breast,PALB2,,24.0,Yes,26.12,0.456,0.0,0.847,0.05,6.2,10.0,1.08e-06,0.02,278.0,12.33,,14.4,0.28,,54.7,Pathogenic
VAR02786,38.0,Male,White,26.5,Never,Heavy,,Breast,PTEN,,,No,9.16,1.0,,0.554,0.615,-7.59,3.15,0.04554961,0.02,20.0,0.0,78.9,17.7,0.17,,48.1,VUS
VAR02787,39.0,Male,,19.7,Never,None,No,Lung,,Synonymous,,No,40.93,0.0,0.283,0.511,0.0,4.0,4.28,0.03158296,1.0,431.0,0.0,0.0,29.5,0.27,1.9,95.7,Benign
VAR02788,,Male,,18.5,Never,None,Yes,Lung,ATM,Missense,20.0,No,7.84,,0.117,0.075,0.0,-2.48,3.13,5.146e-05,0.32,120.0,0.0,0.0,28.2,1.0,11.5,73.1,Benign
VAR02789,55.0,Male,White,33.7,Current,Moderate,No,Breast,PTEN,,20.0,Yes,5.11,0.537,0.294,0.219,0.0,3.21,-3.16,0.3033406,0.02,379.0,16.82,0.0,0.7,1.94,710.8,0.7,Benign
VAR02790,64.0,Male,Black,29.8,,None,No,Prostate,,Missense,16.0,Yes,8.65,0.646,0.284,0.499,0.498,6.2,9.4,1.5e-06,0.745,240.0,3.5,2.9,,,127.2,25.8,VUS
VAR02791,48.0,Female,,,Never,,No,Lung,CHEK2,Synonymous,16.0,Yes,0.0,0.386,0.022,0.058,0.102,-5.74,3.08,0.00011857,1.0,373.0,27.69,9.8,20.8,24.66,4.6,8.1,VUS
VAR02792,67.0,Female,Black,24.6,,None,No,Ovarian,,Missense,1.0,,,0.409,,,0.0,4.7,1.2,0.19129505,0.278,,26.27,0.0,33.7,0.1,27.8,0.0,Benign
VAR02793,50.0,Male,White,31.9,,Moderate,Yes,Ovarian,MLH1,Missense,23.0,,33.69,0.394,0.427,0.794,0.062,6.2,9.61,0.00038659,1.0,321.0,,61.9,10.0,0.11,,,Pathogenic
VAR02794,46.0,Male,,26.1,,None,No,Breast,BRCA1,Splice_site,,No,0.0,0.0,0.482,,,3.5,0.15,0.01767834,0.209,132.0,0.0,12.5,12.5,23.35,,,Benign
VAR02795,51.0,Male,Other,33.7,Former,Moderate,No,Prostate,TP53,Synonymous,6.0,No,0.0,0.0,0.926,0.159,0.0,-3.96,-7.77,0.5,0.02,,26.06,,24.5,1.7,121.2,2.0,Benign
VAR02796,40.0,Male,White,32.7,Never,Moderate,No,,APC,Synonymous,,No,,0.966,0.442,0.395,0.764,0.09,-0.34,1e-07,1.0,320.0,0.0,46.5,24.2,0.28,16.4,16.8,Benign
VAR02797,82.0,Female,,20.7,Never,Moderate,No,Breast,TP53,Missense,15.0,,,,0.27,0.0,0.0,-3.88,10.0,0.5,0.047,399.0,1.29,,,8.36,28.7,0.0,Benign
VAR02798,55.0,,Hispanic,26.8,Current,None,No,Breast,,Synonymous,7.0,No,9.68,0.239,0.0,0.0,0.18,2.46,-2.69,8.94e-06,,,13.2,0.0,28.9,26.12,3.8,20.1,Benign
VAR02799,63.0,Male,Other,25.3,Former,None,No,Breast,APC,Missense,4.0,Yes,,0.0,0.0,0.848,0.093,-4.47,2.67,,0.824,,0.0,0.0,5.7,6.89,21.6,0.1,VUS
VAR02800,45.0,,Hispanic,20.6,Former,Heavy,Yes,Ovarian,PALB2,Splice_site,4.0,Yes,,1.0,0.0,0.119,0.329,2.81,10.0,2.88e-06,0.535,276.0,,71.6,49.3,0.98,165.2,27.3,Pathogenic
VAR02801,41.0,Female,Black,20.2,Never,Moderate,,Colorectal,PTEN,Missense,18.0,,33.29,0.253,,0.543,0.561,4.87,10.0,,0.363,370.0,19.59,77.7,16.6,0.1,210.0,100.0,VUS
VAR02802,53.0,Male,,,Current,Heavy,No,Pancreatic,MSH2,Synonymous,,No,,0.0,0.497,0.0,0.284,-2.83,-0.81,,0.243,,47.57,21.3,52.3,7.32,6.3,0.0,Benign
VAR02803,70.0,Male,Other,24.3,Former,Moderate,No,Breast,APC,,,No,9.05,,,0.0,0.276,-1.3,-6.93,1.24e-06,,417.0,10.18,21.0,0.0,1.89,1.0,100.0,Benign
VAR02804,45.0,Female,White,28.9,Current,Moderate,Yes,Ovarian,ATM,Frameshift,9.0,Yes,20.45,1.0,0.0,0.857,0.681,0.68,10.0,1e-07,0.596,191.0,11.13,29.2,0.0,,220.7,0.0,Pathogenic
VAR02805,,Male,,32.7,,Heavy,,Breast,BRCA2,Frameshift,17.0,Yes,36.7,0.981,0.267,0.294,0.0,,1.38,8.2e-07,0.725,,,12.1,20.5,0.18,8.6,19.9,Pathogenic
VAR02806,58.0,Female,Hispanic,,Never,Moderate,Yes,Ovarian,CHEK2,Missense,8.0,,19.57,0.109,0.98,0.0,0.225,-0.13,,0.00564925,0.256,,,,40.0,3.93,142.2,0.0,Benign
VAR02807,62.0,Male,White,31.3,Never,Heavy,No,Lung,APC,Missense,15.0,No,21.71,0.0,1.0,1.0,0.0,-2.83,4.62,,0.588,,9.19,14.6,26.2,0.77,1.0,2.9,Benign
VAR02808,,Female,White,26.2,Current,,Yes,Pancreatic,,,19.0,,18.46,0.796,,0.485,0.0,-2.37,-2.22,0.5,0.523,538.0,4.09,45.8,20.1,3.48,40.0,,Benign
VAR02809,61.0,Male,White,30.5,Former,,No,Lung,BRCA1,Splice_site,10.0,No,23.18,0.0,,0.497,1.0,,,,0.513,170.0,23.23,53.2,27.1,16.65,,55.8,Benign
VAR02810,63.0,,White,,Never,Moderate,No,,,Missense,24.0,No,3.19,0.0,0.672,,,-3.0,7.7,0.08448053,,252.0,51.63,0.0,21.6,0.73,7.7,0.0,VUS
VAR02811,65.0,Female,White,25.3,Current,Moderate,No,Prostate,,Missense,18.0,No,22.36,0.0,0.825,0.0,,0.3,7.68,9.32e-06,0.194,45.0,0.0,,57.3,200.0,636.0,30.1,Benign
VAR02812,41.0,Female,Black,37.0,Current,Moderate,No,,,Missense,6.0,Yes,0.85,0.847,0.251,0.113,0.0,0.65,,0.5,0.506,562.0,22.19,,,1.95,,84.4,Benign
VAR02813,43.0,Female,White,16.0,Never,Moderate,No,Breast,,Synonymous,25.0,,0.0,0.161,0.485,0.014,,1.21,1.86,0.02178325,0.02,355.0,25.49,,44.9,11.97,506.7,0.0,Benign
VAR02814,42.0,Female,Black,18.1,,Moderate,No,Pancreatic,MLH1,Missense,14.0,No,0.71,0.0,1.0,0.0,0.0,,-6.28,,,384.0,,23.5,8.7,0.81,,32.9,Benign
VAR02815,39.0,Male,,29.4,Former,Moderate,Yes,Lung,ATM,Missense,,No,0.0,0.087,1.0,1.0,0.135,3.25,1.54,0.5,0.02,,9.42,58.3,16.7,8.38,,0.0,Benign
VAR02816,66.0,,Asian,26.2,Never,None,No,Prostate,MLH1,Missense,10.0,No,11.8,0.0,0.526,0.153,0.0,4.88,-1.67,1.82e-05,0.114,320.0,16.02,12.1,4.5,,1.9,49.9,Benign
VAR02817,60.0,Female,Black,20.3,Former,,Yes,Colorectal,ATM,Missense,1.0,No,21.2,0.344,0.644,0.0,,3.45,1.3,7.64e-06,0.566,444.0,0.0,,37.3,9.74,12.2,31.3,Benign
VAR02818,,Male,Other,22.2,Never,,,Breast,TP53,Missense,16.0,No,11.04,0.004,0.0,0.265,0.106,1.45,,0.5,0.657,205.0,30.85,0.0,43.8,200.0,,0.0,Benign
VAR02819,22.0,Male,White,22.9,Current,Moderate,No,Prostate,MSH2,,14.0,No,39.64,0.0,,0.0,0.0,-5.99,,0.01017107,,196.0,,0.0,18.9,,272.0,,Benign
VAR02820,83.0,Male,White,,Former,Moderate,No,Colorectal,PALB2,Splice_site,20.0,No,0.0,,0.915,0.0,,6.2,8.2,7.35e-06,0.077,294.0,0.0,7.1,31.8,0.1,270.4,13.8,Benign
VAR02821,40.0,,Hispanic,33.6,Current,None,Yes,Pancreatic,APC,Nonsense,20.0,Yes,0.0,0.754,,1.0,1.0,5.07,7.73,1.3e-07,0.541,321.0,9.04,100.0,24.3,1.37,,45.4,Pathogenic
VAR02822,79.0,Female,Hispanic,35.7,Former,None,Yes,Breast,PALB2,Synonymous,19.0,Yes,32.38,0.21,0.0,0.627,,6.2,6.33,0.00102944,,381.0,5.02,5.0,32.7,9.24,5.9,,Pathogenic
VAR02823,37.0,Male,White,,Never,Heavy,No,Ovarian,BRCA2,,14.0,No,0.0,,0.583,,0.113,-2.71,-4.67,3.01e-06,0.02,322.0,12.08,,43.3,2.97,8.1,57.6,Benign
VAR02824,41.0,Female,Black,20.7,Never,None,No,Lung,APC,Nonsense,1.0,No,10.9,0.909,,0.954,0.628,3.82,8.26,1.18e-06,0.888,227.0,8.58,55.1,1.4,2.04,68.9,12.1,Benign
VAR02825,27.0,,Black,20.3,Former,Moderate,Yes,Colorectal,BRCA2,,16.0,No,3.31,0.052,0.727,0.109,0.057,,,0.00117976,0.693,278.0,0.0,19.4,3.0,23.48,1.1,53.7,Benign
VAR02826,59.0,Male,White,33.9,Never,None,Yes,Colorectal,PTEN,Synonymous,26.0,No,3.81,0.326,,0.202,0.439,5.81,,0.5,0.424,339.0,0.0,,,1.26,1.2,33.3,VUS
VAR02827,42.0,Female,Black,,Former,Moderate,Yes,Lung,MLH1,Missense,25.0,No,0.0,,0.948,1.0,0.0,-0.92,-11.52,7.1e-07,0.673,393.0,22.63,41.3,14.1,15.63,2.9,,Benign
VAR02828,38.0,Male,,27.9,Never,Moderate,No,Lung,ATM,Missense,3.0,Yes,50.0,0.0,0.0,0.511,1.0,6.2,5.39,1e-07,0.559,,20.39,0.0,25.8,2.24,13.2,,Pathogenic
VAR02829,38.0,,White,28.6,Never,Moderate,No,Colorectal,,Missense,24.0,No,,0.207,0.349,0.0,0.119,-4.09,2.86,0.00010722,0.025,,0.0,34.0,22.2,0.37,7.3,26.6,Benign
VAR02830,62.0,Male,Asian,27.2,Never,,Yes,Ovarian,TP53,Frameshift,4.0,Yes,23.82,1.0,,1.0,,-2.85,10.0,,0.033,,21.94,13.5,18.4,6.35,,,Pathogenic
VAR02831,65.0,,White,21.9,Former,Moderate,Yes,Lung,BRCA2,,3.0,,33.16,0.097,0.97,0.0,0.971,-8.28,,0.00319894,0.612,221.0,1.52,,20.7,3.52,6.4,0.0,Benign
VAR02832,80.0,Male,Hispanic,30.1,Never,None,,Colorectal,APC,Missense,1.0,,3.35,0.0,,0.736,0.0,,-9.51,0.00018363,0.067,448.0,,0.0,26.0,123.53,1.0,0.0,Benign
VAR02833,47.0,Male,,,Former,None,No,Prostate,,Missense,,No,0.0,0.0,1.0,0.094,0.141,-2.67,4.68,0.31187674,0.69,272.0,0.0,13.4,,6.05,21.4,,Benign
VAR02834,,Male,Other,21.5,Never,Moderate,Yes,Lung,BRCA1,Missense,,Yes,7.11,0.575,0.0,,0.604,4.16,5.41,4.31e-06,,236.0,27.23,0.0,0.0,8.89,1.8,58.4,Pathogenic
VAR02835,,Female,White,30.4,Former,,No,Colorectal,BRCA2,,17.0,No,6.74,0.0,0.779,0.355,,5.48,6.38,1.132e-05,0.896,338.0,24.91,52.7,5.7,3.13,40.2,27.1,Benign
VAR02836,52.0,Male,,25.4,Former,Moderate,No,,MLH1,Missense,13.0,Yes,0.0,0.349,1.0,0.022,0.095,2.0,-3.72,0.00068753,0.02,498.0,15.85,53.3,42.0,0.75,11.9,0.1,Benign
VAR02837,45.0,Male,,28.6,Former,None,Yes,Breast,ATM,Synonymous,24.0,Yes,,0.781,0.799,1.0,0.957,-0.6,-3.15,5.7e-07,0.042,218.0,2.74,0.0,0.0,2.97,1312.9,44.5,Benign
VAR02838,62.0,Female,Black,26.9,,None,No,Ovarian,,Missense,,No,2.0,0.0,0.0,0.541,0.0,6.2,-2.04,0.5,0.437,385.0,13.2,0.0,,0.82,36.4,10.6,Benign
VAR02839,69.0,Female,White,32.0,Never,None,No,Lung,PTEN,Synonymous,8.0,No,25.83,0.628,0.854,,0.0,-0.82,,0.34810533,0.204,270.0,12.89,57.1,11.8,3.25,11.2,,Benign
VAR02840,69.0,Female,Hispanic,,Never,Heavy,No,Prostate,,Synonymous,14.0,No,28.35,0.0,0.0,,0.0,0.21,3.21,,0.412,332.0,0.0,12.4,37.3,0.1,15.8,0.0,Benign
VAR02841,45.0,Male,White,23.1,Former,None,Yes,Pancreatic,,Missense,4.0,No,18.39,0.853,0.255,0.017,0.0,-2.74,0.91,4.384e-05,0.319,409.0,14.16,43.6,3.6,0.1,20.5,21.6,Benign
VAR02842,69.0,Male,White,29.1,Never,Heavy,Yes,Colorectal,BRCA2,Missense,13.0,No,7.94,0.058,0.0,0.142,0.0,-4.58,-3.05,0.01550878,0.134,454.0,8.7,17.3,0.0,0.5,,35.5,Benign
VAR02843,51.0,Female,Asian,29.3,,,No,Lung,CHEK2,,17.0,,19.02,0.346,0.0,1.0,0.821,5.85,5.67,1e-07,0.407,262.0,45.83,44.7,6.5,0.8,21.5,71.0,Pathogenic
VAR02844,49.0,Female,Hispanic,30.1,Former,None,,,BRCA2,,,Yes,26.64,0.135,0.0,0.0,0.0,-3.37,10.0,0.00139463,0.02,403.0,38.23,72.1,19.6,7.01,8.6,100.0,VUS
VAR02845,47.0,Female,White,32.7,Never,Moderate,No,Colorectal,BRCA1,Missense,13.0,No,36.07,,0.0,,0.0,,10.0,0.5,0.976,346.0,4.9,0.0,29.0,0.74,7.5,28.2,Benign
VAR02846,49.0,Female,Black,24.4,Former,None,Yes,Lung,MLH1,Splice_site,,Yes,10.23,0.0,0.107,0.768,0.357,6.2,3.48,1e-07,0.081,364.0,12.23,0.0,0.0,7.4,5.9,51.5,Pathogenic
VAR02847,,Male,White,30.8,Former,Moderate,Yes,,MLH1,Splice_site,7.0,Yes,20.72,0.846,0.189,0.407,,,,1.65e-06,0.703,456.0,14.74,0.0,,1.27,16.2,88.7,Pathogenic
VAR02848,60.0,Female,Hispanic,18.9,Never,Heavy,No,Colorectal,CHEK2,Missense,2.0,No,5.52,,0.567,0.0,0.0,1.42,-3.78,0.00164429,0.02,242.0,0.0,,22.5,200.0,,0.0,Benign
VAR02849,58.0,Female,,26.9,,Moderate,No,,ATM,Frameshift,26.0,No,,,0.0,1.0,,-4.5,9.33,,0.02,405.0,0.0,0.0,10.9,1.38,70.0,48.5,Benign
VAR02850,53.0,Female,White,26.1,Current,Moderate,No,Colorectal,TP53,Synonymous,16.0,No,16.64,0.161,1.0,0.392,,0.22,-1.4,,0.455,,0.0,56.8,24.1,5.53,170.3,0.0,Benign
VAR02851,88.0,Male,,34.7,Never,Moderate,No,Breast,MSH2,Synonymous,9.0,,0.0,0.637,0.311,0.65,0.508,-3.12,-7.18,,1.0,450.0,,0.0,23.6,0.62,3.9,,Benign
VAR02852,,Male,White,26.7,Never,None,,Colorectal,BRCA2,Missense,,Yes,34.4,0.533,0.0,,0.942,6.2,10.0,,0.705,,29.73,59.5,,1.98,1.3,78.7,Pathogenic
VAR02853,46.0,Female,,30.5,,,No,Pancreatic,ATM,Missense,,No,21.52,,0.719,0.422,0.275,-0.67,,,0.619,303.0,10.58,0.0,25.6,,,0.0,VUS
VAR02854,52.0,Female,White,18.7,Never,None,No,,PTEN,Missense,13.0,No,13.42,,0.548,0.248,0.144,-3.08,,0.00895449,0.141,416.0,0.0,51.9,23.9,2.44,,59.9,Benign
VAR02855,53.0,,White,25.7,Former,None,No,Pancreatic,MLH1,Missense,,Yes,0.0,0.0,0.152,0.665,0.0,-0.49,6.01,0.4046503,0.341,258.0,0.0,67.9,57.6,,65.3,58.3,Benign
VAR02856,58.0,Female,White,23.3,Former,,No,Pancreatic,APC,Missense,19.0,No,5.65,0.418,0.741,0.0,0.235,-3.06,-7.35,0.1369512,0.263,276.0,12.17,50.0,0.0,20.68,7.9,,Benign
VAR02857,43.0,,White,,,None,,Colorectal,TP53,Splice_site,6.0,,19.7,1.0,0.0,1.0,0.78,5.87,7.66,1.5e-07,,237.0,,,0.0,200.0,68.7,63.5,Benign
VAR02858,62.0,Female,,24.2,,Moderate,No,,BRCA1,Missense,3.0,,6.84,0.62,0.405,0.0,,6.2,-4.85,0.00322032,0.867,251.0,0.0,79.3,41.6,11.08,26.2,9.3,Benign
VAR02859,,Female,White,27.9,Never,None,Yes,Breast,APC,Missense,4.0,Yes,17.5,0.276,,,,,10.0,6.265e-05,0.368,,0.0,67.0,0.0,5.34,36.3,59.5,Pathogenic
VAR02860,39.0,Female,Hispanic,28.1,Current,None,No,Breast,CHEK2,Missense,1.0,No,,0.0,0.611,,0.0,-3.7,1.34,3.243e-05,0.356,264.0,,0.0,38.1,,2.0,57.8,Benign
VAR02861,40.0,Female,Asian,19.6,,Moderate,Yes,Ovarian,MSH2,,11.0,No,15.2,0.283,0.742,0.062,0.618,0.7,-2.13,1.408e-05,0.216,312.0,5.72,34.0,27.8,,238.8,70.1,VUS
VAR02862,50.0,Female,White,24.9,Never,Moderate,Yes,,APC,,2.0,Yes,0.0,0.129,0.294,,0.0,,-11.99,7.6e-07,0.237,404.0,21.42,82.5,0.0,1.03,2.6,,Benign
VAR02863,50.0,Female,Hispanic,,,,No,Pancreatic,PALB2,Missense,3.0,Yes,,,0.625,0.267,0.033,6.2,8.15,0.5,,219.0,0.0,0.0,39.8,3.86,,,Benign
VAR02864,78.0,Female,White,27.9,Never,None,Yes,Breast,BRCA2,Nonsense,6.0,Yes,,0.618,0.0,,0.642,6.2,4.34,0.5,0.704,265.0,29.56,0.0,43.4,,149.6,41.3,Pathogenic
VAR02865,69.0,Female,White,16.0,Never,None,No,Colorectal,PTEN,Missense,16.0,No,5.16,0.265,0.151,0.154,0.519,,-0.85,6.272e-05,0.479,301.0,,12.6,22.6,5.31,576.4,28.3,Benign
VAR02866,68.0,Female,White,24.7,Never,None,,Colorectal,,Missense,6.0,No,1.86,0.0,0.348,0.0,0.483,3.92,3.85,,0.293,404.0,18.48,0.0,,1.35,104.4,,Benign
VAR02867,,Male,White,32.6,Former,,No,Ovarian,BRCA2,Missense,12.0,,25.77,,0.21,0.466,0.518,-0.25,-4.77,0.5,0.02,340.0,,22.6,45.4,0.2,1.0,34.9,Benign
VAR02868,,Female,White,30.4,Former,,No,Colorectal,CHEK2,,12.0,No,5.61,0.85,,0.126,0.0,-0.15,-8.76,,0.638,361.0,6.45,48.7,0.0,0.47,,68.1,Benign
VAR02869,37.0,Female,White,33.6,Current,Moderate,No,Pancreatic,BRCA1,,,No,0.0,0.0,0.834,0.661,1.0,-0.5,2.02,0.02056886,0.698,417.0,0.0,25.2,34.5,3.86,,,Benign
VAR02870,62.0,Female,Hispanic,22.6,,,Yes,Colorectal,BRCA1,Nonsense,,Yes,10.24,,0.0,0.534,0.907,6.2,0.63,0.0051774,0.886,375.0,0.0,7.5,,15.97,2000.0,26.3,Benign
VAR02871,62.0,Male,White,33.9,,,No,,MSH2,Synonymous,27.0,No,17.88,0.945,1.0,0.0,0.0,-0.37,0.32,,0.34,254.0,0.0,56.1,32.4,17.87,6.8,56.8,Benign
VAR02872,73.0,Male,Asian,27.3,Never,Moderate,No,Lung,BRCA1,Missense,3.0,,39.96,0.195,0.864,0.0,0.0,-2.07,-4.65,0.0018848,0.02,508.0,0.0,10.8,19.7,,1.0,0.0,Benign
VAR02873,53.0,,White,35.5,Current,Moderate,No,Breast,MLH1,Synonymous,27.0,No,21.22,0.319,1.0,1.0,0.359,0.02,-7.76,,0.616,111.0,,,21.4,0.29,125.5,0.0,Benign
VAR02874,54.0,Male,Black,27.5,Never,None,No,Pancreatic,ATM,Missense,8.0,,1.99,1.0,0.466,1.0,0.0,2.85,-9.54,,0.8,419.0,,,,0.57,979.9,20.6,Benign
VAR02875,54.0,Male,White,17.3,Never,,Yes,Pancreatic,BRCA2,Nonsense,12.0,Yes,24.43,1.0,0.0,1.0,0.0,-11.04,7.14,1.2e-07,0.869,368.0,4.5,88.6,0.0,29.65,,81.4,Pathogenic
VAR02876,68.0,Female,White,31.7,Never,None,No,,PTEN,Splice_site,,No,,0.0,0.0,0.0,0.075,2.29,7.71,,0.02,457.0,3.83,0.0,34.9,21.85,4.9,26.9,Benign
VAR02877,37.0,Male,White,25.3,Former,Moderate,No,Colorectal,BRCA2,Missense,,,0.0,0.0,1.0,0.0,0.0,-11.07,6.96,0.5,0.505,294.0,22.82,85.2,20.7,,983.6,0.0,Benign
VAR02878,,Male,Asian,,Never,Moderate,Yes,,MLH1,,25.0,Yes,20.21,0.942,0.0,0.055,0.433,,4.33,0.00466404,0.02,,11.14,33.1,,107.14,1.3,32.9,VUS
VAR02879,56.0,Female,Asian,20.2,Never,None,No,Colorectal,BRCA2,Missense,19.0,Yes,17.2,0.406,0.0,0.606,0.308,-7.34,9.78,,0.91,199.0,0.0,23.3,37.5,,1.3,0.0,Benign
VAR02880,38.0,Female,White,35.6,Never,None,Yes,Colorectal,CHEK2,Splice_site,17.0,Yes,50.0,1.0,0.0,1.0,0.338,1.15,3.13,6.146e-05,0.589,203.0,15.86,42.8,36.5,20.43,2.8,98.2,Pathogenic
VAR02881,28.0,,,24.9,Former,Heavy,,Pancreatic,,,10.0,No,31.88,,0.0,0.909,0.66,-6.78,7.87,5.8e-07,0.488,302.0,0.0,1.4,33.2,6.43,35.3,0.0,VUS
VAR02882,54.0,Female,Black,35.4,Never,None,No,,APC,Missense,26.0,No,,0.0,0.811,0.3,0.398,6.2,-2.3,0.07707476,0.998,227.0,0.0,0.0,6.3,0.1,8.9,40.2,Benign
VAR02883,75.0,Male,Black,25.3,Former,None,Yes,Colorectal,ATM,Missense,22.0,No,34.47,0.992,0.849,0.0,0.0,0.44,,0.00030109,,242.0,11.23,100.0,33.1,0.35,,18.7,Benign
VAR02884,77.0,Female,White,22.9,,None,Yes,Breast,BRCA1,,7.0,Yes,34.53,0.669,0.636,0.21,0.152,6.2,7.2,0.00023534,0.437,203.0,16.67,0.0,35.7,2.37,184.0,36.1,VUS
VAR02885,61.0,Male,Black,34.1,Never,None,No,Ovarian,BRCA1,Missense,17.0,No,8.41,0.341,0.249,,0.0,6.2,3.53,0.00085362,0.02,,,70.2,31.1,73.15,134.0,48.8,Benign
VAR02886,82.0,Male,,,Never,Moderate,No,Prostate,CHEK2,Synonymous,11.0,No,13.43,,0.691,0.663,0.0,,,,0.02,241.0,,90.6,33.4,39.8,,,Benign
VAR02887,,,White,27.2,Never,Moderate,No,Lung,CHEK2,Synonymous,6.0,No,0.0,0.0,,0.0,0.521,-5.88,-8.58,0.5,0.467,364.0,0.07,0.0,23.7,,20.7,21.8,Benign
VAR02888,64.0,,White,21.1,Never,Moderate,Yes,Lung,PALB2,Splice_site,18.0,Yes,30.05,1.0,0.0,1.0,0.713,5.55,10.0,1e-07,0.618,,34.66,64.0,1.1,,265.3,100.0,Pathogenic
VAR02889,46.0,Male,White,25.2,Current,Moderate,,Breast,MLH1,Nonsense,12.0,Yes,,0.151,0.587,1.0,0.149,6.2,10.0,0.0015246,0.02,358.0,,67.0,,0.76,2.4,90.7,Pathogenic
VAR02890,45.0,Male,Asian,29.6,Never,None,No,Prostate,MSH2,,3.0,,,0.459,0.436,0.953,0.544,6.2,3.96,1.59e-06,0.826,291.0,11.21,67.1,13.6,,233.5,87.9,Pathogenic
VAR02891,47.0,Female,White,21.0,,None,No,Breast,MSH2,Missense,24.0,No,,,0.498,,0.0,-1.18,,0.32450853,0.332,405.0,,0.0,22.5,141.31,118.3,52.6,Benign
VAR02892,29.0,Female,White,24.8,Never,,No,Colorectal,MSH2,Missense,,No,32.93,0.448,0.632,0.264,0.0,2.1,,0.02453738,0.666,,20.82,1.7,14.8,0.1,2.6,91.2,Benign
VAR02893,,,White,25.4,Never,None,Yes,Breast,PTEN,Nonsense,15.0,Yes,34.4,0.542,,0.85,1.0,6.2,1.86,1.4e-07,,453.0,19.21,71.8,54.5,0.1,175.6,74.4,Pathogenic
VAR02894,48.0,Male,Hispanic,27.8,Former,None,No,Colorectal,,Missense,27.0,No,35.1,0.627,0.072,0.0,1.0,-6.22,-3.8,0.0001301,0.789,247.0,19.54,0.0,30.2,,,,Benign
VAR02895,46.0,Female,Hispanic,34.9,Former,Moderate,No,Colorectal,BRCA1,Missense,20.0,Yes,,0.612,,0.664,0.787,-2.08,-1.02,0.00137373,,227.0,,0.0,21.0,,,42.5,Benign
VAR02896,,Female,White,26.0,Never,Moderate,Yes,Ovarian,BRCA2,Splice_site,27.0,Yes,45.74,,,1.0,0.488,6.2,-8.58,0.00013076,,277.0,12.36,38.6,27.1,9.02,351.1,24.2,VUS
VAR02897,50.0,Male,White,,,None,Yes,Colorectal,,,20.0,Yes,45.09,,,0.946,,6.2,8.23,0.00011666,0.897,332.0,26.48,31.4,,200.0,58.7,82.6,VUS
VAR02898,79.0,Female,Hispanic,41.2,Former,Heavy,No,Ovarian,TP53,Synonymous,5.0,No,0.0,0.711,0.014,0.176,0.468,1.61,6.54,0.5,0.721,,0.0,24.6,61.1,18.83,308.8,57.6,Benign
VAR02899,83.0,Female,White,25.3,,,Yes,Lung,,Missense,14.0,No,0.0,0.274,,0.598,0.083,-1.36,4.39,0.10212486,0.02,,0.0,0.0,30.1,7.83,1.2,,Benign
VAR02900,34.0,Male,White,26.5,Former,,No,Colorectal,PTEN,Synonymous,,No,1.25,0.118,0.689,,0.0,-0.37,3.82,3.14e-06,0.02,342.0,,51.0,14.8,0.39,2.2,13.2,Benign
VAR02901,47.0,Female,Other,25.7,Former,,Yes,Prostate,PALB2,,8.0,,12.78,1.0,0.0,1.0,,1.37,,0.00576891,0.096,300.0,3.5,,,1.73,27.1,65.6,Pathogenic
VAR02902,43.0,Female,White,26.1,Never,Moderate,No,Breast,TP53,Missense,9.0,Yes,35.8,0.423,0.195,0.256,0.0,0.03,0.17,0.13858822,0.629,291.0,,24.9,26.1,,2.7,0.0,Benign
VAR02903,69.0,Male,White,,Former,None,No,,CHEK2,Missense,,No,8.67,0.056,,0.508,0.547,4.37,-9.1,,0.053,319.0,9.51,0.0,58.9,0.99,,,Benign
VAR02904,56.0,Male,White,32.1,Never,Moderate,No,Breast,ATM,Nonsense,12.0,Yes,35.24,,0.0,1.0,0.769,6.2,7.32,1e-07,0.02,485.0,41.99,81.7,19.2,26.59,17.6,42.9,Pathogenic
VAR02905,48.0,Female,Hispanic,29.5,Current,Moderate,No,Breast,BRCA1,Missense,4.0,No,0.0,,0.159,0.866,0.821,-4.98,9.0,0.00100426,0.02,407.0,,0.0,5.2,,8.7,,Benign
VAR02906,53.0,Female,Hispanic,32.9,Current,Moderate,Yes,Colorectal,PTEN,Frameshift,16.0,Yes,40.89,0.477,0.233,0.818,0.812,6.2,8.78,0.00358119,0.359,435.0,26.05,0.0,39.9,3.28,18.0,77.8,Pathogenic
VAR02907,50.0,Female,,32.7,Former,Moderate,No,,MLH1,Missense,17.0,No,1.55,0.384,0.579,0.768,0.0,2.24,-1.54,0.08087408,0.543,360.0,0.0,49.9,24.2,25.97,32.5,39.5,Benign
VAR02908,77.0,Male,,28.5,Current,Moderate,,Breast,APC,Synonymous,23.0,,27.86,0.156,0.564,0.0,0.496,-6.79,,0.5,0.893,,10.1,0.0,0.0,1.47,17.8,16.4,Benign
VAR02909,63.0,Male,Asian,29.4,Former,None,Yes,,PTEN,Missense,3.0,No,0.0,0.498,0.767,,0.0,0.06,3.23,0.5,0.75,418.0,16.2,0.0,,0.14,44.5,40.3,Benign
VAR02910,65.0,Male,Hispanic,33.0,Never,,No,Colorectal,APC,,,No,28.98,,,0.638,0.0,-0.33,-0.56,0.01551245,0.425,163.0,11.54,23.6,,33.33,,0.0,Benign
VAR02911,21.0,Male,,21.9,Never,,No,Lung,TP53,Synonymous,25.0,No,22.82,0.064,,1.0,0.0,0.49,1.55,1e-07,0.02,400.0,13.1,,0.0,2.5,1.0,0.0,Benign
VAR02912,55.0,Male,White,40.0,Never,Heavy,No,,MSH2,Missense,8.0,,0.67,0.703,,0.0,0.0,,-1.2,,0.02,357.0,11.9,42.4,34.9,1.53,110.9,10.4,Benign
VAR02913,83.0,Male,Asian,,Never,None,No,,BRCA1,Synonymous,,No,,0.0,1.0,0.186,0.0,,4.67,8.1e-07,0.145,388.0,2.65,73.5,0.0,1.89,2.7,27.7,Benign
VAR02914,69.0,Female,White,25.7,Former,None,No,Breast,,Frameshift,10.0,,,0.671,,0.902,1.0,6.2,,0.01436456,0.4,155.0,25.01,19.1,18.3,1.49,80.1,29.8,Pathogenic
VAR02915,,Male,White,21.4,Never,None,No,Colorectal,,Missense,5.0,No,15.71,0.0,0.0,0.152,0.0,1.47,2.88,0.08789632,0.392,159.0,18.75,0.0,13.5,200.0,18.0,0.0,Benign
VAR02916,52.0,Male,White,21.6,Former,,,Breast,MLH1,Splice_site,20.0,,,0.345,0.164,0.0,0.0,1.97,6.28,0.00142095,0.726,310.0,1.35,0.0,42.0,0.16,2000.0,0.0,Benign
VAR02917,40.0,Female,Hispanic,32.4,,,No,Prostate,MSH2,Frameshift,22.0,,20.6,0.359,0.379,0.463,,6.2,2.3,0.00025387,0.632,127.0,0.0,22.7,40.0,5.24,1.0,0.0,Benign
VAR02918,78.0,Female,,38.9,Never,Moderate,No,Breast,MSH2,Missense,25.0,Yes,9.04,0.224,0.19,0.0,0.112,-4.32,2.37,0.5,0.389,397.0,9.87,,0.0,3.79,3.6,,Benign
VAR02919,,Male,White,24.7,Never,None,No,Pancreatic,BRCA1,Missense,20.0,No,13.21,0.181,0.0,0.953,0.0,6.2,,6.49e-06,0.22,336.0,10.52,100.0,0.0,,,27.8,VUS
VAR02920,42.0,,,29.2,,Heavy,Yes,Lung,,Missense,9.0,Yes,,0.809,0.535,1.0,,-0.42,9.87,1e-07,0.02,534.0,0.0,63.7,0.0,2.35,1.0,97.9,Pathogenic
VAR02921,56.0,Male,White,,Never,Heavy,No,Colorectal,MLH1,Missense,20.0,No,7.53,0.105,0.123,0.0,0.108,,-1.46,2.02e-06,0.02,361.0,9.23,0.0,,33.22,16.2,19.7,Benign
VAR02922,22.0,Female,White,32.5,,None,No,Colorectal,BRCA2,Synonymous,1.0,No,0.0,,0.0,0.0,0.033,3.37,-0.02,0.00872186,0.02,396.0,0.0,66.3,0.0,1.22,1.0,63.4,Benign
VAR02923,42.0,Female,White,38.6,Never,Moderate,No,Ovarian,TP53,,,No,0.0,0.843,0.378,,0.0,,-4.88,4.773e-05,1.0,384.0,0.0,0.0,10.4,0.87,17.6,0.0,Benign
VAR02924,52.0,Female,White,35.1,Current,Moderate,Yes,Breast,ATM,Frameshift,6.0,Yes,0.88,,1.0,0.627,0.681,3.01,4.8,0.00131139,1.0,329.0,18.52,0.0,38.7,5.92,44.0,,Pathogenic
VAR02925,64.0,Male,Other,26.3,Never,,No,Prostate,,,15.0,No,27.04,0.765,0.0,0.591,,6.2,-7.75,3.042e-05,0.02,333.0,,75.8,32.8,8.44,182.4,64.2,VUS
VAR02926,28.0,Female,White,30.1,,Moderate,Yes,Prostate,APC,Missense,,Yes,,0.207,,0.78,1.0,-0.39,5.31,1e-07,0.644,314.0,29.38,68.5,0.0,41.68,64.4,14.5,VUS
VAR02927,,Male,,,Never,,No,Breast,MSH2,Missense,,No,19.44,1.0,0.352,0.0,0.0,6.2,,0.00109544,0.02,,17.0,63.8,25.6,0.16,1.7,0.0,Benign
VAR02928,69.0,Female,White,27.4,,None,No,Breast,PTEN,Missense,5.0,No,15.97,0.221,1.0,1.0,0.0,-9.77,0.38,1.687e-05,0.444,443.0,9.46,,,17.01,20.7,4.5,Benign
VAR02929,37.0,Female,White,22.0,Former,,No,Ovarian,TP53,Synonymous,11.0,No,3.23,0.0,0.374,0.0,0.0,5.25,6.6,0.00198754,0.144,445.0,25.49,100.0,10.4,19.55,39.2,52.5,Benign
VAR02930,59.0,Female,White,,Former,None,No,Lung,,Missense,3.0,No,24.17,,0.049,0.691,0.326,-5.8,9.21,0.5,0.29,415.0,19.51,56.5,11.7,11.52,1.9,0.0,Benign
VAR02931,57.0,Female,,,Former,,Yes,,TP53,Missense,16.0,No,3.9,0.0,0.728,0.0,0.0,-0.38,0.7,0.00162683,0.792,330.0,,0.0,13.8,,194.9,0.0,Benign
VAR02932,78.0,Male,White,33.8,Never,Heavy,Yes,Lung,APC,Missense,21.0,Yes,14.59,0.0,0.691,0.232,0.156,,-5.48,8.865e-05,,,20.19,100.0,20.4,0.89,,0.0,Benign
VAR02933,,Male,White,26.5,Current,None,Yes,,,Synonymous,7.0,No,0.0,0.46,0.788,0.436,,-0.78,7.68,0.04623277,0.715,195.0,0.0,42.3,8.7,7.03,1.0,41.3,Benign
VAR02934,54.0,Female,,28.8,,None,No,Pancreatic,CHEK2,Missense,15.0,No,0.0,0.799,,0.271,0.0,-0.67,,0.00033673,0.561,182.0,18.87,17.3,,4.03,18.9,,Benign
VAR02935,66.0,Female,White,33.5,Current,None,No,Breast,CHEK2,Missense,24.0,No,10.87,0.869,0.106,,,-4.69,,0.007814,0.098,255.0,2.43,,38.1,0.14,1.9,25.5,VUS
VAR02936,39.0,Male,,19.0,Never,None,Yes,,PALB2,Missense,4.0,Yes,14.66,,1.0,0.0,0.594,6.2,,0.0234699,0.02,342.0,0.0,0.0,22.1,16.73,1.0,36.4,Benign
VAR02937,,Male,White,25.3,Never,Moderate,No,Pancreatic,APC,Missense,26.0,No,22.97,0.439,0.75,0.0,0.338,-5.1,3.18,9.62e-06,,361.0,11.97,50.1,2.4,0.6,4.4,,Benign
VAR02938,,Female,White,37.6,Never,Moderate,No,,MLH1,Frameshift,9.0,Yes,25.21,,0.436,0.546,0.0,-0.8,,1e-07,0.393,263.0,6.26,,23.8,1.29,15.8,0.0,Pathogenic
VAR02939,50.0,Male,Black,,Former,None,Yes,Colorectal,CHEK2,Frameshift,9.0,Yes,,1.0,0.013,1.0,0.509,4.36,1.88,,0.3,177.0,28.12,28.1,0.0,47.29,,71.5,Pathogenic
VAR02940,67.0,Female,White,21.9,,Moderate,No,Prostate,,Missense,20.0,No,,0.0,1.0,1.0,0.0,-2.67,3.06,0.03662156,0.054,247.0,24.29,13.9,24.1,3.54,4.7,40.3,Benign
VAR02941,63.0,Female,White,28.1,Never,None,No,Breast,,Missense,10.0,No,5.99,0.867,0.694,0.389,0.485,,-5.33,0.5,0.378,307.0,0.0,,,1.77,19.6,,Benign
VAR02942,42.0,Male,White,,,,,Breast,,Splice_site,11.0,Yes,,0.283,0.0,1.0,0.502,2.37,10.0,1e-07,1.0,148.0,12.99,59.7,36.5,2.31,83.4,,Pathogenic
VAR02943,54.0,Male,White,16.0,,Heavy,No,,,Frameshift,6.0,Yes,10.22,1.0,0.405,1.0,1.0,,8.27,1e-07,0.02,340.0,22.11,2.7,29.6,3.02,16.1,54.9,Pathogenic
VAR02944,71.0,Male,,28.4,Never,Moderate,Yes,Breast,MSH2,,4.0,Yes,1.91,0.498,0.0,0.663,0.059,,5.8,0.00083947,0.02,,14.75,0.0,2.5,4.71,76.5,,Pathogenic
VAR02945,,Female,White,25.6,Former,Moderate,Yes,Lung,MLH1,Missense,,No,0.0,0.0,,0.0,,4.93,0.54,0.00987974,0.46,232.0,8.04,20.7,11.8,79.18,3.0,11.0,Benign
VAR02946,58.0,Female,Other,19.3,Never,None,,Colorectal,,Synonymous,3.0,No,20.2,0.05,1.0,,0.035,-1.9,-5.96,0.00119726,0.02,553.0,9.78,0.0,42.5,0.1,1.2,16.8,Benign
VAR02947,53.0,,,27.9,Never,,,Colorectal,,,5.0,No,0.0,0.0,,0.649,0.147,,-5.58,0.14513688,0.02,242.0,,0.0,16.3,200.0,,,Benign
VAR02948,55.0,Female,White,26.8,Never,Moderate,No,Prostate,BRCA1,Missense,23.0,No,18.25,0.374,0.459,1.0,,-3.18,10.0,,1.0,295.0,28.37,0.0,20.4,200.0,1.0,28.2,Benign
VAR02949,32.0,Female,White,27.4,Never,Heavy,Yes,Ovarian,TP53,Missense,22.0,Yes,5.92,,0.255,0.179,0.0,6.2,3.87,,0.706,373.0,20.19,39.1,34.2,1.89,132.5,52.9,VUS
VAR02950,74.0,Male,,25.8,,Moderate,No,Breast,BRCA2,Missense,6.0,No,0.0,0.0,0.465,0.777,0.325,2.08,-8.17,6.182e-05,1.0,315.0,0.0,23.9,49.1,3.67,14.4,11.7,Benign
VAR02951,45.0,Female,Asian,22.4,Never,Moderate,Yes,Ovarian,CHEK2,Synonymous,,Yes,15.8,0.22,1.0,0.477,0.144,-0.33,7.72,0.00974672,0.02,134.0,0.0,80.4,20.6,4.19,6.0,0.0,VUS
VAR02952,69.0,,Hispanic,20.2,Current,None,No,Lung,PTEN,,20.0,No,0.0,,,0.0,0.0,0.78,-5.65,0.5,1.0,,18.13,67.3,15.0,,70.3,0.0,Benign
VAR02953,,Female,White,24.0,Former,None,Yes,Colorectal,BRCA1,Frameshift,9.0,Yes,20.16,1.0,0.0,0.351,0.239,3.59,10.0,,0.02,329.0,16.67,56.5,56.1,6.66,8.7,31.5,Pathogenic
VAR02954,44.0,Male,White,31.8,Former,None,Yes,Pancreatic,,Frameshift,3.0,,0.0,1.0,,0.593,,6.2,10.0,2.678e-05,0.896,291.0,18.1,8.4,57.4,11.15,1.0,27.5,Pathogenic
VAR02955,68.0,Female,Hispanic,28.7,Never,None,Yes,Prostate,BRCA1,Frameshift,21.0,Yes,41.22,0.701,0.409,1.0,0.0,6.2,5.13,1.2e-07,0.02,328.0,,,22.7,59.85,10.0,36.8,Pathogenic
VAR02956,69.0,Female,White,27.2,Former,None,Yes,Prostate,BRCA1,Missense,19.0,No,6.13,0.0,1.0,0.842,0.476,-0.77,8.09,1.509e-05,0.472,369.0,,36.4,22.3,0.1,,0.3,Benign
VAR02957,59.0,Female,White,22.3,Former,Moderate,No,Lung,BRCA1,Synonymous,,Yes,0.0,0.0,0.606,0.0,0.28,4.68,5.42,0.03392109,0.502,222.0,0.0,59.7,38.3,1.78,193.8,,Benign
VAR02958,,Female,White,25.6,Never,Moderate,No,Colorectal,MLH1,Missense,,,,1.0,,0.469,0.0,5.85,10.0,0.5,0.162,379.0,0.27,,29.9,4.02,1.0,3.0,Benign
VAR02959,,Female,White,31.2,Current,Moderate,No,Prostate,PTEN,Synonymous,10.0,No,0.0,0.78,0.528,,1.0,,4.47,0.24521185,0.02,253.0,13.82,0.0,22.5,1.26,3.9,0.0,Benign
VAR02960,56.0,Male,,30.0,Never,Moderate,No,Colorectal,,,8.0,,0.0,0.0,0.229,0.0,0.0,-3.6,-2.53,1.76e-06,0.232,489.0,,26.7,35.3,0.1,98.6,,Benign
VAR02961,47.0,Female,White,25.1,Never,,,Ovarian,MLH1,Missense,25.0,,0.0,,0.0,0.419,0.34,6.2,,0.5,0.451,434.0,0.0,7.2,10.4,2.72,1.0,3.3,Benign
VAR02962,68.0,Female,Asian,16.0,Never,Moderate,Yes,Breast,BRCA2,Missense,6.0,No,25.38,0.0,,1.0,0.042,3.35,-4.19,0.0895719,0.02,210.0,5.5,0.0,,,7.7,,Benign
VAR02963,47.0,Female,White,24.1,Former,,Yes,Prostate,APC,Synonymous,13.0,No,30.58,0.0,0.8,0.0,0.0,6.2,,0.5,0.263,455.0,22.29,9.1,33.9,1.01,35.3,29.5,Benign
VAR02964,,Female,Asian,25.1,Never,,No,Ovarian,CHEK2,,18.0,No,29.01,0.0,,0.15,0.187,4.56,,1.814e-05,0.323,365.0,25.68,0.7,30.2,,509.4,,Benign
VAR02965,52.0,Female,Hispanic,23.0,Never,Moderate,No,Prostate,,Missense,2.0,No,28.86,0.0,0.399,0.0,,2.59,,0.40014487,0.54,378.0,10.63,51.4,,0.1,,19.2,Benign
VAR02966,56.0,,White,25.4,Never,None,No,Pancreatic,,,14.0,Yes,0.0,0.159,1.0,0.43,,-9.22,-6.1,0.12933208,0.02,300.0,18.44,0.0,10.8,1.35,1.0,25.4,Benign
VAR02967,62.0,Male,White,31.6,Never,Moderate,Yes,Ovarian,MSH2,,18.0,Yes,50.0,1.0,0.0,0.538,1.0,-0.76,10.0,1e-07,0.27,282.0,17.98,0.0,0.0,,5.3,,Pathogenic
VAR02968,55.0,Male,,27.3,Never,,No,Ovarian,,Missense,15.0,No,11.61,0.0,0.0,,0.439,4.9,-2.17,0.00424629,0.481,290.0,18.22,69.1,0.0,0.21,2000.0,27.4,VUS
VAR02969,48.0,Female,Hispanic,32.4,Current,Moderate,,Breast,,,18.0,Yes,3.7,1.0,0.202,1.0,0.752,0.68,1.25,1e-07,0.353,215.0,,0.0,0.0,14.33,78.2,,Pathogenic
VAR02970,54.0,Male,White,20.0,Never,Heavy,Yes,Colorectal,BRCA2,,,No,6.89,0.825,0.058,0.248,0.065,,-6.32,,0.02,114.0,0.0,0.0,44.0,,405.6,10.6,VUS
VAR02971,64.0,Male,Asian,26.0,Current,Moderate,Yes,Lung,,Missense,18.0,Yes,33.13,1.0,0.0,0.755,0.598,6.2,8.63,0.5,0.913,250.0,38.9,58.9,10.2,15.82,35.3,,Pathogenic
VAR02972,47.0,Female,Black,17.8,Former,Moderate,No,,BRCA2,Missense,27.0,No,0.0,1.0,1.0,0.391,0.029,1.12,-2.89,0.01854043,0.757,,31.2,48.0,0.2,15.7,,,Pathogenic
VAR02973,50.0,Female,Black,25.4,Former,,No,Colorectal,MSH2,,10.0,Yes,30.31,1.0,0.0,1.0,0.66,6.2,10.0,1.91e-06,,200.0,13.39,96.7,20.4,3.94,2.6,60.4,Pathogenic
VAR02974,52.0,Male,White,22.3,Current,Moderate,,Colorectal,MSH2,Nonsense,10.0,Yes,36.45,,0.0,0.286,0.042,6.2,,1e-07,0.366,384.0,18.55,23.1,4.9,49.78,11.6,,Pathogenic
VAR02975,67.0,Female,Black,33.9,Never,None,No,Breast,APC,Missense,19.0,,,0.0,,0.122,0.0,6.2,5.41,,0.264,347.0,8.4,5.5,14.9,,95.6,100.0,Benign
VAR02976,51.0,Female,Black,29.5,Former,None,Yes,Breast,ATM,Missense,3.0,Yes,38.32,1.0,,,1.0,4.54,-1.14,1.55e-06,1.0,255.0,,31.1,32.0,16.58,1.5,48.4,Pathogenic
VAR02977,80.0,Male,Black,32.6,,Heavy,,Breast,APC,,,,5.16,0.867,0.0,0.311,0.034,6.2,7.3,1e-07,0.687,286.0,7.35,0.0,16.1,1.3,95.9,27.3,Benign
VAR02978,54.0,Female,White,25.4,Never,Moderate,No,,APC,Missense,5.0,No,0.0,0.0,1.0,0.886,,-3.87,1.54,7.74e-06,0.881,345.0,22.43,36.2,,29.57,1.0,66.6,Benign
VAR02979,53.0,Male,Black,22.4,Never,Heavy,No,Breast,ATM,Missense,13.0,No,0.0,0.0,0.161,0.0,0.0,1.53,,0.5,0.385,240.0,0.0,4.2,21.6,0.1,7.8,0.0,Benign
VAR02980,54.0,Female,,22.2,Former,None,No,Breast,PTEN,Missense,4.0,No,6.61,0.0,0.43,0.702,0.0,3.08,-1.46,0.5,0.606,,,0.0,,200.0,14.1,11.1,Benign
VAR02981,,Female,,28.8,Former,Moderate,No,Colorectal,MSH2,Missense,6.0,No,0.0,0.0,0.764,0.391,0.679,0.02,-1.81,0.00553792,0.629,452.0,19.08,0.0,,3.05,71.6,88.7,Benign
VAR02982,43.0,Female,,36.6,Never,Moderate,,Lung,TP53,,12.0,No,6.13,0.435,1.0,0.0,0.193,-0.51,3.93,0.5,0.956,307.0,8.62,12.7,47.7,4.48,7.9,35.6,Benign
VAR02983,49.0,Female,White,29.6,Former,Moderate,No,Lung,,Missense,17.0,Yes,,0.0,,0.623,0.966,-4.59,10.0,0.00442914,0.02,350.0,24.15,44.1,15.4,0.1,58.7,48.6,Benign
VAR02984,71.0,Male,,25.6,Never,Moderate,No,Ovarian,BRCA2,Synonymous,,No,0.0,0.181,0.099,,0.414,0.34,-5.81,5.153e-05,0.402,339.0,7.55,0.0,23.8,16.84,7.5,,Benign
VAR02985,56.0,Male,White,26.6,Never,None,No,,PALB2,Synonymous,22.0,No,16.03,,0.794,0.0,0.0,-6.82,-1.35,0.5,0.75,161.0,11.54,,6.9,3.19,41.9,2.2,Benign
VAR02986,46.0,Male,Black,27.3,Never,Moderate,Yes,Lung,PALB2,Nonsense,22.0,No,2.24,,1.0,0.0,0.635,4.19,2.64,1e-07,1.0,244.0,10.68,100.0,9.0,3.75,34.0,10.5,Pathogenic
VAR02987,72.0,Female,Black,37.6,,Moderate,No,Prostate,TP53,Splice_site,3.0,Yes,5.01,,,0.0,0.747,0.77,-8.72,0.04001299,0.16,319.0,,3.1,39.7,0.67,,95.0,Benign
VAR02988,76.0,,Black,33.7,Never,None,No,Lung,PALB2,,19.0,,0.0,0.0,0.41,0.0,0.133,3.89,-8.8,9.352e-05,0.514,298.0,18.76,55.8,24.9,0.38,25.2,0.7,Benign
VAR02989,70.0,,Hispanic,28.8,Never,None,No,Lung,BRCA1,Missense,1.0,No,,0.906,0.443,,0.552,-2.33,-0.47,1.975e-05,0.759,195.0,0.0,,33.9,,20.2,0.0,VUS
VAR02990,45.0,,White,28.0,Never,Heavy,,Breast,ATM,Missense,5.0,Yes,,0.808,,0.514,,2.05,-1.69,0.5,0.877,358.0,15.29,81.4,26.8,0.1,280.5,63.3,Benign
VAR02991,50.0,Male,White,29.0,Former,None,,,TP53,Synonymous,,No,8.45,0.0,0.249,0.065,,3.09,9.72,0.00473535,0.499,383.0,21.08,15.6,19.2,,69.1,0.0,Benign
VAR02992,79.0,Female,Black,30.0,Former,Moderate,No,Prostate,TP53,Missense,16.0,Yes,,0.37,0.0,0.0,,,,0.00020726,0.484,278.0,7.17,0.0,43.8,76.6,27.8,50.3,VUS
VAR02993,59.0,Female,White,25.4,Never,Moderate,,,MSH2,Missense,9.0,No,0.0,0.0,0.374,0.0,0.606,2.54,,0.00016877,0.236,430.0,16.34,0.0,0.0,5.64,,44.0,Benign
VAR02994,,Female,White,23.3,Former,Heavy,No,Ovarian,,Missense,,,0.0,0.0,0.299,0.085,0.0,1.73,5.67,0.08756072,,379.0,24.82,6.9,7.4,0.44,,,Benign
VAR02995,65.0,Male,White,32.7,Former,Moderate,No,Lung,,Missense,,No,25.69,0.652,0.0,1.0,0.479,,-4.24,1.76e-05,0.872,,5.22,89.3,15.2,4.89,703.5,,Benign
VAR02996,69.0,,,27.6,Never,None,Yes,Prostate,CHEK2,,22.0,No,4.46,,,0.492,0.038,-3.7,0.25,0.00626222,0.788,,11.42,21.1,22.8,,1.4,32.5,Benign
VAR02997,49.0,Male,Other,32.2,Never,None,Yes,Breast,PTEN,Synonymous,16.0,No,13.76,0.031,0.853,0.0,,6.2,2.84,,0.662,301.0,0.0,,,88.27,71.7,0.0,Benign
VAR02998,,Male,White,35.7,Current,None,No,Prostate,,Missense,4.0,No,0.17,,0.455,0.035,,3.48,10.0,,0.453,412.0,,0.0,,0.76,,20.3,Benign
VAR02999,68.0,Male,,,Never,None,No,Breast,BRCA1,Missense,14.0,No,15.17,0.0,,0.566,0.036,-2.24,2.49,,0.103,,0.0,79.0,46.6,,55.2,51.0,Benign
VAR03000,37.0,Female,Asian,29.3,,Moderate,,Prostate,MSH2,Missense,,No,0.0,0.673,,0.911,0.419,6.2,-2.81,,0.209,168.0,,66.3,1.3,4.4,,0.0,Pathogenic
VAR03001,52.0,Female,Other,43.5,Current,None,No,Prostate,BRCA1,Frameshift,4.0,,46.13,1.0,0.97,0.048,0.721,6.2,10.0,4.5e-07,0.953,,35.2,43.5,49.4,16.79,8.1,35.1,Pathogenic
VAR03002,42.0,Female,White,28.5,Former,None,,Lung,MLH1,Missense,,No,0.83,0.0,0.746,0.63,,6.2,7.96,0.01297499,0.826,,,57.4,18.1,,52.5,0.0,Benign
VAR03003,,,Asian,22.0,Former,,No,Pancreatic,ATM,Missense,21.0,No,0.0,0.597,,0.391,0.364,,6.4,1e-07,0.453,309.0,25.44,0.0,25.5,0.1,1.8,24.2,Benign
VAR03004,45.0,Male,White,26.1,Former,None,Yes,Pancreatic,,,5.0,,11.27,0.622,0.0,,0.067,2.09,0.24,2.8e-07,0.623,377.0,13.51,57.4,22.4,8.52,14.5,9.0,Pathogenic
VAR03005,62.0,Male,Hispanic,35.3,Never,None,No,Pancreatic,TP53,Synonymous,5.0,,,0.0,0.762,0.0,0.675,-1.76,1.58,0.45084392,0.44,347.0,0.0,0.0,27.0,4.48,4.6,44.3,Benign
VAR03006,52.0,Female,White,21.0,,Moderate,No,Colorectal,APC,Missense,,Yes,6.26,0.0,0.594,0.732,0.518,,0.69,3.3e-07,0.853,322.0,,0.0,43.7,1.11,58.0,,Benign
VAR03007,48.0,Female,White,23.7,Never,None,,Colorectal,BRCA2,Synonymous,,,10.22,0.0,0.763,0.0,,-2.25,10.0,0.5,0.668,,7.49,,1.3,0.52,466.0,15.9,Benign
VAR03008,57.0,Male,White,33.0,Current,None,No,Breast,,Missense,14.0,Yes,0.0,0.754,,0.0,0.235,1.35,4.69,0.02836761,0.169,410.0,1.55,,9.1,,5.1,26.9,Benign
VAR03009,41.0,Female,Hispanic,,Never,,Yes,Breast,BRCA1,,21.0,No,21.72,0.283,0.188,,0.0,-1.42,10.0,0.00164188,,452.0,23.03,0.0,33.3,2.28,6.5,0.0,Benign
VAR03010,62.0,Female,,26.9,,Moderate,No,Lung,PALB2,Missense,1.0,No,0.0,0.113,0.147,0.359,0.0,0.22,-3.67,0.0066942,0.02,287.0,3.25,,7.6,2.46,392.5,0.0,Benign
VAR03011,71.0,Male,White,32.9,Never,,,Breast,CHEK2,Missense,5.0,No,0.0,0.0,0.413,0.0,,6.2,-0.57,2.965e-05,0.091,,11.53,0.0,0.0,1.31,4.5,74.2,Benign
VAR03012,51.0,Female,Black,,Former,Moderate,Yes,Pancreatic,CHEK2,Splice_site,10.0,Yes,21.84,,0.335,0.523,0.324,-0.12,2.37,,0.02,292.0,,78.8,33.6,3.24,1.0,0.2,VUS
VAR03013,,,White,,,None,No,Breast,TP53,Nonsense,,Yes,38.44,1.0,0.0,0.721,,6.2,10.0,9.95e-06,0.16,187.0,11.69,0.0,8.1,17.85,,11.4,Pathogenic
VAR03014,60.0,Female,Asian,20.6,Former,Moderate,Yes,Breast,TP53,Nonsense,3.0,Yes,,0.224,0.294,0.578,0.292,-3.45,9.59,,0.077,137.0,2.25,0.0,37.8,9.89,244.2,13.7,VUS
VAR03015,,,White,30.4,Never,Moderate,Yes,Breast,CHEK2,Missense,18.0,No,3.24,0.732,0.436,0.187,0.0,5.53,,0.28159963,0.02,449.0,3.09,6.7,13.9,0.55,138.2,54.5,VUS
VAR03016,59.0,Male,White,28.8,,None,No,Breast,,Missense,2.0,,22.9,0.905,0.0,0.757,0.189,6.2,7.1,,1.0,408.0,29.69,97.7,42.5,2.62,92.2,0.0,Pathogenic
VAR03017,90.0,,White,24.0,Former,,No,,BRCA2,Synonymous,27.0,No,27.2,,1.0,0.0,0.0,-3.45,3.43,,0.136,364.0,5.73,,26.6,20.88,,7.8,Benign
VAR03018,54.0,Female,White,21.7,Never,Moderate,No,Colorectal,PALB2,Synonymous,6.0,No,24.62,0.595,1.0,0.772,0.0,-2.67,,0.00300079,0.214,430.0,,0.0,9.4,84.15,1.0,65.0,Benign
VAR03019,50.0,Female,White,26.1,,None,Yes,Breast,,Nonsense,20.0,No,,0.549,0.244,1.0,0.306,6.2,3.91,8.915e-05,0.158,232.0,4.2,27.7,0.0,169.85,21.6,64.2,Pathogenic
VAR03020,65.0,Female,,33.1,,None,No,,BRCA1,Missense,17.0,No,15.07,0.0,1.0,0.693,0.382,0.27,0.06,0.00098578,0.628,418.0,4.47,72.6,17.8,84.55,11.1,0.0,VUS
VAR03021,77.0,Male,Black,23.3,Former,None,,,BRCA1,Missense,11.0,No,44.44,0.156,0.98,,0.0,,0.71,1.81e-06,0.93,358.0,20.45,62.1,23.0,3.73,,57.8,Benign
VAR03022,69.0,Male,,,,Moderate,No,Lung,APC,Synonymous,21.0,No,,0.196,0.616,0.0,0.0,-4.97,-3.31,0.5,,273.0,0.0,,10.5,21.63,67.6,5.2,Benign
VAR03023,28.0,,White,21.5,Never,None,,Lung,BRCA2,Missense,17.0,No,10.84,0.079,0.316,0.45,0.0,5.4,-4.55,0.00892043,0.496,67.0,0.0,0.0,,,663.1,35.6,Benign
VAR03024,59.0,Female,Hispanic,,,,No,Breast,BRCA2,,13.0,Yes,24.82,1.0,0.0,0.592,0.0,6.2,-3.57,3.9e-07,0.02,163.0,,11.0,17.9,1.05,30.4,21.9,Pathogenic
VAR03025,89.0,Female,White,29.2,Former,None,No,Breast,,Splice_site,18.0,,13.62,0.408,0.736,0.0,,,3.52,0.14140367,,509.0,1.25,46.5,49.7,1.9,9.9,,Benign
VAR03026,64.0,Female,Black,38.1,Former,Moderate,No,Prostate,,Synonymous,,No,0.0,0.128,0.368,0.352,0.0,,-7.84,0.00022121,0.622,505.0,3.06,0.0,26.5,1.6,656.0,5.3,Benign
VAR03027,37.0,Female,,28.6,Never,None,Yes,Lung,ATM,Missense,21.0,Yes,44.19,0.777,,0.213,0.47,1.26,10.0,1e-07,1.0,164.0,10.43,30.7,,,5.2,,Pathogenic
VAR03028,56.0,Male,White,27.2,Former,Moderate,No,Breast,MLH1,Frameshift,19.0,Yes,7.97,0.817,0.0,,0.641,4.06,8.54,,0.775,100.0,13.96,,24.6,26.36,33.9,0.0,Pathogenic
VAR03029,35.0,Female,,31.8,Never,Moderate,Yes,Lung,MLH1,Missense,13.0,No,16.69,,0.544,1.0,,6.2,,0.00015557,1.0,463.0,8.0,17.6,33.3,3.99,39.2,100.0,Pathogenic
VAR03030,72.0,Female,Asian,,Former,Moderate,No,Ovarian,ATM,Splice_site,,,0.0,0.204,0.0,0.276,0.0,-6.3,-4.82,0.00077222,,311.0,25.82,,,1.53,2.4,68.3,Benign
VAR03031,44.0,,White,,Current,None,No,Breast,APC,Missense,23.0,No,0.0,,,0.0,,-0.91,10.0,0.00096065,0.044,241.0,18.3,15.3,,0.59,7.1,0.0,Benign
VAR03032,57.0,Male,Other,39.0,,Moderate,,Breast,TP53,Synonymous,18.0,No,2.64,0.0,0.831,,0.369,1.1,,0.00123757,0.511,184.0,5.1,47.2,19.4,1.24,7.4,77.1,Benign
VAR03033,41.0,Female,White,27.4,Never,Moderate,Yes,Lung,TP53,Frameshift,8.0,No,42.01,0.457,0.0,0.584,1.0,6.2,6.69,1.97e-06,1.0,,,89.4,14.8,3.97,244.6,0.4,Pathogenic
VAR03034,45.0,,Black,28.7,Former,None,Yes,Ovarian,CHEK2,Splice_site,8.0,,48.3,0.906,0.181,1.0,1.0,6.2,8.98,8.06e-06,1.0,464.0,0.0,100.0,0.0,9.88,18.0,,Pathogenic
VAR03035,71.0,Female,White,30.3,Never,Moderate,,Colorectal,APC,Nonsense,27.0,,,0.866,0.511,1.0,0.985,4.2,6.42,0.00031679,0.02,347.0,18.48,76.1,33.9,6.28,19.2,44.0,Pathogenic
VAR03036,57.0,Male,,29.2,Never,Moderate,No,Breast,APC,Synonymous,,,9.61,0.0,0.566,,0.0,-4.54,,0.22357928,0.396,123.0,18.77,43.3,0.0,0.45,,25.1,Benign
VAR03037,49.0,,Other,35.1,Former,Moderate,No,Breast,MSH2,Missense,9.0,No,4.55,0.0,1.0,0.0,0.0,1.14,5.79,0.5,0.75,243.0,0.0,0.0,10.1,0.89,5.0,52.2,Benign
VAR03038,41.0,Female,White,24.6,Never,Moderate,No,Breast,BRCA1,Missense,20.0,No,20.28,,0.967,0.0,0.623,,-10.38,,0.738,494.0,14.19,55.6,8.9,1.96,1.8,14.6,Benign
VAR03039,32.0,Female,Other,31.4,Never,Heavy,No,Colorectal,,,2.0,No,0.0,0.801,0.636,,0.681,,,2.72e-05,0.587,353.0,0.0,83.7,,7.13,2000.0,0.0,Benign
VAR03040,40.0,Female,Black,28.3,Former,Moderate,Yes,Prostate,BRCA2,Synonymous,19.0,No,0.0,0.294,,0.0,0.374,-1.52,3.27,0.00096312,0.314,,11.44,0.0,48.3,0.87,14.4,59.3,Benign
VAR03041,57.0,Male,Asian,32.4,,,No,Lung,APC,,6.0,No,2.22,0.376,0.502,0.0,0.378,-4.0,,0.20459541,0.02,249.0,0.0,0.0,16.4,0.11,,11.3,Benign
VAR03042,69.0,Male,Other,26.4,Former,None,No,Breast,BRCA2,Missense,9.0,Yes,,0.15,,0.779,0.0,,1.74,1.4e-07,1.0,308.0,19.38,0.0,41.2,0.24,8.6,42.7,Benign
VAR03043,49.0,Female,Black,25.7,,Moderate,No,,,Frameshift,26.0,No,0.0,0.0,0.768,0.665,0.761,-1.05,-9.89,0.02050015,0.607,424.0,,0.0,24.4,4.81,1.0,54.8,Benign
VAR03044,73.0,Female,Other,31.2,Former,None,Yes,Breast,CHEK2,Frameshift,4.0,,39.83,,0.0,0.915,0.041,2.06,8.59,1.5e-07,0.107,309.0,15.25,32.4,,11.04,8.5,22.1,VUS
VAR03045,,Female,Hispanic,29.3,Never,Moderate,No,Prostate,CHEK2,Frameshift,22.0,Yes,,1.0,0.0,,0.0,0.85,10.0,2.57e-06,,471.0,12.74,0.0,16.7,1.44,2.4,,Pathogenic
VAR03046,53.0,,White,23.4,Never,None,No,Colorectal,,Missense,11.0,No,20.57,0.062,0.871,0.483,0.377,-5.21,-13.67,0.00370594,0.459,349.0,21.93,13.8,35.0,,62.8,43.1,Benign
VAR03047,39.0,Male,Black,34.2,Never,Moderate,No,Prostate,ATM,,12.0,No,0.0,0.894,0.0,0.252,0.127,,10.0,1e-07,0.687,68.0,15.94,47.6,10.9,0.23,87.5,82.7,VUS
VAR03048,69.0,Female,White,31.2,Former,Moderate,No,Ovarian,MSH2,Missense,13.0,,,0.245,0.605,0.148,0.0,1.7,10.0,0.5,0.02,379.0,19.95,29.9,14.0,0.14,68.5,0.0,Benign
VAR03049,83.0,,,27.1,Never,Heavy,No,Colorectal,MLH1,,,No,0.0,0.314,0.383,0.414,0.409,,,0.00016399,0.02,300.0,0.0,,,1.09,1.5,16.9,Benign
VAR03050,29.0,Male,White,25.2,Never,None,No,Colorectal,MSH2,Frameshift,14.0,Yes,24.81,0.938,,,0.0,6.2,5.99,0.01154623,0.73,,21.66,0.0,3.2,0.18,1.0,,Pathogenic
VAR03051,51.0,Male,White,29.3,Current,Heavy,,Lung,TP53,Synonymous,,No,7.47,0.0,0.689,,,-7.88,6.45,3.4e-07,0.108,363.0,28.77,,21.6,3.45,1.0,2.5,Benign
VAR03052,,Male,,,Current,Moderate,No,Colorectal,CHEK2,,1.0,No,21.7,0.039,1.0,0.875,0.0,,0.25,8.532e-05,0.02,293.0,29.37,0.0,37.6,7.21,,75.2,Benign
VAR03053,37.0,,White,,Former,Moderate,No,Breast,BRCA2,,7.0,No,9.56,0.594,0.745,0.627,0.713,1.48,,0.28455659,0.02,342.0,0.0,22.9,,0.14,6.3,0.0,Benign
VAR03054,59.0,Male,Black,29.4,Former,Moderate,No,Colorectal,TP53,Nonsense,5.0,Yes,,,0.706,0.396,0.642,6.2,7.02,8e-07,0.515,262.0,16.01,100.0,7.6,0.56,1.6,100.0,Pathogenic
VAR03055,72.0,Female,Black,30.8,,None,No,Pancreatic,PTEN,Synonymous,4.0,No,42.46,0.598,1.0,,0.491,-2.03,1.5,0.28539194,0.02,258.0,,21.9,57.1,2.02,63.3,89.0,Benign
VAR03056,57.0,Female,Asian,16.0,Former,,No,Breast,BRCA1,Synonymous,,No,3.82,0.0,,0.0,0.0,5.61,-4.0,0.11213751,1.0,442.0,1.29,71.7,15.0,0.45,138.7,,Benign
VAR03057,63.0,Female,Other,28.5,Never,Moderate,,,ATM,Missense,12.0,,0.0,0.0,0.0,,0.0,-2.47,-2.12,,0.849,333.0,0.0,39.4,35.2,3.67,14.2,0.0,Benign
VAR03058,79.0,Male,Asian,31.0,Former,Moderate,No,,,Synonymous,27.0,No,0.0,,0.433,0.53,0.0,4.24,,0.5,0.735,,15.17,,22.1,19.41,,18.8,Benign
VAR03059,81.0,Female,Black,30.4,Current,,,Colorectal,TP53,Missense,14.0,No,9.42,0.0,0.016,0.0,0.297,6.2,-3.1,0.079554,0.388,256.0,4.77,73.1,41.4,1.6,,2.5,Benign
VAR03060,55.0,Male,White,,Former,None,No,Colorectal,BRCA1,Synonymous,6.0,No,18.88,0.0,1.0,,0.07,-4.05,-11.52,8.8e-07,0.02,,0.0,0.0,21.1,0.1,289.1,58.9,Benign
VAR03061,45.0,Male,Asian,25.9,,None,Yes,Breast,,Splice_site,4.0,Yes,10.05,0.589,0.0,0.463,0.933,5.49,10.0,5.5e-06,0.168,,21.13,20.0,21.1,7.04,487.4,82.1,Pathogenic
VAR03062,,Male,White,22.3,Current,Moderate,No,,MSH2,,21.0,Yes,37.84,,0.0,1.0,0.679,6.2,3.75,0.00012104,1.0,283.0,0.0,66.7,,,21.0,49.2,Pathogenic
VAR03063,69.0,,White,,Former,Moderate,No,Prostate,CHEK2,,4.0,,9.32,0.461,0.0,0.325,0.0,-5.16,-0.89,0.0017313,,459.0,0.0,0.0,17.4,7.51,22.9,0.0,Pathogenic
VAR03064,38.0,Male,White,33.0,Never,Heavy,Yes,,CHEK2,,2.0,No,0.0,0.013,0.042,1.0,0.235,2.47,,0.00399533,0.336,283.0,1.34,57.5,23.1,200.0,2000.0,7.9,Benign
VAR03065,53.0,Female,,31.0,Current,None,No,Breast,BRCA2,Missense,11.0,,17.85,0.0,0.61,0.118,,-2.08,0.9,0.04718834,,,,35.7,8.1,0.33,2000.0,,Benign
VAR03066,,Female,Black,33.3,Former,None,No,Pancreatic,CHEK2,Synonymous,,No,3.83,0.0,,0.0,0.574,,-3.98,3e-07,0.284,188.0,9.16,87.5,,0.53,18.4,27.2,Benign
VAR03067,49.0,Male,,23.9,Former,None,No,Ovarian,BRCA2,Missense,7.0,No,0.0,0.411,0.026,0.0,0.0,-1.43,10.0,0.00097835,0.297,251.0,9.33,,70.8,,547.8,73.9,Benign
VAR03068,,Female,Hispanic,,Current,None,Yes,Lung,PALB2,,14.0,Yes,,0.98,0.614,0.465,,,5.24,3.7e-07,0.42,405.0,4.97,29.4,5.2,30.44,94.1,,Benign
VAR03069,89.0,Male,White,20.0,Never,,No,Breast,PTEN,Missense,16.0,No,22.77,0.593,0.519,,0.207,4.14,,0.21520969,0.16,314.0,10.0,0.5,27.7,178.36,,85.5,Benign
VAR03070,54.0,Male,White,,Former,Moderate,No,Breast,ATM,Nonsense,12.0,No,0.0,0.239,0.312,0.0,0.634,0.5,-17.27,0.00012592,0.216,330.0,7.77,0.0,22.3,1.01,2.9,16.2,Benign
VAR03071,50.0,,White,28.1,Never,Heavy,No,Lung,BRCA1,,15.0,,,,0.635,0.0,0.0,6.2,,0.5,,310.0,6.71,7.5,1.6,0.39,101.6,,Benign
VAR03072,69.0,Male,White,30.8,Current,,No,Colorectal,CHEK2,Synonymous,19.0,,11.2,0.021,1.0,0.0,0.291,-1.94,-1.98,0.0001104,0.02,315.0,0.0,0.0,36.1,0.47,203.2,,Benign
VAR03073,59.0,Female,Hispanic,35.9,Current,,No,Pancreatic,BRCA2,Synonymous,5.0,No,6.93,0.57,,0.211,0.055,2.66,3.17,5.22e-06,,261.0,12.85,5.0,14.0,,15.8,22.1,Benign
VAR03074,71.0,Male,,26.3,Former,Moderate,Yes,Breast,BRCA1,Splice_site,10.0,Yes,19.88,0.0,0.0,0.878,,4.11,0.65,0.00305114,0.364,,21.63,0.0,9.6,2.95,13.1,56.2,Pathogenic
VAR03075,58.0,Female,,,Former,None,No,Prostate,MLH1,Frameshift,1.0,Yes,8.49,0.226,0.686,,,-4.7,2.2,0.03227942,0.02,288.0,17.88,0.0,46.6,3.88,32.6,0.0,VUS
VAR03076,49.0,Male,,22.9,Former,Moderate,Yes,Colorectal,MLH1,Splice_site,27.0,Yes,42.78,0.91,0.24,0.048,0.496,6.2,6.33,2.569e-05,0.492,288.0,15.4,95.4,15.9,5.29,,,Pathogenic
VAR03077,33.0,Male,Hispanic,24.1,Never,Moderate,,Breast,TP53,Missense,18.0,No,14.44,1.0,,0.0,,1.04,6.6,0.00073725,0.02,371.0,21.21,0.0,43.0,0.17,,100.0,Benign
VAR03078,31.0,Female,Other,38.6,Never,Moderate,Yes,Breast,MSH2,Frameshift,22.0,,0.0,0.506,,1.0,0.239,,7.54,3.9e-07,0.02,,20.01,,31.7,0.2,,100.0,Pathogenic
VAR03079,32.0,Female,,31.3,Never,None,No,Lung,BRCA2,Missense,,No,0.0,0.125,0.0,0.064,,2.32,,0.03832688,0.961,465.0,0.44,0.0,,,136.2,15.6,Benign
VAR03080,58.0,Female,Black,33.1,Former,Heavy,No,Prostate,CHEK2,,,,0.0,1.0,0.377,1.0,0.029,6.2,10.0,1.05e-06,0.2,396.0,10.12,89.0,33.5,0.8,102.4,9.4,VUS
VAR03081,34.0,Female,Asian,26.3,Former,Heavy,Yes,Breast,CHEK2,Missense,14.0,Yes,6.61,0.512,0.424,0.826,0.35,0.94,9.24,0.065725,,223.0,5.19,0.0,36.1,1.42,181.8,100.0,Benign
VAR03082,68.0,Female,White,27.5,Former,None,No,Ovarian,BRCA2,Missense,24.0,Yes,16.11,1.0,0.0,0.998,0.475,5.03,,1.097e-05,0.832,246.0,0.0,25.1,18.8,31.49,669.3,,Pathogenic
VAR03083,52.0,Female,White,31.0,,,Yes,Colorectal,MLH1,Splice_site,16.0,Yes,20.87,0.959,,1.0,0.57,6.2,7.69,,0.313,422.0,22.98,49.8,15.4,,2.4,71.4,Pathogenic
VAR03084,,Male,White,25.0,Former,Moderate,Yes,Lung,CHEK2,,,No,6.97,0.079,1.0,0.0,0.0,,3.26,0.00027709,0.321,393.0,2.6,40.1,37.4,1.14,885.1,7.5,Benign
VAR03085,42.0,Female,White,26.0,Never,None,Yes,Lung,ATM,,26.0,Yes,22.9,0.849,0.732,0.39,0.18,6.2,8.25,1e-07,0.53,434.0,21.24,28.8,72.0,35.71,293.6,,VUS
VAR03086,64.0,Female,White,24.1,Current,Heavy,Yes,Prostate,MSH2,,21.0,No,,0.113,1.0,0.0,0.0,-0.7,3.09,,0.736,,32.26,34.3,0.0,23.95,1.0,,Pathogenic
VAR03087,,Male,White,25.3,Current,,No,Breast,MSH2,Frameshift,21.0,Yes,,1.0,0.0,,0.129,-2.36,8.05,1e-07,0.61,291.0,27.78,78.4,1.9,87.41,252.1,77.2,Pathogenic
VAR03088,43.0,Female,White,27.7,Never,None,No,Breast,ATM,Missense,22.0,No,0.0,0.0,0.649,,0.0,-0.65,6.58,0.00121434,0.02,358.0,0.0,0.0,4.7,64.77,67.7,0.0,Benign
VAR03089,71.0,Female,White,23.4,Former,,No,Breast,APC,Synonymous,10.0,,13.26,0.051,0.713,0.0,0.418,-2.05,5.39,0.5,0.02,169.0,0.0,0.0,16.2,,46.2,0.0,Benign
VAR03090,61.0,,White,28.9,Never,Moderate,No,Pancreatic,BRCA1,Missense,27.0,No,13.18,,0.0,0.806,,0.0,5.5,1e-07,0.02,298.0,14.15,0.0,4.5,25.26,1.7,0.0,Benign
VAR03091,53.0,Male,White,28.9,Never,Moderate,No,Colorectal,MLH1,Splice_site,23.0,No,0.0,0.119,0.627,1.0,0.0,-2.0,-10.39,0.00143422,0.103,536.0,12.01,2.4,,1.29,16.4,36.1,Benign
VAR03092,64.0,Female,Asian,,Former,Moderate,No,Breast,TP53,Synonymous,1.0,Yes,16.41,0.672,0.618,0.0,0.0,1.27,-10.13,1.11e-06,0.475,284.0,24.71,70.1,0.0,31.47,86.2,22.0,Benign
VAR03093,56.0,Male,Hispanic,,Former,Moderate,No,Prostate,CHEK2,Synonymous,15.0,No,,0.0,0.915,0.824,0.006,-1.08,-4.2,0.00012126,,318.0,,58.8,14.3,1.5,18.8,0.0,Benign
VAR03094,61.0,Female,White,28.0,,None,,,MLH1,Synonymous,7.0,No,7.32,,,0.191,0.075,4.18,-0.77,0.00112516,0.027,298.0,0.0,,13.1,,1.0,30.8,Benign
VAR03095,45.0,Female,White,25.0,Never,,No,Ovarian,,,15.0,Yes,0.0,0.285,1.0,0.4,0.331,,,1.61e-06,,485.0,0.0,51.8,39.9,0.3,7.1,23.5,Benign
VAR03096,83.0,Male,,27.7,Never,Moderate,,Breast,CHEK2,Missense,22.0,No,23.18,0.562,0.589,0.13,0.0,-3.71,-5.6,0.0252555,0.066,190.0,22.79,100.0,21.1,0.29,40.9,0.0,Benign
VAR03097,44.0,Female,White,33.0,Never,,Yes,,BRCA1,Missense,19.0,Yes,31.57,,0.878,1.0,0.222,6.2,8.0,0.0099455,0.768,394.0,15.39,0.0,0.0,11.65,24.4,24.5,Pathogenic
VAR03098,,Female,White,21.2,Never,,Yes,Lung,PTEN,Nonsense,22.0,Yes,34.36,0.927,0.406,1.0,1.0,1.51,1.0,1.643e-05,,276.0,24.82,10.1,27.3,37.94,2000.0,,Pathogenic
VAR03099,,,White,38.4,Never,Heavy,,Breast,,,12.0,No,0.0,0.124,0.686,0.017,0.0,-4.62,-14.34,0.28748066,0.78,249.0,1.43,6.6,5.3,0.28,108.8,0.0,Benign
VAR03100,66.0,Female,Hispanic,,Current,Moderate,No,Breast,BRCA2,Synonymous,3.0,Yes,0.0,,0.0,0.0,0.418,5.3,-7.76,,0.092,136.0,,33.8,0.5,,98.9,8.1,Benign
VAR03101,66.0,Female,Hispanic,,Never,Moderate,No,Breast,BRCA2,Synonymous,24.0,Yes,,0.908,0.0,0.0,0.666,-2.19,-3.04,0.07718253,0.329,509.0,15.37,39.7,42.0,31.45,,0.0,Benign
VAR03102,71.0,Female,Hispanic,23.7,Never,Moderate,No,Lung,BRCA1,Splice_site,3.0,No,28.37,0.0,1.0,,0.0,0.95,,,0.236,400.0,0.0,,14.2,5.67,5.9,0.0,Benign
VAR03103,41.0,Male,Black,33.2,Never,None,No,Breast,TP53,Frameshift,5.0,Yes,10.6,0.562,0.47,1.0,0.635,-1.06,10.0,6.9e-06,0.609,174.0,20.01,45.5,30.8,,2000.0,0.0,Benign
VAR03104,66.0,Male,,26.9,Never,Moderate,Yes,,TP53,,20.0,Yes,50.0,0.39,0.0,1.0,,3.13,9.24,1e-07,,181.0,35.88,,13.4,1.64,,6.6,Benign
VAR03105,76.0,Male,Hispanic,25.5,Former,Moderate,No,Ovarian,,,,,43.01,0.963,0.0,0.564,0.46,4.28,,1e-07,,249.0,0.0,0.0,,0.25,46.8,100.0,Pathogenic
VAR03106,49.0,Female,Asian,24.6,Never,Moderate,,Pancreatic,APC,Frameshift,13.0,Yes,31.49,0.562,0.149,0.324,0.937,3.01,,1e-07,1.0,375.0,,44.3,,1.65,32.1,4.2,Benign
VAR03107,56.0,Male,Hispanic,26.2,Never,Moderate,No,,BRCA1,,,Yes,25.88,0.869,0.0,0.7,0.091,-1.84,-0.46,0.01171222,0.963,306.0,,0.0,,29.88,1.0,11.2,Benign
VAR03108,49.0,Female,Hispanic,29.6,Current,None,No,Ovarian,PALB2,,5.0,No,0.0,0.423,0.321,0.425,0.056,0.69,1.24,1.591e-05,0.096,220.0,0.0,0.0,15.5,34.91,52.6,15.4,Benign
VAR03109,,Female,Hispanic,28.4,Former,None,Yes,Colorectal,PALB2,Splice_site,20.0,Yes,15.95,0.654,,0.0,1.0,6.2,7.26,,1.0,311.0,11.38,79.2,0.0,0.41,432.0,,Pathogenic
VAR03110,78.0,Female,Black,27.3,Never,None,No,Lung,ATM,,16.0,No,22.53,0.0,0.916,1.0,0.384,-3.78,-4.57,0.20606464,0.845,459.0,,37.6,38.0,,,0.0,Benign
VAR03111,43.0,Male,White,23.9,,Moderate,No,Prostate,BRCA2,Missense,8.0,No,0.0,,,,0.337,-11.0,4.35,1.128e-05,0.02,385.0,0.0,0.0,30.7,0.38,8.6,0.0,Benign
VAR03112,40.0,Female,White,23.7,Former,Heavy,Yes,Pancreatic,TP53,Missense,11.0,Yes,7.12,1.0,0.824,1.0,0.11,6.2,-5.77,1.037e-05,0.02,121.0,10.16,76.5,27.8,0.1,5.3,62.9,Pathogenic
VAR03113,77.0,Male,White,25.2,Former,Moderate,No,Colorectal,CHEK2,Splice_site,12.0,No,2.94,0.159,1.0,,0.0,-2.5,9.24,,0.429,,0.0,100.0,20.6,,1450.0,12.9,Benign
VAR03114,64.0,Female,White,29.8,Current,Moderate,No,Colorectal,CHEK2,,25.0,No,0.0,0.116,0.173,0.0,0.197,-2.11,1.98,5.5e-07,0.283,306.0,,22.4,42.2,6.76,51.6,1.2,Benign
VAR03115,80.0,Female,White,30.8,Never,Moderate,No,Ovarian,APC,Frameshift,24.0,Yes,50.0,,0.0,1.0,0.452,,8.79,,0.02,,19.24,0.0,14.1,0.1,1002.6,72.7,Pathogenic
VAR03116,49.0,Male,White,31.5,Former,,Yes,,PTEN,Missense,13.0,No,25.05,1.0,0.718,0.0,0.459,-4.5,5.5,3.26e-06,0.434,464.0,0.0,10.2,31.9,,7.9,0.0,VUS
VAR03117,54.0,Male,White,27.5,Never,None,Yes,Lung,,Frameshift,6.0,Yes,18.93,0.688,0.0,0.834,0.502,3.0,3.72,1.3e-07,0.529,319.0,0.0,0.0,54.7,97.05,156.0,39.9,Pathogenic
VAR03118,47.0,Female,Other,29.4,Never,None,No,,APC,Synonymous,16.0,No,0.0,0.0,0.236,,0.059,,8.81,2.491e-05,0.083,379.0,6.64,,,16.67,1.0,0.0,Benign
VAR03119,54.0,Male,White,26.7,Former,Heavy,Yes,Colorectal,,Missense,1.0,Yes,,0.291,0.149,0.793,,6.2,,1e-07,1.0,79.0,21.23,21.9,,11.42,9.2,,Pathogenic
VAR03120,29.0,Female,,18.8,Former,,Yes,Breast,,Frameshift,18.0,Yes,,0.623,0.392,1.0,,2.31,0.2,1e-07,0.415,276.0,0.86,,12.0,6.21,2000.0,0.0,Pathogenic
VAR03121,61.0,Male,White,26.4,Never,Moderate,No,,ATM,Missense,16.0,Yes,32.58,1.0,0.428,1.0,,-6.31,7.44,2.43e-06,0.343,397.0,2.65,12.9,11.8,53.53,,42.3,Pathogenic
VAR03122,,Female,White,25.6,Never,None,Yes,,MLH1,Missense,,Yes,13.02,0.702,0.067,0.134,0.078,,-2.18,2.9e-07,,528.0,0.0,75.6,22.7,14.28,18.0,44.0,Pathogenic
VAR03123,55.0,Female,Black,22.3,Former,,,Ovarian,PTEN,Missense,12.0,No,0.0,0.009,0.0,0.0,0.0,5.58,-2.77,0.5,0.02,173.0,,0.0,51.8,,1.0,0.0,Benign
VAR03124,51.0,Female,Black,24.7,Never,None,No,Breast,MSH2,Missense,16.0,,2.05,0.564,1.0,0.0,,,2.44,7.665e-05,0.02,301.0,6.49,,29.8,17.55,28.3,0.0,Benign
VAR03125,44.0,Female,White,28.2,Never,Heavy,No,Breast,APC,,2.0,No,12.97,0.598,0.155,0.526,0.0,,5.43,,0.02,126.0,6.14,0.0,25.7,0.14,6.5,10.9,Benign
VAR03126,65.0,Female,White,21.8,Never,None,No,Breast,,,23.0,No,0.59,,0.701,0.306,0.0,-2.75,0.56,,0.501,298.0,0.0,,24.6,,144.9,58.3,Benign
VAR03127,37.0,Female,,23.9,Never,Heavy,No,Lung,BRCA2,,,Yes,43.87,0.871,0.0,0.283,1.0,6.2,0.8,0.00048773,0.894,435.0,,70.9,0.0,15.65,1.1,75.0,Pathogenic
VAR03128,61.0,Male,Black,35.2,Former,Moderate,Yes,Lung,,Missense,21.0,No,22.22,0.0,1.0,1.0,0.13,2.22,0.36,,0.508,422.0,1.06,68.9,20.3,4.61,203.6,0.0,VUS
VAR03129,83.0,Female,Asian,19.5,,Moderate,Yes,,APC,,7.0,Yes,,0.0,1.0,,0.06,,-3.41,0.03718278,0.425,315.0,18.45,0.0,5.3,3.0,6.0,0.0,Benign
VAR03130,75.0,,Asian,,Never,Moderate,Yes,Ovarian,ATM,Missense,10.0,No,15.99,,0.325,0.145,0.047,-4.83,0.18,0.02466261,0.301,292.0,,39.8,49.1,,1.4,0.0,Benign
VAR03131,36.0,Female,,,Former,Moderate,No,Prostate,BRCA2,Missense,,No,0.0,0.078,0.0,0.0,0.129,-6.28,-3.11,,0.969,,10.57,50.7,6.3,23.91,28.6,,Benign
VAR03132,45.0,Male,Hispanic,23.7,,,,Prostate,TP53,Frameshift,25.0,Yes,20.15,,0.0,0.565,0.229,6.2,0.34,1.43e-06,0.442,,2.43,0.0,0.0,,2000.0,26.5,Benign
VAR03133,61.0,Female,Hispanic,26.5,Former,Moderate,No,Lung,,Synonymous,22.0,Yes,0.0,0.0,0.683,,,-5.23,-6.14,0.02228683,0.71,259.0,19.47,,0.0,6.85,106.6,0.0,Benign
VAR03134,55.0,Female,Asian,,Never,,,Lung,CHEK2,Synonymous,20.0,No,14.05,0.307,0.286,0.816,0.0,-1.18,-10.78,5.071e-05,0.667,258.0,0.0,18.5,,,38.8,18.7,Benign
VAR03135,35.0,Male,White,30.4,Former,Moderate,No,Prostate,BRCA2,Synonymous,9.0,Yes,4.89,0.272,0.0,0.8,0.0,2.94,10.0,5e-07,0.02,158.0,14.78,45.8,0.0,,8.2,,VUS
VAR03136,61.0,Female,White,,Former,Moderate,,Lung,TP53,Missense,20.0,No,9.29,0.025,0.293,0.0,,1.51,5.31,2.44e-06,0.608,368.0,0.0,12.9,,1.82,585.1,4.1,Benign
VAR03137,52.0,,White,31.7,Former,Moderate,No,Breast,PALB2,Splice_site,14.0,Yes,,0.559,0.261,1.0,0.079,2.7,-1.24,,0.034,,7.01,0.0,26.2,26.0,94.8,53.1,Pathogenic
VAR03138,81.0,Female,White,,Never,None,No,Colorectal,TP53,Synonymous,20.0,No,,0.166,0.512,0.153,,-6.67,4.9,0.00018031,0.096,387.0,14.95,25.0,2.4,1.41,1.0,8.2,Benign
VAR03139,53.0,Male,Black,20.6,Former,None,,Breast,PTEN,Splice_site,8.0,No,,0.346,0.314,0.0,0.0,-4.99,1.07,2.49e-06,0.256,405.0,0.0,11.0,37.5,29.32,117.4,34.2,Benign
VAR03140,,Female,White,26.3,,None,No,Prostate,BRCA1,Missense,15.0,No,15.12,0.0,0.375,1.0,,-4.29,-7.34,1.2e-07,0.858,254.0,12.56,4.0,19.0,0.19,32.7,25.1,Benign
VAR03141,40.0,Male,White,29.8,Never,Moderate,No,,MSH2,Missense,,No,0.0,0.386,0.471,0.0,,,,2.711e-05,,302.0,16.58,0.0,19.2,1.47,13.4,0.0,Benign
VAR03142,43.0,Male,Hispanic,31.9,Never,,No,Pancreatic,,Missense,3.0,No,,0.3,0.659,,0.0,,-0.14,0.01132278,0.471,447.0,0.0,60.0,,0.59,378.5,39.6,Benign
VAR03143,,Female,White,36.3,,,Yes,Breast,CHEK2,Missense,21.0,,25.75,,,0.9,0.0,6.2,10.0,5.9e-07,,,19.66,39.7,42.4,200.0,,15.7,Pathogenic
VAR03144,,Female,Other,32.8,Never,Moderate,No,Colorectal,PALB2,Synonymous,19.0,,26.81,0.241,0.0,0.369,,-4.38,4.54,0.01815617,0.254,258.0,21.76,0.0,3.7,,4.9,0.0,Benign
VAR03145,44.0,Female,Hispanic,32.0,Never,None,No,Lung,PTEN,Synonymous,12.0,,0.0,0.345,0.632,0.0,0.0,6.2,,0.14205236,0.131,429.0,0.0,75.1,0.0,2.21,11.6,21.1,Benign
VAR03146,,,,40.7,Current,None,No,Prostate,PTEN,Synonymous,25.0,No,0.0,0.0,0.373,0.0,,0.02,3.69,0.00107215,0.862,232.0,,,15.2,0.1,49.2,29.1,Benign
VAR03147,38.0,Male,Hispanic,28.0,,,,Prostate,PALB2,Missense,20.0,No,0.0,,0.053,0.217,0.0,,-0.22,0.0012232,0.02,194.0,0.0,56.7,49.9,90.84,4.0,47.7,Benign
VAR03148,54.0,Male,White,26.1,Never,Moderate,No,Breast,BRCA1,Nonsense,15.0,No,1.93,0.701,0.367,0.0,0.0,4.03,,0.5,0.02,,0.0,5.5,8.1,0.45,1.6,85.9,Benign
VAR03149,63.0,Male,White,,Current,Moderate,Yes,,BRCA2,Nonsense,9.0,No,50.0,0.555,0.607,0.711,0.907,4.19,10.0,0.00016024,0.321,617.0,27.26,,39.4,,24.1,0.0,Pathogenic
VAR03150,49.0,,Asian,,Former,None,,Pancreatic,MSH2,Missense,,No,19.69,0.138,0.804,0.0,0.331,,3.37,0.00320866,0.122,431.0,2.11,68.3,4.5,0.34,6.5,1.6,VUS
VAR03151,51.0,Male,White,27.8,,,No,Pancreatic,,Missense,,Yes,2.88,0.669,0.426,0.0,0.0,,,3.527e-05,0.493,388.0,15.36,43.0,,0.41,1322.1,31.0,VUS
VAR03152,41.0,,White,18.9,Current,Heavy,No,Lung,BRCA1,,,No,5.77,0.0,0.11,0.06,0.0,,-6.12,0.11344995,0.888,217.0,0.0,12.2,11.7,14.25,1.0,,Benign
VAR03153,48.0,Female,Black,24.9,Former,None,No,,,Synonymous,12.0,No,32.74,0.0,,0.0,,,,0.01833056,0.193,375.0,4.43,,29.4,0.1,153.2,,Benign
VAR03154,,Female,White,26.9,Former,None,No,,ATM,Synonymous,7.0,No,4.21,0.372,0.089,0.0,,1.23,5.97,0.01482154,,506.0,23.44,0.0,24.7,6.14,1.0,0.0,Benign
VAR03155,57.0,Female,White,,Never,None,No,Breast,APC,,16.0,No,4.4,,0.556,0.707,0.492,0.37,-0.97,0.14361301,0.293,360.0,24.85,56.4,5.9,0.5,14.3,0.0,Benign
VAR03156,39.0,Female,White,33.1,Never,Heavy,,Breast,MSH2,Nonsense,,Yes,21.61,1.0,0.056,0.378,0.351,0.46,5.1,,0.715,,15.14,,13.3,200.0,2.7,40.9,Pathogenic
VAR03157,48.0,Female,White,22.7,Current,None,No,Colorectal,BRCA1,Frameshift,10.0,No,38.96,0.568,0.0,0.767,0.239,4.35,-0.19,1e-07,0.095,379.0,10.09,69.4,,200.0,1.0,63.7,Pathogenic
VAR03158,31.0,Female,,37.9,Never,,Yes,Pancreatic,PTEN,,11.0,Yes,19.72,0.407,,0.88,0.207,2.48,7.74,3.42e-06,0.496,302.0,1.93,86.0,26.1,71.89,981.9,100.0,Pathogenic
VAR03159,43.0,Female,White,28.2,,Moderate,No,Lung,TP53,Synonymous,,No,,0.178,,0.0,0.168,2.21,-6.0,4.66e-06,0.732,335.0,17.23,0.0,3.7,200.0,102.8,,Benign
VAR03160,74.0,Female,White,28.7,Never,Heavy,Yes,Colorectal,,Missense,20.0,Yes,24.74,0.378,0.0,0.0,,-2.18,3.1,0.08944886,0.02,214.0,4.32,3.5,23.7,0.68,,35.2,Benign
VAR03161,54.0,Female,,19.4,Never,None,No,Prostate,PALB2,Missense,20.0,No,17.66,0.326,0.603,0.179,0.0,-2.74,,3.6e-07,0.263,236.0,,0.0,29.2,,23.7,54.6,Benign
VAR03162,77.0,Female,Black,24.4,Never,Moderate,Yes,,,Splice_site,7.0,Yes,24.47,1.0,0.41,,0.293,-2.65,5.18,2.11e-06,,268.0,,0.0,33.9,,5.9,26.5,Pathogenic
VAR03163,,Female,White,32.7,Current,Heavy,No,Colorectal,PALB2,Missense,,Yes,0.0,0.0,0.649,0.0,0.368,6.2,10.0,0.00348092,0.02,234.0,0.0,0.0,34.1,,5.6,78.8,Benign
VAR03164,52.0,Female,White,28.3,Never,None,No,Lung,MLH1,Nonsense,18.0,Yes,24.47,1.0,,0.886,1.0,2.74,8.8,1e-07,0.808,314.0,10.94,45.1,,10.31,7.1,26.0,Pathogenic
VAR03165,64.0,Male,Hispanic,28.0,Current,Moderate,Yes,,TP53,Synonymous,25.0,Yes,0.0,0.0,0.421,0.341,0.0,-4.64,-1.38,0.00158983,0.096,245.0,13.17,,2.5,0.19,4.8,0.0,Benign
VAR03166,,Male,White,28.6,Former,None,Yes,Lung,BRCA2,,24.0,No,15.73,0.425,,1.0,0.486,6.2,10.0,,0.486,500.0,0.0,59.8,6.4,4.46,22.8,100.0,Pathogenic
VAR03167,55.0,Female,Hispanic,20.3,Never,,Yes,Prostate,BRCA2,Frameshift,16.0,,24.23,0.797,0.018,,0.134,5.65,1.94,1.1e-07,,,11.1,11.6,6.3,,998.8,,Pathogenic
VAR03168,51.0,,White,27.0,,,Yes,,ATM,Missense,20.0,Yes,35.55,0.463,,1.0,0.484,,0.29,1.286e-05,,403.0,26.64,78.2,20.8,5.78,164.0,5.1,Pathogenic
VAR03169,75.0,Female,White,34.5,Never,None,No,Ovarian,BRCA1,Nonsense,17.0,No,0.0,0.039,,,,3.48,-1.5,0.04402565,0.02,305.0,10.41,30.9,41.6,107.63,36.9,0.0,Benign
VAR03170,69.0,Female,White,32.9,,None,Yes,Colorectal,CHEK2,Missense,17.0,No,0.0,0.0,,0.0,0.637,,7.72,,0.509,99.0,10.68,0.0,9.4,0.26,1.5,0.0,Benign
VAR03171,41.0,Female,Asian,26.9,Former,Moderate,No,,MSH2,Missense,15.0,Yes,0.0,,1.0,0.045,0.412,-4.34,7.37,0.00317129,0.749,,0.0,26.8,16.4,0.6,51.5,0.0,Benign
VAR03172,72.0,Male,White,35.3,Never,Moderate,No,Colorectal,CHEK2,Missense,7.0,No,34.62,0.391,0.29,0.0,0.77,,-2.33,0.00076457,0.06,,2.96,52.3,43.6,0.1,1.0,21.0,Benign
VAR03173,,Female,White,21.2,,Moderate,No,Prostate,ATM,Missense,11.0,Yes,36.64,0.536,0.0,1.0,0.215,-2.38,4.71,2.31e-06,0.839,,0.0,61.7,0.0,,7.0,34.8,Pathogenic
VAR03174,40.0,Female,White,22.6,Former,Moderate,Yes,Lung,BRCA2,Missense,20.0,Yes,12.92,0.38,0.0,1.0,1.0,3.4,9.15,1e-07,0.679,312.0,27.18,0.0,49.4,27.75,1.9,100.0,Pathogenic
VAR03175,59.0,Male,White,36.8,Never,Heavy,No,Breast,BRCA2,Missense,20.0,No,28.3,0.0,0.748,0.197,0.143,3.55,10.0,9e-07,0.543,75.0,11.92,0.0,33.2,15.7,6.9,0.3,Benign
VAR03176,49.0,Female,Hispanic,30.4,Former,None,Yes,Colorectal,BRCA2,Nonsense,13.0,Yes,,1.0,0.328,1.0,0.394,0.73,5.0,0.00245002,,273.0,14.79,,9.4,4.58,18.9,42.2,Pathogenic
VAR03177,,Female,Other,26.1,,None,No,Breast,BRCA1,Missense,4.0,No,43.88,0.678,,0.774,,6.2,9.51,0.17902445,,229.0,8.49,0.0,15.9,,5.9,71.1,Benign
VAR03178,60.0,Female,White,,Former,None,No,Breast,CHEK2,Synonymous,4.0,No,12.13,0.0,0.793,0.359,0.0,0.58,2.37,0.00869462,0.02,343.0,,21.9,52.6,0.2,16.4,62.0,Benign
VAR03179,59.0,Male,White,23.5,,Moderate,,Breast,TP53,Missense,25.0,,16.91,0.411,0.271,0.477,0.054,,,,0.826,370.0,34.25,0.0,13.0,8.05,24.8,43.0,Benign
VAR03180,68.0,Female,White,28.9,Never,Moderate,No,Lung,MLH1,,4.0,No,21.19,0.172,0.0,,0.0,3.71,7.19,1.42e-06,0.209,557.0,7.15,,34.9,0.44,457.0,0.0,Benign
VAR03181,70.0,Male,Other,28.5,Never,,,Lung,PALB2,Frameshift,8.0,No,31.4,0.764,0.306,0.0,0.215,6.2,1.91,0.00069804,0.02,,7.16,52.8,58.7,,,69.6,Benign
VAR03182,65.0,Male,White,27.6,Never,None,Yes,Colorectal,,Splice_site,2.0,No,,0.441,1.0,0.532,,-8.43,2.27,5.58e-05,0.323,258.0,13.58,97.9,21.2,26.63,2.8,9.0,VUS
VAR03183,74.0,Female,White,21.7,Never,Moderate,,Colorectal,,Missense,6.0,,30.04,0.088,0.68,0.491,0.0,3.75,-0.51,3.259e-05,0.298,273.0,26.34,0.0,21.8,1.14,,0.0,Benign
VAR03184,63.0,Male,Other,28.8,Former,Moderate,No,Ovarian,PALB2,Missense,23.0,,,1.0,0.625,0.0,0.0,,4.5,6.9e-07,0.491,,18.69,76.0,61.8,4.22,44.5,0.0,VUS
VAR03185,58.0,Female,Other,24.9,Never,None,No,Prostate,BRCA2,Missense,8.0,No,2.31,0.0,0.993,1.0,0.0,0.25,,0.5,,413.0,,,2.4,0.1,18.8,44.8,Benign
VAR03186,72.0,Female,White,22.6,Never,None,,Pancreatic,,Missense,23.0,No,8.14,,0.138,0.774,0.073,-5.46,9.13,7.212e-05,1.0,183.0,16.82,84.7,21.7,2.25,1507.6,4.0,Benign
VAR03187,55.0,Female,White,33.8,,None,No,Lung,,Missense,22.0,No,22.5,,0.66,0.778,0.581,4.38,8.43,,0.02,293.0,11.84,0.0,29.7,1.5,136.6,21.8,Benign
VAR03188,56.0,Male,Black,38.3,Never,Moderate,,Breast,,Missense,19.0,Yes,2.8,0.483,0.801,0.415,0.0,-0.95,-2.14,0.01636841,0.02,303.0,0.0,63.4,0.0,122.12,496.6,0.0,Pathogenic
VAR03189,78.0,Female,Hispanic,37.2,Never,,Yes,Prostate,TP53,Missense,8.0,No,34.0,0.0,0.093,0.0,0.362,5.78,,0.5,0.02,,20.99,21.2,1.1,1.46,52.0,45.8,Benign
VAR03190,77.0,Female,White,,Former,None,Yes,Prostate,,,27.0,Yes,28.89,0.0,0.728,0.0,0.0,,,,0.035,399.0,0.0,48.2,,0.1,,0.0,Benign
VAR03191,56.0,Male,White,26.2,Current,Heavy,Yes,Breast,ATM,Splice_site,,No,8.62,0.0,1.0,0.148,0.0,-0.44,1.77,0.00044313,0.544,345.0,4.8,43.3,29.3,1.49,,0.0,Benign
VAR03192,49.0,Female,White,27.1,,Moderate,No,Ovarian,MSH2,Missense,21.0,No,0.0,1.0,0.23,0.735,,,,3.7e-07,0.299,298.0,0.0,43.7,13.3,2.96,23.3,14.2,VUS
VAR03193,,Male,White,29.5,Current,,Yes,Ovarian,MSH2,Splice_site,10.0,Yes,43.77,0.265,0.0,,0.469,6.2,2.94,0.00038569,0.659,347.0,9.33,100.0,20.4,78.44,17.0,0.0,Benign
VAR03194,66.0,Male,White,25.4,Current,Moderate,Yes,Lung,MLH1,Missense,,Yes,0.0,0.615,0.541,,0.0,6.2,,0.5,0.093,392.0,,100.0,36.1,2.52,9.4,,VUS
VAR03195,60.0,Female,Hispanic,34.1,Former,Moderate,No,,PALB2,Missense,18.0,No,19.68,0.0,0.228,,0.0,6.2,4.87,0.5,0.516,533.0,25.02,44.2,32.8,0.97,189.7,0.0,Benign
VAR03196,48.0,Male,White,,Current,None,No,Breast,PTEN,Missense,17.0,,15.02,1.0,0.129,0.711,0.695,6.2,,0.00062536,,,7.1,48.8,0.0,3.61,,57.0,Pathogenic
VAR03197,60.0,Male,White,26.0,Never,None,No,Breast,BRCA1,,16.0,No,27.79,0.0,0.137,0.204,0.307,,-0.4,6.837e-05,0.409,194.0,26.49,82.4,25.3,200.0,240.6,,Benign
VAR03198,56.0,Female,,31.5,Never,Moderate,No,,PALB2,,19.0,No,0.0,0.199,,0.0,0.636,0.3,7.82,0.00014224,,,0.0,85.5,31.9,,78.1,25.6,Benign
VAR03199,43.0,Male,,23.3,Former,Moderate,,Lung,PALB2,Splice_site,27.0,Yes,17.57,,0.641,1.0,0.201,6.13,6.65,1e-07,0.124,,0.0,45.0,20.5,2.62,63.6,41.9,Pathogenic
VAR03200,58.0,,,,Never,None,Yes,Colorectal,PALB2,Missense,24.0,No,14.9,0.0,0.536,0.069,0.327,2.2,-3.74,2.578e-05,1.0,363.0,0.0,23.0,,22.47,120.8,0.0,Benign
VAR03201,,,Asian,30.5,Never,Moderate,No,,CHEK2,Missense,,No,,0.437,0.0,0.333,,,,1.96e-06,0.02,297.0,16.71,0.0,35.9,0.2,1.0,61.6,Benign
VAR03202,51.0,Male,,35.1,Never,None,Yes,Lung,BRCA1,Synonymous,25.0,No,,0.052,0.734,0.628,0.077,-4.71,3.53,0.06930503,0.636,307.0,0.0,33.6,27.8,0.47,41.3,0.0,Benign
VAR03203,67.0,Female,Asian,21.0,Never,None,Yes,,APC,,10.0,No,,0.503,0.435,0.0,0.848,-4.53,10.0,0.10309048,0.733,362.0,0.0,34.6,20.3,0.87,1.0,46.1,VUS
VAR03204,,Female,White,20.7,Never,Moderate,Yes,Breast,BRCA2,Nonsense,7.0,Yes,43.0,,0.144,1.0,0.182,2.86,10.0,0.5,0.148,,38.15,81.8,26.5,0.1,85.0,4.4,Pathogenic
VAR03205,69.0,Female,White,22.8,Never,Moderate,Yes,Colorectal,PALB2,Synonymous,6.0,Yes,23.86,0.0,1.0,0.196,0.103,-0.96,10.0,,0.474,472.0,,96.5,0.0,21.73,1.0,0.0,Benign
VAR03206,48.0,Female,,19.8,Current,,Yes,,CHEK2,Nonsense,19.0,,22.46,1.0,0.0,,0.578,2.74,-0.21,,0.15,248.0,33.83,92.4,47.4,0.86,5.0,31.4,Pathogenic
VAR03207,62.0,,White,20.2,Never,Moderate,,,APC,Missense,13.0,,18.44,,0.0,0.904,0.0,5.94,10.0,1e-07,0.634,364.0,27.44,84.8,45.8,6.52,11.5,39.2,Pathogenic
VAR03208,57.0,,White,22.6,Former,Heavy,No,,CHEK2,Synonymous,23.0,Yes,,1.0,0.046,,0.571,-5.79,10.0,0.00027667,0.247,387.0,17.29,11.0,,0.69,7.8,12.0,Benign
VAR03209,,Female,,33.7,,None,Yes,Pancreatic,CHEK2,Missense,23.0,No,11.99,0.0,,0.0,0.0,-3.39,,5.055e-05,0.341,579.0,23.62,3.4,24.3,5.07,25.0,18.1,Benign
VAR03210,,Female,Black,25.9,Never,None,No,Ovarian,TP53,Synonymous,15.0,No,20.8,0.0,0.632,0.0,0.224,-2.96,-1.67,,0.095,375.0,2.23,51.9,32.3,,88.5,0.0,Benign
VAR03211,58.0,Male,White,27.7,Current,None,No,Ovarian,MSH2,Missense,6.0,Yes,10.38,0.074,,1.0,0.703,4.23,5.44,1e-07,0.097,193.0,0.0,44.9,24.5,1.11,2000.0,,Benign
VAR03212,90.0,Female,Hispanic,,Never,None,No,Breast,CHEK2,Missense,4.0,Yes,0.0,0.0,0.916,0.943,0.13,1.4,-1.25,0.5,0.02,471.0,,,,,3.0,0.0,Benign
VAR03213,75.0,Male,Black,30.7,,None,Yes,Lung,BRCA1,Missense,26.0,No,36.14,0.601,0.042,0.0,0.057,2.04,-6.41,1.298e-05,,271.0,1.07,0.0,46.6,0.15,21.1,45.8,Benign
VAR03214,65.0,Male,,36.9,Former,None,,Breast,ATM,,9.0,No,0.0,0.145,0.612,0.0,0.068,-3.75,-8.13,0.00027638,,225.0,14.42,0.0,0.0,1.28,12.3,35.3,Benign
VAR03215,59.0,Female,White,23.1,Never,None,,,APC,Missense,1.0,Yes,,0.0,0.845,0.0,,0.68,-8.63,1e-07,1.0,466.0,18.63,0.0,29.9,0.1,1.1,36.4,Benign
VAR03216,54.0,Female,,36.1,Never,Moderate,Yes,Breast,APC,Missense,11.0,No,31.41,0.406,0.0,1.0,0.29,,,0.00096548,0.903,335.0,1.72,70.2,7.0,127.58,1.0,,Pathogenic
VAR03217,43.0,Male,,29.3,Current,None,No,Lung,TP53,Missense,22.0,No,15.38,0.0,0.0,0.0,0.0,,5.03,0.22039887,0.338,298.0,0.0,,1.3,0.56,1.5,,Benign
VAR03218,33.0,Female,,27.6,Never,None,No,Pancreatic,MSH2,Missense,3.0,No,0.0,0.6,0.0,0.061,0.081,2.18,-5.34,5.26e-06,0.76,505.0,4.75,,19.7,0.29,3.8,,Benign
VAR03219,,Male,,,Former,Moderate,Yes,Breast,PALB2,Missense,,No,12.61,,0.447,0.0,0.763,-0.94,5.85,0.11511404,0.548,264.0,26.23,0.0,0.0,,7.8,11.1,VUS
VAR03220,51.0,Female,White,,Never,None,,Lung,MSH2,Splice_site,12.0,Yes,32.62,0.72,,1.0,0.84,4.32,9.5,0.00043827,0.367,263.0,2.0,0.0,0.0,20.85,1.0,24.9,Pathogenic
VAR03221,,,White,36.8,,None,No,Prostate,CHEK2,Frameshift,25.0,Yes,21.46,0.458,0.0,0.0,0.097,2.46,7.21,7.6e-07,1.0,375.0,36.86,25.1,0.0,2.32,12.9,75.6,VUS
VAR03222,,Female,Hispanic,30.1,Never,Heavy,Yes,Breast,PALB2,Missense,13.0,Yes,0.0,0.671,0.261,1.0,0.44,-0.54,10.0,1e-07,0.923,72.0,0.0,16.2,13.3,59.79,,0.0,Pathogenic
VAR03223,53.0,,White,30.2,Former,Moderate,No,Pancreatic,PTEN,Missense,15.0,Yes,34.97,0.99,0.0,0.99,0.628,-2.13,2.16,0.0007299,0.031,338.0,28.66,0.0,31.6,0.88,1.7,17.8,Benign
VAR03224,50.0,,White,,Never,Moderate,No,Lung,,Missense,13.0,No,31.82,,,1.0,0.0,,10.0,,0.863,329.0,14.11,35.8,36.9,0.66,164.4,40.9,VUS
VAR03225,43.0,Male,Black,31.7,Current,,,Colorectal,PALB2,Nonsense,,,28.54,1.0,,1.0,0.354,3.06,10.0,1e-07,0.756,226.0,20.48,43.7,57.6,4.27,1.0,,Pathogenic
VAR03226,,Female,Hispanic,22.7,Former,Heavy,Yes,Lung,PTEN,Missense,2.0,No,29.56,0.63,,1.0,0.0,,-1.4,0.00111984,,318.0,21.06,0.0,14.7,3.4,,43.9,Benign
VAR03227,78.0,Male,White,28.0,Former,None,No,Breast,TP53,Synonymous,2.0,No,34.52,0.946,0.589,0.669,1.0,-2.82,10.0,1.956e-05,0.375,349.0,0.0,0.0,36.4,19.36,8.6,60.6,Benign
VAR03228,65.0,Female,White,41.9,Never,,No,Breast,BRCA2,,16.0,No,0.0,0.0,0.0,0.0,0.364,4.65,-5.25,0.00150714,0.32,315.0,2.03,48.7,25.2,15.21,18.6,14.6,Benign
VAR03229,49.0,Female,White,16.0,Former,Moderate,No,Colorectal,PTEN,Missense,11.0,No,0.0,0.547,,0.005,0.0,2.49,0.7,3.94e-05,0.02,410.0,3.94,,,0.84,,4.9,Benign
VAR03230,55.0,Male,,,,None,,Lung,ATM,Splice_site,5.0,No,21.39,0.0,0.253,0.423,,-1.32,10.0,,,350.0,22.97,0.0,28.7,0.1,30.9,38.1,Benign
VAR03231,53.0,Female,White,,,Moderate,Yes,,APC,Missense,21.0,Yes,29.5,1.0,0.485,1.0,0.0,-1.81,7.94,,0.924,,9.82,17.4,,,1.0,0.0,VUS
VAR03232,,,Black,,Current,None,No,Colorectal,BRCA1,Synonymous,,,0.0,0.497,1.0,0.197,0.876,0.96,,0.5,0.044,397.0,25.96,,30.6,0.15,8.0,0.0,Benign
VAR03233,46.0,Female,Hispanic,26.5,Never,None,,Breast,MLH1,Synonymous,3.0,Yes,25.15,0.0,0.694,0.491,0.0,,2.92,,0.594,,31.5,93.0,14.9,1.92,47.3,53.7,Benign
VAR03234,69.0,Female,,28.0,Current,Moderate,Yes,Breast,,Missense,5.0,Yes,12.65,0.0,0.0,0.025,,,4.09,3.8e-07,0.88,650.0,14.22,,32.5,7.52,51.3,,Benign
VAR03235,47.0,Female,White,26.2,Current,Moderate,Yes,Pancreatic,ATM,Splice_site,,Yes,13.86,,0.09,0.683,0.42,2.42,7.77,,,433.0,15.72,100.0,10.7,200.0,4.8,0.0,Pathogenic
VAR03236,42.0,Male,White,28.6,Never,Moderate,No,Breast,TP53,Missense,13.0,No,15.72,0.479,0.0,0.0,,-4.32,,0.00046808,1.0,262.0,0.0,22.3,32.6,200.0,1.1,100.0,Benign
VAR03237,55.0,Female,White,25.1,,,,Prostate,ATM,Missense,9.0,Yes,13.37,0.445,0.388,,0.0,2.69,-7.26,,0.277,131.0,15.05,3.4,24.1,6.22,61.1,,Benign
VAR03238,58.0,Male,White,37.6,Never,None,No,Breast,,,15.0,,6.61,0.251,,0.0,0.0,2.13,-6.54,,0.512,245.0,1.76,0.0,0.0,,50.0,0.0,Benign
VAR03239,,Female,White,,Never,Moderate,No,Breast,PTEN,Synonymous,10.0,No,14.05,0.035,0.0,0.0,,,-4.11,0.05888971,1.0,95.0,25.75,37.3,19.5,0.19,1.1,0.0,Benign
VAR03240,51.0,Male,Asian,30.3,,None,Yes,,MLH1,Missense,3.0,No,37.86,1.0,0.0,0.589,0.461,1.91,10.0,2.4e-07,0.925,393.0,0.0,19.2,38.8,,,99.3,Pathogenic
VAR03241,,,White,24.2,Never,Moderate,No,Colorectal,BRCA1,Missense,18.0,No,22.4,0.0,1.0,0.35,0.424,-5.46,-6.88,0.06658016,0.275,,0.0,0.0,19.7,,5.5,0.0,Benign
VAR03242,62.0,Female,White,32.2,Former,Moderate,,Ovarian,,Synonymous,19.0,No,9.69,0.204,0.465,,0.0,3.57,,0.02463903,0.126,235.0,19.31,73.6,26.1,3.16,2.2,0.0,Benign
VAR03243,85.0,Male,White,,Current,,No,Prostate,MSH2,Frameshift,,No,3.74,0.0,0.112,0.103,,,9.61,0.06685695,0.161,386.0,30.41,19.6,13.4,3.29,19.5,,Benign
VAR03244,,,Other,,,None,No,Colorectal,ATM,Missense,7.0,,11.77,0.0,0.741,0.761,,-1.14,4.9,0.35944431,0.112,279.0,16.46,29.0,17.1,0.17,387.3,0.0,Benign
VAR03245,75.0,Female,White,22.4,Never,Moderate,No,,MLH1,Missense,17.0,,26.76,0.0,0.32,0.982,0.491,6.2,9.75,,0.88,,24.25,27.3,,9.47,1.0,,Benign
VAR03246,88.0,Female,Hispanic,23.7,,None,,Lung,CHEK2,Frameshift,21.0,Yes,37.92,0.445,,,0.688,5.87,2.81,2.7e-07,0.747,291.0,15.96,55.3,14.2,0.63,22.1,12.7,Pathogenic
VAR03247,62.0,Female,,35.9,Never,None,No,Ovarian,PTEN,Frameshift,25.0,Yes,22.85,1.0,,1.0,,,,1.06e-06,0.608,328.0,37.32,,1.3,7.08,4.6,88.8,Pathogenic
VAR03248,58.0,Male,White,23.7,Never,Heavy,No,Lung,,Missense,17.0,No,8.88,0.0,1.0,0.0,,-4.88,8.05,0.00061634,0.258,462.0,9.96,0.0,,145.32,86.9,24.2,Benign
VAR03249,68.0,Male,Black,30.7,Never,None,,,CHEK2,Missense,3.0,No,39.56,0.536,,,1.0,,8.25,3.02e-06,0.701,421.0,,100.0,8.3,0.32,125.9,,VUS
VAR03250,49.0,Male,White,22.8,Former,Moderate,No,Pancreatic,PTEN,Missense,10.0,No,19.8,0.0,1.0,0.0,0.0,-1.83,6.41,6.331e-05,0.02,478.0,9.6,16.0,,3.43,1.5,21.2,Benign
VAR03251,,Male,White,32.5,Never,None,No,Colorectal,TP53,,7.0,No,10.39,0.194,0.046,0.0,0.0,2.18,-6.73,0.04753411,1.0,,3.05,35.3,0.0,1.0,196.7,52.9,Benign
VAR03252,48.0,Male,White,24.1,Never,None,No,Ovarian,MSH2,Synonymous,27.0,No,25.96,0.104,0.523,0.0,0.0,,5.0,0.03380804,0.237,121.0,,51.5,,,102.6,30.9,Benign
VAR03253,61.0,Female,,,Never,Moderate,No,Colorectal,MSH2,Missense,,No,,0.0,0.467,1.0,,,3.87,0.00301809,0.02,,10.32,2.3,4.2,3.22,8.8,11.1,Benign
VAR03254,44.0,Female,Hispanic,23.9,Current,None,Yes,Ovarian,,Frameshift,11.0,Yes,33.18,1.0,0.0,0.625,0.545,6.2,5.55,1e-07,1.0,,20.16,0.0,3.0,,183.3,60.5,Pathogenic
VAR03255,47.0,Male,Hispanic,24.7,Former,,,Colorectal,PTEN,Missense,,No,37.54,0.011,0.653,0.002,0.856,-3.26,-3.01,0.32055161,0.822,421.0,0.0,0.0,,14.35,,0.0,Benign
VAR03256,60.0,Female,White,29.5,Former,,Yes,Breast,TP53,Synonymous,9.0,No,22.7,0.632,,0.435,0.022,2.4,4.89,0.0466419,,322.0,0.0,0.0,0.0,11.98,1683.8,0.0,VUS
VAR03257,54.0,,Black,27.8,Former,Moderate,Yes,Breast,PTEN,,20.0,No,33.53,0.506,1.0,0.0,0.44,0.85,-5.42,0.5,,459.0,0.0,0.0,32.4,105.8,15.1,59.0,Benign
VAR03258,31.0,Male,White,22.0,Never,Moderate,No,Pancreatic,BRCA1,Synonymous,4.0,No,6.68,0.056,0.779,0.277,0.0,-3.8,-1.92,3.055e-05,0.771,434.0,0.0,0.0,,13.89,287.5,0.0,Benign
VAR03259,37.0,Male,White,27.4,Never,Moderate,Yes,Pancreatic,TP53,Synonymous,26.0,No,0.5,0.0,,0.545,0.104,6.2,,0.5,0.51,,,,33.1,10.62,3.0,0.0,Benign
VAR03260,,Male,,,Never,,No,Breast,,Synonymous,11.0,No,,0.0,0.615,0.978,,-0.11,7.36,0.00869217,0.02,512.0,16.67,56.7,21.1,0.1,1.0,0.0,Benign
VAR03261,41.0,Female,White,30.7,Never,None,,Pancreatic,PALB2,Missense,,,0.0,1.0,0.0,1.0,0.699,6.2,9.54,1e-07,0.573,,18.19,99.9,44.8,37.14,91.8,0.0,Benign
VAR03262,61.0,Male,Hispanic,31.6,Current,,No,Prostate,ATM,,25.0,No,,0.404,0.0,0.391,0.524,0.54,-2.1,0.5,0.354,329.0,20.44,0.0,22.0,13.61,2.1,,Pathogenic
VAR03263,59.0,Female,White,27.4,,Heavy,No,Breast,MSH2,Missense,5.0,No,24.24,0.243,,0.083,0.0,-1.01,-6.2,,0.246,368.0,19.48,0.0,18.2,0.48,,,Benign
VAR03264,69.0,Female,Hispanic,28.9,Former,Moderate,,Prostate,ATM,Missense,13.0,No,22.64,0.095,,0.315,0.385,-1.81,-2.46,0.00107228,0.243,476.0,,26.3,43.0,154.82,,12.1,VUS
VAR03265,,Male,White,36.3,Former,Moderate,No,Pancreatic,CHEK2,Synonymous,1.0,No,0.0,,,0.414,0.0,-1.09,8.9,,0.666,369.0,7.32,81.6,18.9,19.11,101.0,0.0,Benign
VAR03266,,Male,White,26.7,Current,Moderate,Yes,Lung,BRCA2,Missense,14.0,Yes,,0.385,0.357,0.876,0.47,6.2,7.73,0.00348207,0.02,247.0,32.61,0.0,0.0,8.03,,1.3,Pathogenic
VAR03267,,Male,Hispanic,22.8,Never,None,No,,,Missense,9.0,No,6.2,0.244,0.825,,,-3.59,0.16,0.01042179,0.851,191.0,0.0,,31.0,12.87,173.3,0.0,Benign
VAR03268,55.0,Male,White,30.4,Current,None,Yes,Ovarian,PALB2,Missense,20.0,Yes,35.48,1.0,0.0,0.409,0.028,6.2,7.53,1e-07,,291.0,,0.0,,14.01,17.7,,Benign
VAR03269,70.0,Male,White,21.8,Former,None,No,Colorectal,BRCA2,Missense,,No,16.1,0.0,0.081,,0.0,-0.92,,0.00226922,0.02,245.0,19.11,,27.3,3.78,365.3,0.0,Benign
VAR03270,68.0,Female,Asian,26.4,Never,Moderate,Yes,Lung,BRCA2,Missense,17.0,,7.9,,0.92,0.356,0.404,,-5.67,0.40175173,0.228,342.0,,0.0,15.5,1.63,97.8,54.8,Benign
VAR03271,,,White,,Former,None,,Colorectal,BRCA1,Missense,25.0,Yes,25.34,,0.494,0.007,0.0,2.7,-0.6,0.00025553,0.483,,8.46,60.8,26.7,45.13,1.1,0.0,VUS
VAR03272,71.0,Male,White,24.0,,None,,Ovarian,TP53,Missense,26.0,No,21.3,0.765,0.082,1.0,0.709,,6.7,1.05e-06,1.0,278.0,0.0,54.9,34.3,0.14,79.8,4.6,VUS
VAR03273,,Male,White,26.2,,Moderate,Yes,Lung,,Nonsense,,Yes,25.97,0.581,,,,5.55,,2.05e-06,0.818,453.0,,100.0,3.4,7.74,30.8,66.8,Benign
VAR03274,49.0,Female,Black,32.0,Former,Moderate,,Prostate,BRCA2,,,,33.74,0.045,0.0,,0.787,6.2,10.0,0.00084288,0.993,502.0,0.0,81.3,0.0,112.88,3.7,0.0,VUS
VAR03275,52.0,Female,Black,33.0,Former,Moderate,No,Prostate,PALB2,Missense,22.0,No,0.0,0.0,0.742,0.696,0.043,1.9,5.55,0.5,,234.0,21.16,0.0,19.5,3.21,52.8,70.8,Benign
VAR03276,,Female,Hispanic,32.1,Current,Moderate,Yes,,TP53,Missense,4.0,,38.03,0.431,0.867,0.547,0.411,6.2,1.64,1e-07,0.431,280.0,6.91,26.3,40.7,,81.0,78.3,Benign
VAR03277,76.0,,White,29.2,Former,Moderate,,Colorectal,,Synonymous,13.0,No,0.0,0.0,0.446,0.0,0.102,1.85,-20.0,3.28e-06,1.0,295.0,0.77,65.9,1.5,2.49,65.8,43.3,Benign
VAR03278,36.0,Male,White,26.2,Never,None,No,Breast,MLH1,Missense,16.0,No,22.27,,,0.333,0.0,5.5,3.97,0.00018479,0.348,355.0,0.0,0.0,0.0,0.36,,,VUS
VAR03279,70.0,Female,White,,Never,Moderate,Yes,Lung,,,24.0,,35.29,1.0,1.0,1.0,0.921,1.53,,,,358.0,0.0,22.1,25.6,35.81,1.0,13.2,Benign
VAR03280,,,White,29.3,Current,Moderate,No,,,Synonymous,3.0,No,3.29,0.183,0.368,0.17,0.0,-0.05,4.0,9.626e-05,0.077,,43.26,20.9,17.8,59.31,5.5,0.0,Benign
VAR03281,40.0,Male,Hispanic,16.1,Former,,No,Pancreatic,,Synonymous,24.0,Yes,21.51,0.165,0.072,0.647,0.0,,,0.00016436,,,0.0,19.4,,0.84,7.4,3.4,VUS
VAR03282,,Female,White,17.9,Current,Heavy,No,Lung,ATM,Missense,7.0,No,32.3,0.517,0.35,0.0,,-1.09,-5.69,0.18919017,0.02,269.0,20.81,,42.9,,,61.3,Benign
VAR03283,52.0,Female,,26.7,Never,None,No,Ovarian,MLH1,Missense,24.0,No,0.0,0.499,0.326,0.0,,5.38,4.87,2.151e-05,0.427,279.0,0.0,0.0,9.9,4.62,,0.0,Benign
VAR03284,36.0,,Black,28.8,Never,Moderate,,Lung,PTEN,Synonymous,18.0,Yes,,0.0,,0.217,0.0,-4.07,6.28,3.49e-06,0.419,220.0,0.0,0.0,28.5,1.11,59.7,62.7,Benign
VAR03285,60.0,Female,Hispanic,25.2,Current,None,Yes,Breast,ATM,Frameshift,11.0,Yes,,,0.0,0.519,,5.07,,1e-07,0.768,434.0,12.87,56.9,37.1,59.96,,38.3,Benign
VAR03286,65.0,Female,White,,Former,None,No,Breast,TP53,Synonymous,,Yes,4.74,0.501,0.841,0.093,0.151,-0.68,2.87,4.9e-07,0.02,420.0,7.03,10.5,18.3,1.47,110.1,54.0,Benign
VAR03287,70.0,Female,White,29.8,,Moderate,No,Breast,MSH2,Missense,10.0,Yes,20.61,0.303,0.545,0.592,0.464,6.2,-12.28,0.00337935,0.02,358.0,0.0,,37.2,0.27,98.8,27.4,Benign
VAR03288,50.0,,,26.3,Never,None,,Colorectal,BRCA2,Synonymous,20.0,Yes,3.99,0.457,0.277,0.0,0.075,-1.27,1.21,0.00464867,0.166,,,0.0,34.0,,1.0,37.3,Benign
VAR03289,55.0,Female,Black,34.4,Current,None,No,Prostate,APC,Synonymous,6.0,No,27.79,0.0,0.385,0.0,0.441,2.41,0.75,,0.291,442.0,0.0,15.6,25.3,1.73,1.5,49.4,Benign
VAR03290,,Female,White,35.3,Former,Moderate,,Breast,PALB2,Synonymous,,Yes,0.0,,0.427,0.258,0.902,-8.56,7.41,6.4e-06,,403.0,,0.0,15.3,0.58,7.8,8.0,Benign
VAR03291,78.0,Female,Hispanic,30.1,Never,None,No,,BRCA1,,7.0,No,30.76,0.391,0.593,0.0,0.0,,6.85,0.00502271,0.02,400.0,34.27,33.4,47.8,0.75,8.7,0.0,Benign
VAR03292,19.0,,Asian,23.6,Never,Moderate,No,Breast,PALB2,Missense,3.0,No,0.0,0.0,0.329,0.729,0.0,1.89,,0.01662031,0.532,273.0,20.75,,38.3,,1.3,0.0,Benign
VAR03293,44.0,Female,White,24.7,Never,,No,Ovarian,PTEN,Missense,17.0,No,9.42,0.0,,0.268,0.0,-0.7,-11.17,4e-07,0.219,155.0,0.0,40.0,35.3,1.25,19.8,49.8,Benign
VAR03294,56.0,Female,Asian,20.3,Never,Moderate,No,Lung,ATM,Frameshift,22.0,No,0.0,0.0,0.169,0.249,,,-9.25,0.00864652,0.69,233.0,12.35,,,3.53,40.2,72.1,Pathogenic
VAR03295,39.0,Male,White,27.3,Never,Moderate,Yes,,BRCA1,Frameshift,26.0,No,45.12,,1.0,0.391,0.37,1.94,10.0,9.881e-05,0.02,,2.7,0.0,12.3,0.56,52.0,7.7,VUS
VAR03296,53.0,Female,Other,22.2,,Moderate,Yes,Pancreatic,PALB2,Missense,14.0,,4.39,0.954,1.0,0.562,0.57,-0.34,,0.00122037,0.305,294.0,0.0,71.6,0.0,0.24,19.1,55.7,Benign
VAR03297,54.0,Female,White,25.9,Former,,No,Lung,MSH2,Missense,17.0,,0.0,0.0,0.789,,0.028,,-8.31,1.82e-06,1.0,496.0,16.03,55.8,31.4,0.27,35.6,50.0,Benign
VAR03298,46.0,,,,Never,Heavy,Yes,,,Frameshift,19.0,,,0.298,0.208,1.0,0.105,,-6.14,0.00030317,0.267,380.0,9.3,62.5,16.0,2.08,,,VUS
VAR03299,57.0,,White,,Former,None,No,Breast,PTEN,Missense,12.0,Yes,19.53,1.0,0.953,0.0,,-0.5,2.25,1e-07,0.105,,7.68,55.3,26.0,0.79,51.5,48.6,Benign
VAR03300,64.0,,,21.2,Never,None,Yes,Breast,MSH2,Synonymous,1.0,Yes,2.75,0.0,0.697,0.233,0.0,5.35,1.56,,0.733,221.0,6.73,22.2,66.4,0.1,38.5,0.0,Benign
VAR03301,53.0,Male,Other,25.0,Never,Moderate,No,Pancreatic,MSH2,Synonymous,7.0,No,0.0,0.481,0.608,0.222,,4.3,10.0,0.16481907,0.862,243.0,,,44.5,0.16,2.1,71.3,Benign
VAR03302,50.0,Male,White,27.2,Never,Moderate,Yes,Colorectal,,Missense,,Yes,0.0,0.0,0.289,0.363,0.135,-12.0,,0.00073036,0.083,306.0,0.0,0.0,30.1,1.91,1309.3,22.6,Benign
VAR03303,54.0,Female,White,25.0,,Heavy,No,Ovarian,BRCA2,Synonymous,,No,28.08,0.363,0.685,0.937,0.266,-2.84,3.23,0.5,0.114,305.0,2.09,,20.2,1.03,601.8,100.0,Benign
VAR03304,,Female,,26.1,Former,Moderate,No,Breast,APC,Missense,9.0,Yes,,1.0,1.0,0.0,,6.2,0.54,,0.713,380.0,3.32,,,,79.4,12.6,Benign
VAR03305,33.0,Female,White,,Current,Moderate,Yes,Breast,TP53,Missense,6.0,Yes,10.73,0.54,0.59,0.0,0.271,4.62,5.96,4.134e-05,0.476,245.0,11.83,100.0,,63.02,236.1,0.0,Benign
VAR03306,62.0,Male,Hispanic,20.3,Former,None,No,Lung,BRCA2,Synonymous,25.0,No,15.75,,0.421,0.015,0.299,2.73,10.0,0.00052191,0.485,249.0,18.44,31.8,15.0,3.98,31.6,34.7,Benign
VAR03307,50.0,Female,White,24.8,Former,None,No,Ovarian,BRCA1,Missense,3.0,Yes,0.0,0.0,0.599,0.0,0.0,-1.79,6.75,0.5,0.449,416.0,3.54,0.0,17.3,0.1,6.4,44.1,Benign
VAR03308,72.0,Female,Other,26.4,,Moderate,No,Pancreatic,,Missense,22.0,,2.89,,0.571,1.0,0.006,3.87,10.0,,0.329,529.0,8.48,,26.2,,234.8,36.5,Benign
VAR03309,,Female,,,Former,Moderate,No,Colorectal,,Synonymous,,No,3.31,0.0,0.282,,0.0,-6.39,4.21,0.5,0.771,329.0,18.88,77.6,,4.77,30.7,0.1,Benign
VAR03310,,,,28.1,Former,,No,Prostate,APC,Missense,9.0,No,23.46,0.0,0.187,0.472,0.0,-2.07,-9.19,0.00202156,0.933,,2.49,,9.6,0.55,88.1,44.6,Benign
VAR03311,39.0,Female,White,29.6,Former,Heavy,Yes,Breast,BRCA1,Missense,23.0,Yes,,0.0,,1.0,0.246,6.2,1.31,1e-07,,304.0,19.05,0.0,1.7,0.57,1507.3,3.5,Pathogenic
VAR03312,50.0,Female,Other,,Never,None,Yes,,MLH1,Missense,23.0,No,28.87,0.0,,1.0,0.447,4.18,7.19,0.5,0.759,313.0,,62.6,53.4,17.9,,0.0,VUS
VAR03313,,Female,Asian,24.3,Never,Moderate,No,Breast,BRCA1,Missense,11.0,No,36.26,0.166,1.0,0.0,0.395,1.48,-0.72,0.00712074,0.332,297.0,1.53,3.1,,0.95,48.7,,Benign
VAR03314,47.0,Male,Hispanic,,Former,Moderate,No,Breast,,Missense,1.0,No,0.0,0.689,0.775,0.01,,2.29,0.81,0.00047814,0.02,282.0,,2.8,0.0,0.37,1.7,100.0,Benign
VAR03315,72.0,,White,33.9,Former,Moderate,No,Pancreatic,,Synonymous,26.0,Yes,8.26,0.0,0.607,0.38,0.0,1.25,-4.3,0.32316495,0.02,381.0,0.0,0.0,0.0,,10.6,38.6,Benign
VAR03316,75.0,Male,White,29.4,Never,Moderate,No,Prostate,CHEK2,Missense,24.0,No,15.86,,0.992,0.0,0.451,-0.93,9.9,0.5,,388.0,20.56,0.0,33.1,78.46,2.4,0.0,Benign
VAR03317,41.0,Female,,22.7,Current,Moderate,No,Ovarian,,Missense,14.0,No,21.75,0.0,0.105,0.0,0.818,6.2,10.0,9.461e-05,0.794,293.0,,53.1,5.0,,280.0,,Benign
VAR03318,46.0,Female,White,28.9,Never,Heavy,Yes,Colorectal,APC,,1.0,Yes,0.0,0.416,0.355,0.622,0.699,6.2,5.06,,0.086,257.0,,0.0,35.6,,112.6,49.0,Pathogenic
VAR03319,55.0,Female,Black,,Former,None,No,,ATM,Missense,19.0,Yes,13.32,0.0,1.0,0.4,0.039,0.27,-0.58,,,268.0,0.0,92.3,21.1,,18.7,0.0,Benign
VAR03320,64.0,Female,Hispanic,36.1,,None,,Lung,BRCA2,Missense,22.0,No,4.55,,1.0,0.679,0.0,-4.85,8.84,,0.239,,0.0,,44.9,9.7,1.0,0.0,Benign
VAR03321,32.0,Female,White,28.8,Never,None,Yes,,MSH2,Synonymous,23.0,No,6.72,0.365,,0.0,0.099,0.11,8.3,1.549e-05,0.177,232.0,0.0,0.0,6.7,0.47,5.0,34.9,VUS
VAR03322,35.0,Male,White,32.8,Current,Moderate,,Ovarian,PTEN,,,No,40.59,0.256,,0.1,,0.9,-9.47,3.38e-06,0.8,208.0,0.0,0.0,,0.39,5.1,,Benign
VAR03323,,Female,White,21.5,,,No,Breast,BRCA1,Missense,24.0,No,4.6,0.424,0.309,0.172,0.0,-9.56,5.08,,0.458,,0.0,47.6,42.0,12.49,34.0,,Benign
VAR03324,,Male,Asian,27.3,Former,Moderate,No,Prostate,TP53,Missense,14.0,No,15.09,,0.445,0.0,0.581,6.2,3.92,0.00419079,0.649,313.0,7.39,82.1,,200.0,5.6,0.0,Benign
VAR03325,,Female,White,25.8,Current,Moderate,No,Ovarian,MLH1,Synonymous,5.0,Yes,10.4,0.111,0.0,,0.499,-1.48,3.2,0.35848908,,,0.0,29.4,,0.81,8.8,13.6,VUS
VAR03326,58.0,Female,White,29.2,Former,None,Yes,,BRCA1,Missense,19.0,,,0.0,0.814,0.144,,-3.26,-4.73,,0.02,412.0,0.0,0.0,32.0,0.6,1.0,0.0,Benign
VAR03327,61.0,Female,,35.6,,,No,Pancreatic,MSH2,,6.0,No,16.7,1.0,0.881,0.0,0.077,-1.04,-4.59,0.00025736,0.901,314.0,6.76,1.8,21.5,200.0,156.4,38.8,Benign
VAR03328,54.0,Female,Black,,,None,No,Ovarian,MLH1,Missense,,No,22.07,0.0,0.825,0.0,0.038,-1.65,-18.72,0.00084537,0.102,248.0,,22.7,32.5,1.08,1.0,0.0,Benign
VAR03329,,Female,White,22.8,,Moderate,No,Breast,,Missense,5.0,No,0.0,0.771,0.623,0.481,0.0,0.76,,6.456e-05,0.622,339.0,12.97,,0.0,1.17,2.9,26.5,Benign
VAR03330,67.0,Male,Hispanic,21.2,Never,None,No,Ovarian,PALB2,,2.0,No,10.4,0.146,1.0,0.713,0.0,4.09,-11.62,0.00466466,0.195,248.0,9.22,69.2,15.2,,57.5,29.7,Benign
VAR03331,60.0,Male,White,35.7,Never,Moderate,No,Lung,ATM,Frameshift,13.0,Yes,10.96,0.377,0.832,0.378,0.388,6.2,-2.61,0.00072288,0.626,417.0,5.19,0.0,47.4,5.78,135.7,44.3,Benign
VAR03332,44.0,,Other,30.1,Never,Moderate,Yes,Colorectal,BRCA1,Nonsense,16.0,,2.04,0.126,0.0,1.0,0.946,6.2,9.03,3.32e-06,,322.0,20.97,57.3,,8.32,36.8,44.7,Pathogenic
VAR03333,,Male,Asian,,Former,Moderate,Yes,Breast,MSH2,Missense,5.0,,7.22,1.0,0.0,1.0,0.077,-0.73,-2.5,0.07018254,0.525,,23.68,,0.0,30.52,68.5,11.6,VUS
VAR03334,61.0,Female,White,25.8,Current,Moderate,No,Breast,MLH1,Synonymous,,No,22.03,0.006,,0.489,0.0,0.0,9.19,0.5,,,6.87,18.4,28.3,0.13,,,Pathogenic
VAR03335,74.0,Female,White,28.8,Current,Heavy,Yes,Lung,CHEK2,Nonsense,18.0,,20.73,0.461,0.059,0.531,0.831,5.28,10.0,1e-07,,233.0,20.09,28.5,5.8,3.07,1.0,40.5,Pathogenic
VAR03336,66.0,Female,White,22.6,Never,,Yes,,MSH2,Synonymous,22.0,No,49.14,,,0.794,0.0,1.9,2.29,0.20100266,0.02,433.0,0.0,17.0,16.9,24.11,136.3,90.3,Benign
VAR03337,,Male,Black,29.4,Former,None,No,,,,10.0,No,23.17,0.0,0.462,,0.0,,,0.10019549,0.471,,0.0,0.0,48.7,0.1,1.0,,Benign
VAR03338,48.0,Female,Black,21.6,Former,,Yes,Prostate,ATM,Synonymous,18.0,No,15.12,0.373,0.287,0.592,,0.85,-9.4,0.00011332,0.831,389.0,26.11,50.5,0.0,0.15,7.1,,Benign
VAR03339,,Female,White,25.7,Never,None,,Ovarian,APC,,,Yes,50.0,0.206,0.0,0.0,,4.41,7.66,0.0072353,0.501,,5.11,32.5,0.0,21.88,97.3,,Pathogenic
VAR03340,53.0,Male,Other,24.3,Former,None,Yes,Breast,PTEN,Synonymous,,No,20.17,0.246,0.044,0.0,0.0,4.64,-8.05,6e-07,,299.0,,7.4,24.7,2.93,1.4,0.0,Benign
VAR03341,51.0,Female,White,16.0,Never,None,,Ovarian,APC,,23.0,,24.83,0.323,0.408,0.0,0.053,,-6.09,0.00883928,0.578,,14.11,0.0,30.5,1.03,16.7,11.6,VUS
VAR03342,43.0,Male,Hispanic,25.8,Current,Heavy,No,,CHEK2,Synonymous,17.0,No,0.0,0.0,1.0,0.05,0.0,,-7.18,0.00129891,,303.0,0.0,99.8,16.6,4.76,1.0,,Benign
VAR03343,72.0,Female,Black,,Never,Heavy,,Lung,PALB2,Missense,20.0,No,18.48,,0.0,0.0,0.0,4.2,-0.17,5.96e-06,0.232,222.0,12.3,54.0,42.9,6.19,1.0,6.5,Benign
VAR03344,67.0,Male,White,,Former,None,No,Colorectal,BRCA2,Missense,17.0,Yes,30.0,0.583,0.52,0.215,0.0,,0.54,,0.02,399.0,,0.0,17.9,0.38,2.2,10.9,Benign
VAR03345,48.0,Male,White,27.5,,Moderate,Yes,,ATM,Nonsense,19.0,Yes,18.66,0.621,0.426,1.0,0.34,5.79,6.04,0.10023906,0.586,351.0,,61.7,26.9,4.22,3.0,48.0,Pathogenic
VAR03346,61.0,Male,Black,36.3,Former,Moderate,No,Ovarian,APC,Splice_site,,No,0.0,0.531,0.088,0.366,0.0,6.2,-2.4,0.5,0.626,202.0,4.01,6.9,23.0,,18.9,100.0,VUS
VAR03347,,Female,Black,29.0,,None,No,Ovarian,,Missense,2.0,No,0.0,0.374,0.901,0.032,0.0,-0.88,1.47,,0.423,280.0,0.0,0.0,17.4,27.71,1038.7,66.7,Benign
VAR03348,65.0,Female,White,29.2,Never,Moderate,,Ovarian,BRCA2,Missense,1.0,No,35.7,0.699,1.0,0.315,0.151,2.07,-3.58,0.00201622,,230.0,0.0,,35.4,0.1,123.4,16.9,Benign
VAR03349,39.0,Female,Hispanic,30.0,Current,Heavy,,Colorectal,CHEK2,Synonymous,3.0,Yes,9.26,0.0,0.743,0.175,0.198,3.98,1.61,0.00087979,0.49,,0.0,39.8,7.5,1.88,,0.0,Benign
VAR03350,54.0,Female,White,,Never,Heavy,No,Colorectal,MLH1,Missense,26.0,No,30.99,0.28,0.307,0.908,0.0,-4.1,-0.69,0.0022558,0.253,270.0,6.89,12.0,45.3,13.0,47.3,,Benign
VAR03351,51.0,Female,White,29.8,Never,Moderate,Yes,Breast,MLH1,Missense,12.0,Yes,28.3,0.366,0.684,,0.0,3.01,-4.86,,0.336,294.0,7.65,35.9,39.4,200.0,1.0,57.5,Pathogenic
VAR03352,64.0,Female,Hispanic,28.9,Current,None,,Breast,,,27.0,No,0.18,,0.419,,0.0,-2.54,-3.48,0.0002769,,164.0,0.0,29.9,,1.64,279.8,51.5,Benign
VAR03353,48.0,Female,White,,,None,No,Breast,BRCA1,Synonymous,25.0,No,41.62,,,0.337,0.185,0.24,4.23,3.05e-05,0.423,274.0,41.9,57.4,63.1,200.0,,63.7,Benign
VAR03354,,Female,Black,16.0,,Heavy,,Lung,ATM,Frameshift,,Yes,22.15,0.0,0.292,0.066,0.711,,10.0,,,426.0,23.11,100.0,29.6,0.46,,25.8,Pathogenic
VAR03355,42.0,Male,Black,37.9,Never,None,Yes,,BRCA1,Splice_site,,,4.08,0.0,,0.246,0.0,,-6.96,0.00087311,0.134,,0.0,6.9,24.2,8.46,111.2,,Benign
VAR03356,51.0,Female,White,,Never,,Yes,Lung,MSH2,,23.0,Yes,35.25,0.675,0.0,0.854,0.154,4.45,1.69,0.00019345,0.604,195.0,16.5,20.2,30.4,1.14,119.3,47.7,Pathogenic
VAR03357,,Female,White,28.6,Former,None,Yes,Breast,CHEK2,Splice_site,,No,23.43,0.953,0.0,0.641,0.485,3.53,3.68,5.11e-06,0.68,439.0,17.06,42.5,14.6,,,65.9,Pathogenic
VAR03358,78.0,,White,20.4,,Moderate,,Ovarian,ATM,,9.0,No,20.26,0.735,0.461,,,1.19,8.18,0.10718248,0.584,566.0,55.12,47.6,20.5,2.04,,0.6,Benign
VAR03359,,Female,White,33.6,Never,None,Yes,Breast,APC,,22.0,Yes,35.02,,0.137,1.0,,1.7,9.46,0.0009854,0.722,298.0,17.73,84.1,7.0,0.57,2.8,65.5,Pathogenic
VAR03360,57.0,Male,Black,24.0,Never,Moderate,No,,APC,Splice_site,14.0,,15.65,,0.0,0.0,,,-7.26,0.00051383,,376.0,35.49,0.0,46.5,,1.3,8.9,Benign
VAR03361,56.0,Female,White,30.2,Former,Moderate,No,Lung,PALB2,Frameshift,9.0,No,0.0,,0.502,0.534,0.048,-4.93,3.9,0.00169302,0.638,432.0,0.36,100.0,3.9,0.98,1.0,19.3,Benign
VAR03362,66.0,Male,Other,21.1,Never,Moderate,No,Breast,APC,,11.0,Yes,,0.671,0.0,1.0,0.0,-3.34,10.0,,1.0,272.0,2.12,0.0,,0.32,9.8,56.4,Pathogenic
VAR03363,48.0,Male,White,38.6,,None,,Breast,PTEN,Synonymous,,No,0.0,,0.351,0.277,0.0,-2.59,,7.766e-05,0.783,425.0,0.0,,18.2,1.25,57.9,10.5,Benign
VAR03364,54.0,Male,White,,Never,,No,Ovarian,BRCA1,,9.0,No,0.0,0.0,0.716,0.0,,,-4.08,0.00322584,0.77,299.0,18.36,49.6,2.2,20.47,,,Benign
VAR03365,42.0,Male,Asian,27.8,Never,Moderate,No,,MSH2,Missense,,Yes,12.61,0.646,0.39,0.0,0.0,,6.14,0.5,,,0.0,,,1.8,2.6,,Benign
VAR03366,74.0,,White,,,Heavy,No,Prostate,,Missense,,No,0.0,,0.894,0.477,0.0,0.56,1.97,0.00500384,0.668,,0.0,29.3,15.6,1.08,,0.0,Benign
VAR03367,61.0,Female,Black,27.3,Current,,No,Pancreatic,MSH2,Synonymous,2.0,No,0.0,0.098,0.72,0.466,0.305,-1.34,-0.77,0.5,0.707,458.0,,0.0,36.3,,4.4,0.0,Benign
VAR03368,47.0,Female,Black,25.4,Former,Moderate,Yes,Colorectal,MLH1,Missense,4.0,,0.0,0.0,0.0,,0.0,6.2,6.43,1.472e-05,,285.0,1.43,0.0,,0.1,26.9,8.5,Benign
VAR03369,55.0,Male,Asian,33.2,Current,,,Breast,APC,Missense,17.0,Yes,14.1,0.514,1.0,0.891,0.0,1.25,0.78,0.01692106,0.02,386.0,8.12,15.2,12.6,200.0,1.0,26.9,Benign
VAR03370,59.0,Female,White,25.4,Never,Moderate,Yes,Colorectal,CHEK2,Nonsense,,Yes,,0.712,0.162,1.0,0.905,2.21,,6.549e-05,0.02,,0.0,,,4.4,9.5,82.9,Pathogenic
VAR03371,53.0,,White,33.2,Never,,No,Colorectal,TP53,Synonymous,4.0,No,0.02,,0.271,0.978,0.187,-4.31,6.22,0.01499087,0.233,195.0,0.0,70.3,31.0,18.6,2.2,20.3,Benign
VAR03372,45.0,Female,Other,22.4,Never,Moderate,No,Colorectal,MLH1,,13.0,Yes,21.7,0.737,0.0,1.0,0.742,6.2,3.34,4.9e-07,0.294,296.0,30.99,8.9,68.7,,,49.4,Benign
VAR03373,43.0,,White,26.1,Never,None,No,Breast,PALB2,Nonsense,12.0,Yes,37.67,0.486,0.0,0.892,0.12,-1.58,-0.78,1e-07,0.02,410.0,29.22,53.3,48.3,0.52,,,Pathogenic
VAR03374,60.0,,Hispanic,26.2,Former,,,Breast,BRCA1,Synonymous,,,10.61,0.0,0.657,,0.0,-3.12,2.85,0.5,0.513,290.0,2.54,56.9,51.7,0.17,,0.0,Benign
VAR03375,51.0,Female,Black,30.0,Former,Moderate,No,Breast,BRCA2,Frameshift,25.0,No,26.68,0.0,,0.031,0.035,-3.11,10.0,8.8e-07,0.02,480.0,7.47,15.6,,69.47,152.0,0.0,Benign
VAR03376,50.0,Female,,29.3,Never,None,No,Ovarian,APC,Missense,26.0,No,5.52,0.0,,0.14,0.135,0.34,-13.53,1.34e-06,0.02,329.0,0.0,17.8,28.0,0.44,1.0,,Benign
VAR03377,,Female,Hispanic,31.1,,Moderate,No,Colorectal,PALB2,Missense,2.0,No,0.0,,0.107,0.0,1.0,2.12,,0.06669428,1.0,202.0,,,33.3,1.07,3.4,0.0,Pathogenic
VAR03378,57.0,Female,Other,28.8,Current,None,No,Prostate,BRCA2,Frameshift,22.0,No,25.11,0.401,0.619,0.0,0.075,,,0.00031292,0.562,,,0.0,0.0,0.49,,17.9,Benign
VAR03379,50.0,,White,30.8,Former,,Yes,Breast,BRCA1,,26.0,Yes,23.1,0.476,0.625,0.293,,3.14,3.13,5.65e-06,0.341,250.0,38.1,2.7,17.8,0.1,1852.9,,Benign
VAR03380,52.0,,Black,23.0,Never,Moderate,Yes,Lung,BRCA1,Missense,17.0,No,0.0,0.002,,0.575,1.0,-5.86,-3.27,1.81e-06,0.02,465.0,,76.5,36.6,1.51,481.8,0.0,Benign
VAR03381,59.0,Male,Hispanic,29.4,,None,,,MSH2,Missense,27.0,No,22.06,0.163,,1.0,0.761,6.2,6.49,0.01300848,0.02,376.0,0.0,76.6,37.6,2.08,166.4,5.4,Benign
VAR03382,62.0,Female,White,35.5,Never,None,Yes,Breast,BRCA2,Splice_site,22.0,Yes,50.0,0.415,1.0,1.0,0.516,6.01,10.0,0.00028101,0.259,313.0,20.32,90.4,45.0,46.3,106.1,40.0,Pathogenic
VAR03383,65.0,Female,Asian,,Never,Moderate,No,,,Synonymous,19.0,Yes,,0.0,1.0,0.33,0.522,3.08,-5.73,3.8e-07,0.122,402.0,2.31,33.6,24.4,0.94,154.5,7.2,Benign
VAR03384,63.0,Male,White,29.9,Never,None,No,Breast,CHEK2,Missense,11.0,No,0.0,0.281,,0.11,0.094,-2.58,2.72,0.01041946,0.214,235.0,0.22,39.9,12.3,0.67,76.5,23.3,Benign
VAR03385,53.0,Male,White,30.9,Never,None,No,Prostate,TP53,Missense,10.0,No,,1.0,0.593,0.181,0.024,-0.85,9.45,0.4079981,0.02,195.0,5.92,0.7,,,897.6,0.0,Benign
VAR03386,49.0,Male,Asian,34.8,Never,Moderate,No,Pancreatic,,Missense,11.0,Yes,13.93,0.594,0.38,0.915,0.393,5.84,,1.35e-06,0.02,,33.0,2.4,25.7,15.87,20.1,,Benign
VAR03387,42.0,Male,Asian,31.1,Never,None,No,Breast,ATM,Synonymous,7.0,No,11.46,0.762,1.0,0.906,0.411,-9.53,-9.71,0.0056847,0.02,119.0,8.08,0.0,30.5,0.21,1.0,33.9,Benign
VAR03388,44.0,Male,White,28.0,Never,Moderate,,Breast,,Frameshift,16.0,Yes,21.64,0.189,0.0,0.774,0.663,6.2,10.0,3.36e-06,0.02,203.0,,,0.0,0.1,12.1,100.0,Benign
VAR03389,56.0,Male,Hispanic,29.7,Never,None,No,Breast,,Missense,12.0,No,25.79,0.093,0.758,0.832,0.0,,-7.06,0.01879411,0.02,382.0,12.0,37.8,22.1,200.0,69.1,0.0,Benign
VAR03390,46.0,Male,White,23.8,Never,None,,Prostate,MLH1,Synonymous,,No,,0.09,0.252,0.285,0.0,2.39,2.17,0.00053994,0.094,400.0,11.56,,29.7,64.08,8.2,0.0,Benign
VAR03391,,,White,25.6,Current,None,No,Breast,MSH2,Missense,5.0,No,0.0,,0.716,0.0,0.0,6.2,-3.91,6.8e-07,0.221,225.0,15.37,,22.1,0.59,336.0,20.9,Benign
VAR03392,43.0,Female,White,20.8,Former,Heavy,No,Lung,MLH1,Missense,14.0,Yes,,0.597,0.681,,0.108,-1.67,,0.00026715,0.545,99.0,0.2,69.6,19.7,1.19,2.3,51.6,Benign
VAR03393,34.0,Female,Asian,34.9,Never,,No,,PTEN,Missense,1.0,Yes,0.0,0.105,0.63,1.0,0.139,-11.79,-3.42,0.0001093,,275.0,0.0,0.0,19.6,2.18,,0.0,Benign
VAR03394,67.0,Female,White,,Never,None,,Colorectal,ATM,Synonymous,11.0,No,23.12,0.0,,0.579,0.389,-4.47,-5.79,0.00171315,0.612,,28.4,100.0,6.3,,1.0,0.0,Benign
VAR03395,50.0,,White,22.9,Former,,No,Breast,TP53,Synonymous,2.0,No,29.71,0.0,0.811,0.0,0.0,0.56,2.78,0.5,0.222,412.0,0.0,,37.5,0.69,41.4,21.5,Benign
VAR03396,45.0,Male,Hispanic,28.9,Never,Moderate,No,Prostate,BRCA2,Missense,10.0,,11.31,0.468,0.889,0.692,0.084,6.2,,5.7e-07,0.625,347.0,10.1,83.2,16.7,1.82,2.5,0.0,Benign
VAR03397,42.0,Female,White,,Former,Moderate,No,,TP53,Missense,18.0,Yes,0.0,0.034,0.0,0.575,0.0,-1.27,5.98,,0.02,209.0,31.46,0.0,0.0,0.12,1.0,73.2,Benign
VAR03398,58.0,,White,32.5,,None,,Breast,MSH2,Splice_site,18.0,No,34.8,0.636,0.097,,0.362,6.2,2.27,0.15820479,0.747,400.0,16.8,95.8,11.0,200.0,31.0,,VUS
VAR03399,74.0,Male,White,22.9,,None,No,Breast,APC,Missense,1.0,No,29.92,0.459,0.345,0.0,0.563,-10.08,-8.74,0.5,0.333,363.0,14.48,45.8,8.2,0.1,1.0,0.0,Benign
VAR03400,51.0,Female,Hispanic,16.0,Never,Moderate,Yes,Colorectal,,Missense,20.0,Yes,13.39,0.695,0.645,0.0,0.578,,5.06,0.5,0.754,401.0,,5.7,16.2,0.1,120.0,0.0,Benign
VAR03401,53.0,,Black,29.5,Never,Moderate,No,,BRCA1,Synonymous,9.0,,0.0,0.0,,0.0,0.467,5.22,9.92,0.00744671,0.02,222.0,,0.0,10.3,15.72,7.5,17.8,Benign
VAR03402,70.0,Female,Hispanic,23.1,Former,Moderate,No,Prostate,MSH2,Synonymous,13.0,No,12.82,0.449,1.0,0.0,0.079,,-2.84,0.00377494,0.733,376.0,,18.4,20.0,1.02,22.8,0.0,Benign
VAR03403,32.0,,White,30.6,Never,Moderate,No,Ovarian,,Missense,19.0,No,0.0,,0.517,0.107,0.0,-8.39,3.86,1e-07,,416.0,0.0,,25.6,5.74,15.9,16.0,Benign
VAR03404,82.0,Female,White,32.3,Former,Moderate,Yes,Pancreatic,BRCA1,Missense,,No,0.0,0.83,1.0,0.862,0.546,-3.32,,0.00073679,0.82,171.0,24.44,21.2,7.8,2.35,72.4,100.0,Benign
VAR03405,88.0,,Hispanic,33.1,Never,Moderate,No,Breast,BRCA2,Synonymous,,No,,0.0,,0.633,0.758,-0.13,10.0,0.5,,252.0,5.17,21.7,22.9,1.06,,0.0,Benign
VAR03406,21.0,Female,White,36.2,Former,Moderate,No,Prostate,PALB2,Missense,5.0,Yes,,0.314,0.412,0.303,0.712,-2.52,-2.51,,0.524,153.0,0.0,0.0,34.0,1.92,282.5,41.1,Benign
VAR03407,55.0,,White,33.7,Former,Moderate,No,Prostate,,Nonsense,,No,0.0,,0.249,0.0,0.245,5.82,0.51,1.963e-05,0.314,231.0,0.0,0.0,15.6,5.5,2000.0,,Benign
VAR03408,47.0,Female,White,36.2,Never,None,No,Lung,BRCA2,Splice_site,1.0,No,11.93,0.189,,0.355,0.057,,,0.00466057,,,9.63,25.5,33.9,25.7,1.2,58.0,Benign
VAR03409,49.0,Female,,34.4,Current,Heavy,,Pancreatic,CHEK2,Frameshift,1.0,Yes,36.22,0.667,0.0,0.036,,-1.77,,,0.584,161.0,5.2,0.0,45.8,0.97,,,Pathogenic
VAR03410,,Male,White,34.8,Former,None,,Ovarian,ATM,Missense,14.0,No,4.62,,0.0,0.658,0.357,2.6,-2.57,0.5,,,7.08,57.9,5.0,6.33,4.7,16.1,Benign
